id,kon1,kon2,kon3,kon4,kon5,kon6,kon7,kon8,kon9,kon10,kon11,kon12,kon13,kon14,kon15,kon16,kon17,nas1,nas2,nas3,nas4,nas5,nas6,nas7,nas8,nas9,nas10,nas11,nas12,nas13,nas14,nas15,nas16,nas17,rwa1,rwa2,rwa3,rwa4,rwa5,rwa6,rwa7,rwa8,rwa9,rwa10,rwa11,rwa12,rwa13,rwa14,rwa15,sdo1,sdo2,sdo3,sdo4,sdo5,sdo6,sdo7,sdo8,sdo9,sdo10,sdo11,sdo12,sdo13,sdo14,sdo15,sdo16,rz1,rz2,rz3,rz4,rz5,rz6,rz7,rz8,rz9,rz10,rz11,rz12,rz13,rz14,rz15,rz16,tjokowi,tprabowo,preferensi,gender
152,4,3,5,4,7,7,7,3,4,4,5,7,7,7,5,7,7,4,4,4,4,3,3,1,5,5,5,4,1,1,3,1,5,5,7,7,9,3,9,6,9,5,7,9,9,7,9,7,7,5,1,1,1,3,2,4,4,6,6,2,3,3,4,4,4,5,5,5,5,5,5,5,5,5,5,5,5,5,5,5,5,76,58,8,Perempuan
153,4,7,7,4,7,7,7,4,7,1,7,1,7,4,2,5,6,4,7,4,4,5,5,3,6,3,5,1,1,4,6,3,5,7,9,4,9,1,9,2,9,2,8,2,9,5,9,3,9,7,1,3,3,3,7,6,4,3,4,4,4,1,4,1,1,5,5,5,3,5,3,5,5,4,5,5,4,1,5,5,5,77,55,1,Perempuan
160,5,5,3,2,7,7,3,7,7,1,1,1,1,1,4,5,7,5,5,7,1,3,3,4,5,1,5,7,4,3,4,1,4,6,8,1,7,2,8,2,8,3,8,1,8,1,9,1,9,7,2,3,3,4,4,1,1,1,2,3,3,3,3,2,2,5,5,5,5,5,1,5,5,5,2,5,3,5,5,5,5,1,81,1,Laki-Laki
162,4,5,4,7,4,7,6,6,7,4,6,4,6,6,6,7,7,4,3,4,2,4,2,2,3,1,4,1,2,2,2,4,2,2,9,9,9,1,9,8,9,2,9,9,9,5,9,8,7,5,4,5,2,4,4,4,4,4,6,2,2,2,4,2,2,5,5,5,5,5,3,4,5,5,2,3,3,5,5,5,4,83,45,11,Perempuan
163,4,2,3,2,4,6,3,5,7,2,2,3,4,4,4,5,4,5,4,4,4,4,3,4,3,2,4,5,4,4,3,4,3,6,9,5,8,1,8,5,9,5,9,3,9,5,9,8,9,5,2,1,1,2,2,4,4,3,3,3,3,2,2,2,2,4,4,5,5,3,3,3,5,5,4,5,4,5,4,4,4,3,84,1,Perempuan
164,1,1,1,1,1,6,1,1,2,4,6,1,1,4,1,5,1,6,4,4,5,6,4,4,5,4,3,3,2,4,2,3,5,5,8,2,8,1,7,2,5,3,8,7,9,7,9,7,7,7,3,3,4,2,2,2,4,4,5,5,4,2,3,2,3,4,4,5,5,3,3,3,5,4,3,3,4,3,4,5,3,22,101,1,Perempuan
166,2,1,2,1,4,7,4,5,4,4,6,1,7,4,1,5,4,7,7,6,7,4,1,6,4,4,4,4,4,1,4,4,4,7,8,5,9,1,9,1,9,1,6,5,9,8,9,9,9,7,4,2,4,1,1,1,1,4,4,1,1,1,1,1,1,4,5,5,5,5,1,5,5,3,3,3,3,5,5,5,3,19,101,5,Perempuan
169,3,3,4,2,3,5,3,2,3,2,4,3,3,3,3,6,4,4,3,3,4,5,3,5,3,3,4,3,3,3,3,3,2,3,6,7,6,2,6,4,4,4,7,4,6,5,7,7,6,4,2,2,3,4,3,2,3,4,5,2,3,3,3,3,2,5,4,5,3,4,3,5,5,4,3,3,3,4,5,5,3,58,71,3,Perempuan
174,3,3,3,4,6,6,2,5,1,2,6,2,3,4,2,2,2,6,2,3,4,2,3,5,2,6,2,2,3,2,2,2,5,3,8,2,9,1,6,3,7,2,6,4,7,6,8,4,7,6,4,3,2,2,2,5,3,3,6,5,5,3,5,3,3,5,5,5,4,4,3,5,5,4,4,4,2,4,5,4,4,29,71,2,Laki-Laki
177,4,3,2,2,2,3,2,2,2,1,3,1,2,1,1,1,1,4,3,4,6,5,6,6,6,5,5,5,6,5,4,6,5,7,7,2,6,1,6,2,5,2,9,4,9,2,6,3,8,6,2,2,4,3,6,1,1,4,5,2,2,1,1,2,2,4,3,3,3,3,2,3,1,2,3,2,2,4,2,3,3,81,56,2,Laki-Laki
178,2,2,2,2,6,2,4,2,1,1,3,2,4,1,2,2,1,5,3,5,6,3,6,5,6,7,7,5,5,4,6,6,7,6,8,1,8,1,5,3,8,1,8,1,5,1,5,2,7,1,2,2,2,6,2,3,1,1,6,1,1,1,1,1,1,5,5,4,4,1,1,4,2,3,3,1,1,5,3,3,3,9,101,2,Perempuan
179,1,7,1,7,1,7,1,7,7,1,7,1,7,1,7,1,7,1,1,1,1,7,7,7,7,7,5,7,5,1,7,4,1,1,9,1,9,1,9,1,9,1,9,9,9,9,9,1,9,7,1,1,1,1,1,1,1,1,7,1,1,1,1,1,1,5,5,5,5,5,5,5,5,5,5,5,5,5,5,5,5,32,50,9,Laki-Laki
180,3,2,3,3,4,6,5,3,5,3,5,4,5,5,4,6,5,6,4,5,5,5,6,3,6,3,3,4,3,2,3,4,2,5,8,2,8,2,8,7,6,3,8,5,7,4,7,3,8,6,3,2,2,2,2,2,3,2,5,4,4,2,4,3,3,5,5,5,5,5,2,5,3,4,5,5,4,5,5,5,5,12,41,4,Perempuan
181,2,1,1,1,1,4,3,2,1,1,2,2,2,2,2,6,2,6,7,6,7,7,6,6,7,7,6,2,4,6,6,6,2,7,8,1,9,1,8,1,8,1,9,1,9,8,9,1,9,7,2,2,6,6,1,1,1,1,2,1,2,2,1,1,1,5,5,5,2,2,1,5,2,5,4,3,2,5,5,5,4,1,75,1,Laki-Laki
185,3,5,2,4,6,6,3,2,2,1,1,1,5,3,2,2,4,5,1,5,4,3,2,5,7,6,5,6,6,3,4,3,5,5,7,3,5,2,5,4,7,3,8,4,6,4,7,6,6,6,3,3,5,5,1,1,2,3,3,1,1,2,2,1,1,3,3,3,4,3,2,2,2,3,2,3,2,3,2,3,3,20,72,2,Perempuan
187,7,7,7,7,7,7,7,7,7,7,7,7,7,7,7,7,7,1,1,1,1,1,1,1,1,1,1,1,1,1,1,1,1,1,9,5,9,1,9,5,9,5,9,5,9,5,9,5,9,4,4,4,3,4,4,4,4,4,4,4,4,4,4,4,4,5,5,5,5,3,1,3,3,3,3,3,3,3,3,3,3,1,52,6,Laki-Laki
188,2,2,6,3,7,7,3,2,2,3,1,1,2,1,1,7,1,5,5,3,3,5,6,5,3,1,2,6,1,2,1,1,6,6,7,5,7,3,5,5,7,3,5,4,7,5,7,5,6,5,2,2,2,4,2,4,2,4,5,6,6,3,2,2,2,4,4,4,4,3,1,4,4,3,2,2,3,3,3,3,3,78,1,6,Perempuan
191,3,2,1,4,5,6,4,2,4,1,2,1,5,3,1,5,2,5,5,5,6,5,4,5,6,4,4,6,5,3,6,2,6,5,5,4,7,2,7,4,5,4,6,5,6,7,4,3,7,3,4,2,4,4,3,2,3,3,3,4,3,3,4,3,3,4,3,4,5,3,2,3,4,3,2,3,2,4,4,4,4,21,51,3,Perempuan
194,3,4,5,3,6,4,3,3,2,1,2,1,2,1,1,1,1,6,4,4,6,4,5,6,6,2,6,5,5,2,6,6,6,7,9,1,6,1,7,5,8,1,8,2,9,2,7,3,7,6,4,3,4,1,4,1,1,2,2,2,1,1,1,1,1,4,4,4,4,4,3,4,3,3,3,4,3,4,3,3,2,51,54,2,Laki-Laki
195,2,1,3,1,2,7,1,7,1,1,2,1,2,1,1,4,1,5,7,6,7,7,3,6,7,7,7,7,6,6,7,7,3,7,9,1,7,1,8,1,9,3,8,1,9,3,9,1,8,4,1,2,5,2,1,3,1,2,6,1,2,1,1,1,1,5,4,5,4,3,1,3,1,3,1,1,1,1,3,3,3,7,95,1,Laki-Laki
197,5,6,2,6,3,7,3,7,7,6,7,3,7,7,7,7,7,6,2,3,3,6,1,3,7,2,2,1,4,1,7,2,2,3,9,8,9,1,8,7,9,3,8,9,9,7,9,8,9,6,2,2,5,3,2,2,1,5,7,7,4,1,4,2,3,4,4,4,5,5,4,4,2,4,2,3,3,4,5,5,5,93,47,11,Laki-Laki
198,2,3,3,2,5,5,3,1,4,1,2,1,3,4,2,6,5,5,4,5,7,4,2,5,6,5,7,7,6,4,7,6,5,7,3,2,2,1,1,2,8,1,9,2,9,9,2,7,9,5,3,3,1,4,1,3,2,5,5,5,2,1,2,1,2,3,4,3,4,3,2,4,2,4,4,3,3,4,3,5,3,8,71,2,Perempuan
204,1,1,2,2,2,5,4,1,2,3,7,4,4,4,6,6,5,4,4,6,6,6,2,2,5,2,4,4,2,5,4,4,2,5,8,7,8,4,9,4,9,1,9,6,9,9,9,4,9,6,4,3,4,1,1,1,1,5,6,6,5,1,4,1,3,5,5,5,5,5,2,5,5,2,5,2,2,5,5,5,3,13,97,2,Perempuan
205,1,1,1,1,7,4,1,1,4,1,1,1,3,1,3,4,3,4,3,7,7,3,6,7,7,2,6,7,6,4,6,7,6,6,7,3,5,1,3,3,9,2,9,5,9,1,8,2,9,7,1,1,5,7,1,1,1,3,7,1,1,1,1,1,1,4,4,4,4,3,1,3,2,3,4,4,2,4,3,3,3,36,79,6,Perempuan
206,5,5,4,4,4,7,6,4,3,6,7,7,6,6,5,5,5,5,4,5,4,4,3,3,3,3,3,2,4,4,2,1,3,3,7,8,9,6,9,6,9,3,7,9,7,9,9,4,5,7,1,2,3,3,3,2,2,6,7,6,5,5,5,6,1,5,5,5,5,5,3,5,5,5,3,4,5,1,5,5,5,77,12,11,Laki-Laki
211,3,3,1,1,5,7,3,1,7,1,1,1,4,1,1,5,7,1,1,4,6,7,7,4,7,1,2,7,4,1,2,7,7,7,9,1,9,1,5,1,3,1,1,9,9,3,9,1,2,7,1,7,7,1,1,1,1,1,7,1,1,1,1,1,1,5,5,5,3,2,1,5,5,1,1,5,2,5,5,5,5,1,73,5,Perempuan
213,4,3,4,3,6,6,5,5,6,2,6,2,4,2,5,5,6,4,2,6,5,6,4,6,6,4,5,5,5,6,6,6,6,5,8,2,9,3,8,3,6,2,8,6,8,4,9,2,9,4,1,4,3,4,2,3,3,3,4,4,4,2,3,3,3,5,5,5,4,3,3,3,3,2,2,2,2,4,4,4,3,76,9,2,Laki-Laki
217,1,1,1,1,4,5,1,1,1,1,1,1,1,1,1,3,1,7,7,7,7,7,5,7,7,7,7,7,7,7,7,5,7,7,9,1,9,1,9,5,9,4,9,6,9,7,9,1,9,7,1,1,1,1,1,1,1,1,7,2,1,1,1,1,1,5,5,5,5,1,1,5,5,3,3,1,1,2,5,5,3,20,83,1,Perempuan
219,5,6,5,4,4,7,2,4,4,2,5,4,4,3,4,4,5,4,2,5,4,4,4,6,4,5,5,5,5,4,4,6,7,4,9,3,7,3,7,3,7,1,9,4,7,3,6,4,6,7,5,6,5,3,3,5,2,6,5,5,5,4,3,3,5,4,2,4,3,5,5,5,5,4,4,4,4,4,4,5,3,75,83,8,Perempuan
221,6,2,4,4,4,5,3,4,2,3,2,3,2,2,2,3,2,6,6,3,6,6,3,6,3,5,3,6,4,5,5,4,5,6,6,5,4,1,2,3,2,2,6,3,8,3,9,4,6,5,1,2,4,3,2,1,6,2,5,4,3,3,3,1,2,5,4,5,5,3,1,2,5,4,2,2,3,5,5,4,2,25,88,2,Perempuan
222,3,4,5,6,6,7,6,6,6,3,6,3,3,5,3,5,5,5,3,3,3,2,4,2,2,2,3,2,2,3,3,3,5,3,8,1,8,1,7,3,3,3,6,7,7,3,8,3,7,6,5,5,5,3,3,2,3,3,3,2,3,3,2,2,1,4,4,4,4,4,1,4,4,3,1,1,2,2,2,4,4,81,76,7,Perempuan
224,5,1,1,1,4,4,6,3,4,1,6,1,4,1,2,2,3,5,5,7,7,5,5,7,6,6,7,7,7,3,7,6,7,7,4,1,1,1,1,4,2,1,3,2,6,1,9,2,6,5,2,1,2,3,1,2,1,2,5,2,2,1,2,1,1,1,1,1,1,1,1,1,1,1,1,1,1,1,1,1,1,31,54,2,Laki-Laki
228,5,6,4,6,6,5,4,2,7,2,6,2,6,4,3,6,4,2,2,4,2,2,2,2,6,2,6,2,5,2,5,4,2,6,9,2,9,1,9,7,9,2,8,4,9,7,9,3,9,3,4,2,3,3,4,5,3,4,4,2,2,1,4,2,3,5,5,5,3,5,3,5,4,4,2,2,4,3,5,5,4,21,31,6,Perempuan
230,7,1,1,1,1,1,1,7,1,1,1,1,1,1,1,7,1,5,4,7,4,7,7,5,1,7,1,4,7,7,7,1,1,5,1,1,9,1,1,1,1,1,5,9,1,1,9,1,9,7,1,1,1,1,7,1,1,4,1,1,1,1,1,1,1,5,5,1,5,1,1,1,3,5,1,1,1,5,5,1,1,31,31,6,Laki-Laki
231,5,2,1,1,4,2,1,1,7,1,1,1,4,4,4,7,1,4,4,7,6,6,7,7,6,2,6,7,6,3,5,7,7,7,8,2,5,2,5,1,1,1,9,3,5,1,7,2,7,7,4,4,7,1,1,2,1,7,7,7,7,1,4,2,4,4,3,3,3,1,2,1,1,1,1,1,1,1,1,5,1,21,92,1,Laki-Laki
232,2,2,2,2,1,6,2,6,1,1,1,1,1,1,1,5,3,6,4,6,6,6,6,6,2,6,6,2,6,2,6,2,3,7,9,1,9,1,9,1,9,1,9,7,9,1,9,1,9,7,3,5,6,1,1,1,1,1,1,1,1,1,1,1,1,5,5,5,5,5,1,5,5,5,5,5,2,5,5,5,5,11,61,1,Laki-Laki
233,1,4,6,4,5,6,6,1,2,2,6,2,4,1,1,3,1,6,4,2,6,3,3,7,3,2,2,2,1,3,2,2,3,5,9,2,9,1,9,1,8,1,9,1,9,4,9,1,9,7,1,1,3,7,7,7,7,1,4,1,1,1,1,1,1,5,5,5,5,5,5,5,5,5,2,3,5,5,5,5,5,1,51,1,Laki-Laki
236,5,3,4,3,4,6,3,5,6,3,2,3,4,2,2,4,6,5,3,4,3,5,4,4,5,3,4,4,4,3,4,6,4,4,6,3,7,3,5,6,7,4,7,4,5,6,7,6,8,5,2,3,3,2,4,3,4,3,4,5,3,3,3,3,4,4,4,3,3,4,2,3,3,3,2,2,2,3,2,3,2,31,36,4,Laki-Laki
237,1,1,4,1,1,7,4,1,4,4,7,1,7,7,7,7,1,4,7,4,4,7,7,7,7,4,1,1,4,1,7,1,1,7,9,1,9,1,9,1,9,1,9,9,9,1,9,5,9,7,1,1,7,1,1,1,7,7,7,1,1,1,1,1,1,5,5,5,5,5,1,5,5,1,1,5,5,5,5,5,1,1,51,1,Laki-Laki
238,6,4,2,4,6,6,4,1,1,6,6,2,5,3,2,5,1,6,5,5,7,3,6,5,7,7,5,3,6,1,3,4,4,7,5,3,8,2,5,5,5,1,9,3,9,1,8,3,9,7,4,4,4,1,4,3,1,4,4,1,6,1,1,1,1,4,4,5,4,2,1,5,5,4,3,3,3,5,4,4,3,8,57,1,Laki-Laki
239,2,2,2,1,1,4,7,2,7,1,2,3,4,3,4,5,1,6,7,4,7,7,5,7,4,2,5,7,4,4,6,5,4,6,7,2,9,1,9,2,9,9,9,2,9,4,9,2,9,5,7,7,7,1,2,2,1,6,6,3,7,2,3,1,1,5,4,5,4,4,3,4,5,5,5,5,5,5,5,5,5,1,101,1,Laki-Laki
242,6,4,4,5,6,6,7,6,6,4,4,4,6,3,5,6,6,3,2,3,3,3,3,2,3,2,2,3,2,2,2,2,3,2,9,3,8,2,9,6,8,3,8,6,8,7,9,5,6,6,3,4,4,3,2,4,3,3,5,6,4,2,2,3,3,5,5,5,5,5,2,5,5,5,2,2,5,1,5,5,5,50,75,6,Perempuan
244,5,7,3,7,5,7,5,7,7,7,7,7,4,7,3,6,7,5,5,5,3,3,1,7,1,1,1,1,4,1,1,3,6,7,9,7,9,3,9,7,9,1,9,9,9,9,9,6,9,7,1,1,1,1,1,1,1,5,7,7,6,1,3,1,1,5,5,5,5,5,5,5,5,5,5,5,5,4,5,5,5,101,63,11,Laki-Laki
245,4,4,1,1,7,7,7,7,7,1,7,4,7,7,7,7,5,7,4,4,4,4,1,1,7,1,1,1,4,1,4,7,1,4,9,1,9,1,9,5,9,5,9,5,9,5,9,9,9,7,1,1,1,7,1,7,1,1,7,4,4,1,1,1,1,5,5,5,5,5,1,5,3,5,5,3,3,3,5,4,5,55,54,6,Laki-Laki
246,4,3,4,3,4,7,4,3,5,2,4,4,4,4,2,4,4,5,4,4,4,4,5,5,5,4,4,4,3,4,4,7,7,4,9,5,9,1,9,3,9,1,8,1,9,5,8,2,9,7,4,4,4,4,4,6,1,5,6,4,4,2,2,2,2,4,4,4,4,4,3,4,5,4,5,5,3,5,5,5,3,37,101,3,Perempuan
248,3,3,1,4,3,6,3,2,2,2,6,3,7,5,5,6,3,5,3,6,4,5,5,5,5,5,5,7,3,5,6,3,6,5,8,7,9,2,8,2,8,4,6,3,8,9,9,3,8,6,2,3,3,2,2,3,3,2,6,3,2,2,2,2,1,5,5,5,5,5,2,5,5,5,2,4,4,4,1,5,4,26,84,1,Perempuan
249,6,5,3,6,4,7,4,7,6,7,7,2,7,7,4,6,4,6,5,3,6,4,7,4,7,6,7,7,2,7,7,4,6,4,9,1,9,5,5,8,9,2,9,8,7,8,8,7,7,6,4,4,2,4,2,2,2,3,6,3,2,2,2,2,4,4,4,5,4,5,4,4,5,5,4,3,5,1,5,5,5,88,48,11,Laki-Laki
251,4,1,7,7,4,7,7,7,7,7,7,7,7,7,1,1,7,4,4,1,1,4,1,1,1,1,7,1,4,1,1,1,7,1,9,9,9,1,5,5,9,1,9,9,9,5,9,9,9,7,1,1,1,7,7,7,7,1,1,7,7,1,7,1,7,5,5,5,5,5,5,5,5,5,5,5,5,5,3,5,5,101,51,11,Laki-Laki
252,7,3,2,1,4,7,1,7,4,1,1,1,7,7,4,5,7,7,6,7,7,7,7,7,5,1,3,7,4,1,5,7,6,7,9,3,9,1,9,3,9,3,8,9,9,1,9,3,9,7,4,5,6,1,7,1,1,1,1,6,5,1,1,1,1,5,5,5,5,5,4,5,5,5,5,5,5,5,5,5,4,1,101,1,Laki-Laki
254,2,2,2,5,7,7,2,2,6,2,2,5,6,2,2,2,6,2,2,5,4,2,2,4,7,2,2,7,3,2,6,3,6,6,9,2,9,1,8,2,7,2,8,5,8,3,8,5,9,7,4,4,4,2,2,6,3,3,6,2,6,2,2,2,2,4,4,4,4,4,2,4,5,5,3,5,4,4,4,4,4,24,101,1,Perempuan
256,3,5,4,6,7,7,6,4,7,4,7,5,7,7,7,7,7,3,2,3,4,4,4,3,3,1,1,1,2,1,1,2,2,4,9,3,9,2,8,2,8,1,7,9,9,8,9,9,9,5,1,3,5,1,4,2,1,5,7,7,3,1,1,1,1,5,5,5,5,5,1,5,5,5,1,3,5,5,5,5,5,67,20,11,Laki-Laki
257,6,3,6,7,4,7,2,2,7,1,7,7,7,7,6,6,7,6,1,1,2,5,1,3,4,1,2,1,2,2,2,2,2,2,9,3,7,2,8,8,8,2,6,9,8,8,8,5,9,6,4,7,6,2,3,3,6,2,5,7,6,4,4,2,2,5,5,5,5,3,4,5,5,5,2,2,4,5,4,5,5,101,8,11,Laki-Laki
259,7,7,7,4,6,7,7,7,7,4,7,7,7,7,7,7,7,2,3,1,7,5,5,4,4,1,2,1,4,1,1,4,1,1,9,6,9,1,9,4,1,3,9,9,9,6,9,2,9,7,5,6,7,1,1,5,1,3,6,1,2,1,5,3,1,5,5,5,5,5,1,5,5,5,1,1,1,5,5,5,5,72,60,11,Laki-Laki
260,5,6,6,6,7,7,7,7,7,2,7,5,7,7,7,7,7,3,1,1,2,2,3,1,1,1,2,1,1,1,1,1,1,1,9,8,9,8,9,7,8,1,6,9,9,8,9,9,8,7,1,2,6,1,2,1,1,2,6,1,2,1,2,3,2,5,5,5,5,5,5,5,5,5,2,5,5,5,5,5,5,97,15,11,Laki-Laki
261,3,2,3,6,3,7,5,6,5,3,7,5,6,6,7,7,7,5,3,5,1,5,2,2,2,3,4,1,3,1,4,2,1,2,7,3,9,4,7,4,6,2,8,6,7,4,8,5,7,6,2,3,2,1,3,3,3,3,5,4,4,2,3,3,3,5,4,5,5,4,1,5,5,4,2,4,5,5,4,5,4,65,40,11,Laki-Laki
263,6,6,1,1,7,2,2,1,4,2,4,1,2,2,2,2,2,4,4,6,6,1,6,6,7,4,6,6,6,6,4,4,6,7,8,5,5,1,5,2,1,2,5,5,9,2,5,5,8,4,2,1,1,1,1,2,7,2,4,1,1,1,1,1,2,5,5,5,5,5,1,5,5,5,3,5,5,5,3,5,5,52,82,2,Laki-Laki
264,1,1,1,1,7,5,4,7,7,1,7,1,7,1,1,6,1,7,3,7,7,4,5,5,7,1,6,1,1,3,7,5,5,7,9,5,9,1,9,1,7,6,9,1,9,2,9,1,9,7,7,4,3,4,1,1,1,5,7,7,6,1,1,1,3,3,3,5,5,2,1,3,5,4,2,5,3,5,5,5,1,1,87,1,Perempuan
266,1,1,1,1,4,5,4,4,5,1,7,4,7,1,1,1,1,1,1,1,1,4,5,4,4,5,3,1,4,1,2,1,7,1,9,1,9,1,9,1,9,1,9,9,9,9,9,1,9,7,1,7,7,1,1,1,1,1,1,1,1,1,1,1,1,5,5,5,5,5,5,5,5,5,5,5,5,5,5,5,5,1,51,3,Laki-Laki
268,3,1,5,1,5,5,3,4,1,4,5,5,1,5,1,5,1,4,3,5,6,4,5,4,4,7,6,5,4,4,6,7,4,6,9,5,8,3,6,2,9,3,9,3,8,5,9,4,7,7,3,2,7,1,1,1,3,5,5,5,4,1,1,1,1,5,4,4,5,2,1,3,2,3,4,3,2,5,2,3,5,96,71,4,Laki-Laki
271,6,3,3,3,4,6,2,1,4,6,6,4,7,5,2,6,4,6,2,4,4,5,2,6,5,2,4,2,5,6,2,5,3,5,9,2,5,1,9,1,9,1,7,7,8,8,8,3,8,6,4,6,2,2,2,4,2,7,7,7,7,2,2,1,2,3,4,4,3,4,2,4,3,4,2,2,2,3,4,4,4,58,61,6,Laki-Laki
272,2,1,1,4,3,5,4,5,6,1,1,1,1,1,2,4,4,5,6,6,4,4,3,4,1,2,4,7,3,6,4,5,4,6,2,4,2,1,4,3,2,1,4,1,5,2,8,3,6,1,1,1,2,6,4,3,2,3,3,2,2,2,3,1,1,2,3,2,3,2,1,1,1,1,1,1,2,4,2,3,3,98,79,6,Laki-Laki
273,2,2,4,4,1,6,3,6,2,1,7,1,4,2,4,2,3,5,5,4,4,6,5,5,2,6,7,1,5,4,6,2,6,3,9,2,8,1,5,1,3,1,7,1,7,2,3,2,9,4,1,1,1,2,3,1,1,1,1,1,2,1,1,1,1,4,4,4,3,2,2,2,3,3,2,2,1,4,4,4,3,26,26,5,Laki-Laki
274,4,4,4,4,4,5,4,4,4,4,4,4,4,4,4,4,4,4,4,4,4,4,4,4,4,4,4,4,4,4,4,4,4,4,5,5,5,5,5,5,5,5,5,5,5,5,5,5,5,4,4,4,4,4,4,4,4,4,4,4,4,4,4,4,4,5,3,3,3,3,3,3,3,3,3,3,3,3,3,3,3,62,101,6,Perempuan
277,1,1,5,2,2,7,2,1,1,1,7,7,1,7,1,6,1,7,2,2,6,7,2,6,7,7,6,1,1,5,1,1,4,7,9,6,9,1,9,2,9,2,9,1,9,9,9,3,9,7,5,5,7,1,1,1,1,1,6,2,2,1,1,1,1,5,5,5,5,5,3,5,5,5,5,5,5,5,5,5,5,1,99,1,Perempuan
278,6,2,2,2,5,6,2,2,2,2,2,1,2,1,1,5,1,3,6,6,7,3,3,6,7,5,5,6,6,3,7,7,2,6,8,7,8,2,3,2,2,1,8,3,7,1,9,2,8,2,5,6,3,5,3,2,2,4,5,2,3,1,1,1,1,5,5,5,5,4,1,2,5,2,3,1,1,5,5,5,4,29,92,1,Perempuan
280,2,2,3,3,3,7,4,3,2,2,5,4,4,5,5,7,3,3,6,5,6,6,4,4,4,5,4,3,4,4,4,3,2,5,8,3,7,2,4,3,4,4,8,4,7,6,7,6,7,5,2,3,3,3,1,2,2,3,3,3,3,2,2,3,2,5,5,5,5,4,3,5,5,5,2,3,2,4,5,5,5,52,81,5,Laki-Laki
281,4,4,3,4,7,1,1,5,5,2,1,1,1,1,4,6,2,4,4,5,4,3,5,5,2,3,5,6,3,5,6,7,2,5,5,4,3,1,1,3,2,1,3,6,5,1,6,1,6,7,1,1,4,4,2,1,2,2,6,1,1,1,1,1,1,3,3,1,2,3,1,1,1,1,1,1,1,1,1,1,1,38,41,7,Laki-Laki
283,6,2,1,1,1,2,3,5,1,1,1,1,2,2,2,2,2,6,3,3,7,4,6,6,3,6,5,5,5,4,7,6,5,3,2,1,7,1,1,2,1,2,6,5,5,9,9,2,1,1,1,1,3,1,1,3,7,3,4,1,1,1,1,1,1,5,5,3,3,1,2,2,3,3,3,2,1,4,3,4,3,1,91,1,Perempuan
287,3,4,3,4,7,7,7,7,7,7,7,7,7,7,7,7,7,4,2,2,4,2,2,1,1,1,1,1,1,1,1,1,1,1,9,1,9,1,9,8,9,1,9,9,9,1,9,3,9,4,7,7,6,1,7,3,1,1,4,7,7,5,5,1,4,5,5,5,5,5,5,5,5,5,5,3,5,5,5,5,5,101,50,11,Perempuan
294,2,2,3,3,2,5,2,5,2,2,5,1,4,4,1,2,2,5,2,3,3,5,5,4,3,3,3,3,3,4,3,4,3,5,7,6,7,3,7,4,6,3,5,6,4,6,7,1,6,5,4,3,3,2,5,3,5,2,3,2,3,2,3,4,3,5,5,5,5,4,1,4,3,2,3,3,3,4,5,5,4,15,61,1,Laki-Laki
298,4,4,3,4,4,6,5,1,4,3,4,2,5,4,3,6,3,4,3,5,4,6,2,3,6,5,5,5,4,3,3,5,2,6,7,3,7,1,5,3,3,2,5,9,8,2,5,3,2,6,4,4,4,3,3,3,2,5,5,2,2,3,3,1,2,4,4,4,4,2,1,3,4,3,2,2,3,4,3,4,3,31,21,6,Perempuan
300,6,4,5,5,7,7,6,2,4,3,6,1,6,2,5,7,6,6,4,3,4,3,4,6,7,2,3,4,3,2,3,3,1,3,7,3,9,3,9,3,9,3,7,3,9,5,9,1,9,6,2,2,2,2,2,2,2,3,4,4,4,2,2,2,2,5,5,5,5,3,3,5,5,4,3,3,3,4,3,4,4,51,51,8,Perempuan
301,3,2,6,3,7,6,5,1,1,1,7,1,4,1,1,1,1,5,2,7,7,5,4,5,7,7,4,1,5,7,5,7,7,2,6,9,9,1,9,9,9,5,9,5,9,5,9,9,6,7,1,1,1,1,1,1,1,7,7,7,4,4,4,4,7,5,5,5,5,5,1,5,5,1,1,1,5,5,5,5,3,1,101,1,Perempuan
303,4,5,4,6,4,5,4,5,6,3,6,3,6,4,4,5,4,4,2,3,3,5,3,4,3,2,6,3,3,2,5,2,4,5,9,1,9,2,9,2,9,3,9,8,8,6,9,1,9,6,3,5,5,4,4,3,3,5,6,5,3,3,3,2,2,5,5,5,5,4,3,5,5,4,3,4,3,4,3,5,4,51,71,10,Perempuan
306,1,1,1,1,3,5,2,4,1,1,2,1,1,2,1,1,1,1,6,7,7,3,4,5,3,7,5,6,4,7,6,4,5,5,2,1,5,1,1,1,1,2,6,3,6,4,2,3,3,6,2,7,3,2,2,3,2,2,2,1,7,1,1,1,1,2,2,1,2,2,1,1,1,1,1,1,1,3,2,2,2,51,72,6,Laki-Laki
308,5,2,3,2,6,6,2,1,3,1,4,2,4,1,2,5,1,3,5,3,4,5,4,6,7,3,6,3,5,2,5,7,3,7,9,1,1,1,1,2,9,1,6,1,9,2,9,1,9,5,4,4,2,1,1,1,1,3,5,1,2,1,1,1,1,2,2,1,3,4,1,1,1,1,2,1,1,4,1,2,1,41,101,1,Perempuan
310,1,7,1,1,7,7,7,7,7,1,7,1,7,7,1,5,7,7,1,7,7,1,1,7,1,1,1,1,1,1,1,1,7,1,9,8,9,7,9,8,9,1,9,9,9,9,9,9,9,1,7,1,7,1,1,1,7,1,7,7,1,1,1,1,7,5,5,5,5,5,1,5,5,5,4,5,5,5,5,5,5,99,99,6,Perempuan
311,4,4,3,5,4,5,4,5,4,3,5,3,6,3,4,4,4,4,4,3,5,5,5,4,4,4,5,3,3,3,4,5,4,5,9,5,7,1,7,5,7,3,6,5,6,5,9,7,7,5,3,4,4,3,4,4,3,4,5,3,5,4,4,5,3,4,4,3,3,4,3,4,3,3,3,4,2,3,3,3,3,64,54,3,Perempuan
315,1,1,1,1,4,5,3,3,1,5,1,1,3,1,1,4,3,5,3,6,7,4,3,5,5,7,7,7,5,4,7,4,6,7,7,4,3,1,5,6,5,1,9,4,9,1,9,1,9,7,1,1,1,4,1,1,1,4,5,1,4,1,1,1,1,5,5,4,5,1,1,3,1,2,5,5,1,5,5,4,1,53,81,1,Perempuan
316,6,3,2,1,1,1,1,3,6,1,1,1,1,1,1,2,1,5,6,7,3,7,6,6,7,1,1,7,1,7,2,7,1,2,6,1,1,1,1,7,2,1,3,1,9,1,7,1,9,7,1,1,1,1,1,1,1,2,7,1,2,1,1,1,1,1,1,1,5,1,1,1,1,1,1,3,1,1,1,1,1,51,73,1,Laki-Laki
317,1,2,1,1,3,2,2,6,3,1,4,1,4,1,1,4,1,4,6,6,7,7,7,7,7,5,5,4,5,4,7,6,7,7,8,2,5,1,7,1,5,2,6,1,8,2,8,5,9,7,6,6,6,2,3,2,5,4,6,1,2,1,1,1,1,4,4,4,3,2,1,4,1,4,3,4,1,2,4,2,1,81,20,2,Perempuan
320,4,4,4,2,6,4,3,2,5,3,3,1,1,1,4,4,3,4,4,4,6,4,6,5,5,3,3,4,2,6,3,4,4,2,7,6,7,3,3,5,4,4,4,6,4,6,3,6,4,6,3,3,5,3,3,3,3,3,3,4,3,5,4,4,5,4,4,3,2,3,2,4,3,3,4,3,2,4,4,4,3,31,81,1,Perempuan
323,5,6,5,4,6,6,6,3,4,2,6,3,4,5,3,4,3,5,2,3,4,2,3,3,5,4,4,2,4,3,3,4,5,6,8,2,8,2,7,5,9,2,6,7,7,6,8,2,8,5,2,3,5,4,3,2,3,3,5,4,3,2,3,3,3,4,4,5,4,3,4,4,5,3,4,3,4,3,5,4,4,62,63,10,Laki-Laki
324,3,1,4,4,7,7,1,1,1,7,7,1,7,7,1,7,1,7,1,7,7,7,7,7,7,1,1,1,1,1,1,7,7,7,9,9,9,1,9,1,9,1,9,1,9,1,9,1,9,7,1,7,1,1,7,1,7,1,1,7,1,1,1,1,1,5,5,5,5,5,3,5,5,5,1,5,5,4,5,5,5,38,75,7,Laki-Laki
328,3,3,4,2,3,3,3,4,2,2,3,2,3,2,2,4,2,6,5,5,6,5,6,6,4,1,6,3,4,4,6,5,4,6,3,3,8,2,5,4,6,1,8,6,8,4,4,3,8,6,5,3,6,3,2,3,5,6,6,5,2,1,3,2,3,4,4,4,4,4,1,4,3,4,2,4,2,3,4,4,3,10,55,2,Laki-Laki
330,1,1,7,4,7,7,7,7,7,7,7,7,7,7,7,7,7,1,4,1,4,1,1,1,1,1,1,1,1,1,1,1,1,1,9,1,9,4,9,1,2,1,2,9,9,5,9,9,9,7,4,4,4,1,1,4,7,6,7,1,1,7,4,2,2,5,5,5,5,5,5,5,5,5,5,5,1,1,5,5,5,101,101,6,Laki-Laki
331,5,5,4,7,6,7,4,7,7,7,5,7,7,7,7,7,7,4,1,2,1,2,2,1,2,1,1,1,2,1,1,1,1,1,9,5,5,5,9,5,9,5,9,8,9,5,9,8,9,6,1,1,4,4,6,6,6,7,6,4,4,4,4,4,4,5,5,5,5,5,5,5,5,5,5,5,5,1,5,5,5,101,10,11,Laki-Laki
334,3,3,5,3,3,6,3,2,4,5,7,2,3,5,3,5,7,5,4,3,6,5,5,4,6,4,5,1,6,4,4,5,4,5,7,2,9,1,6,3,9,3,7,7,9,5,8,2,9,5,2,2,6,3,3,2,2,2,6,3,3,2,2,2,2,5,5,5,5,5,2,5,5,5,3,3,5,5,5,5,5,26,76,6,Perempuan
335,4,7,6,7,7,7,7,6,3,6,7,5,7,7,1,1,4,7,2,5,7,5,7,3,5,4,6,7,5,6,5,1,1,2,9,3,9,2,1,3,9,3,9,1,9,6,9,1,9,6,6,4,6,1,5,3,1,7,6,3,7,1,1,1,1,5,5,5,5,5,3,5,5,4,3,5,4,5,5,5,5,5,7,10,Perempuan
338,3,1,1,1,4,4,3,1,4,3,3,1,4,1,2,2,1,3,7,4,6,4,1,2,4,4,3,2,1,1,1,1,4,4,5,5,5,5,5,5,5,5,5,5,5,5,5,5,5,4,4,4,4,4,4,3,4,4,4,4,4,4,4,4,4,3,3,3,3,3,3,3,3,3,3,3,3,3,3,3,3,101,1,1,Perempuan
339,3,3,3,4,4,7,5,6,6,4,3,5,4,6,4,5,6,5,3,5,4,4,3,3,3,3,4,5,3,3,4,4,5,6,6,4,7,3,8,4,4,3,6,4,7,6,7,7,6,6,3,5,5,3,1,2,3,5,6,6,5,2,3,2,3,5,4,5,5,3,1,4,5,5,4,3,2,5,5,4,3,31,34,4,Laki-Laki
340,1,2,2,1,5,5,1,1,1,1,1,1,1,1,1,1,1,4,4,4,5,3,2,5,6,6,6,6,6,6,6,6,6,6,2,2,5,1,1,1,2,2,2,2,3,2,1,2,4,2,1,1,1,7,2,5,2,1,1,1,1,2,2,2,1,5,5,5,5,2,1,4,2,3,2,1,1,4,3,3,2,39,92,3,Laki-Laki
341,5,2,3,4,6,7,7,4,5,4,7,5,5,5,5,6,5,4,5,4,3,4,1,3,5,2,3,1,4,3,5,4,2,5,9,5,9,1,6,3,8,2,7,5,8,5,6,1,9,7,2,3,4,2,2,3,4,1,6,3,2,2,1,1,2,5,5,5,4,4,2,5,5,5,3,4,2,4,5,5,4,43,41,6,Laki-Laki
344,5,2,1,4,7,7,1,1,7,4,7,7,7,7,4,7,7,7,7,7,7,6,1,1,1,1,1,1,1,1,1,1,4,1,9,1,1,1,9,9,9,1,9,1,9,9,9,1,9,7,7,7,7,1,7,1,7,7,1,7,7,7,7,1,7,5,5,5,5,5,1,5,5,5,5,5,5,5,5,5,5,101,101,6,Laki-Laki
347,5,4,6,1,5,7,4,2,2,2,3,1,5,2,2,2,7,5,1,4,7,1,6,7,7,6,4,7,3,4,4,5,7,4,8,5,9,1,9,3,9,5,9,8,9,5,8,8,9,7,1,1,4,1,1,3,1,2,7,1,4,1,1,1,1,5,4,5,4,3,1,4,5,2,5,3,3,3,3,3,1,11,101,1,Perempuan
349,5,4,2,1,1,4,1,4,1,1,3,1,6,1,1,1,1,5,4,6,6,5,5,5,4,6,5,4,5,3,7,7,7,5,8,4,7,2,8,5,4,4,6,6,8,5,9,7,7,5,2,2,2,4,1,2,2,4,6,4,3,2,3,3,3,5,5,5,3,1,1,4,5,1,1,3,3,5,5,4,3,15,71,5,Perempuan
351,6,7,2,2,7,7,7,2,7,4,4,2,3,4,4,6,6,5,2,6,6,6,3,2,5,2,6,6,3,4,3,4,4,7,9,4,9,1,9,3,9,3,8,9,8,7,9,6,9,6,2,2,6,1,3,5,3,5,6,6,4,1,1,1,2,5,5,5,5,3,2,5,5,4,4,3,4,5,5,5,4,93,21,3,Perempuan
353,5,4,5,2,4,6,4,2,3,1,3,1,1,1,2,3,4,4,3,3,4,4,5,3,6,4,5,7,5,4,6,4,5,4,9,8,5,1,5,2,8,2,9,7,6,5,5,3,9,6,3,2,3,3,4,2,4,4,3,5,4,3,4,3,3,4,4,5,5,4,1,5,5,4,2,3,3,4,5,5,2,11,21,3,Perempuan
355,6,2,7,6,6,7,1,4,6,2,6,5,6,3,4,5,5,6,4,2,2,3,2,6,4,6,5,2,4,2,4,3,3,4,9,2,8,1,8,5,8,2,9,2,9,3,9,1,9,6,2,3,5,2,3,3,5,3,3,2,2,2,2,2,2,4,4,4,4,4,4,4,4,4,4,3,4,4,4,4,3,22,101,2,Laki-Laki
356,1,1,1,1,7,6,7,7,1,1,1,1,1,1,1,1,3,3,7,7,6,1,1,1,1,7,4,7,1,7,4,1,7,3,1,1,1,1,1,5,1,1,5,1,9,1,8,1,9,7,1,1,1,7,1,1,1,1,1,1,1,1,1,1,1,3,3,3,3,1,1,1,1,3,1,1,1,5,1,3,1,43,44,6,Laki-Laki
357,4,4,2,4,5,7,7,6,4,4,7,4,4,7,5,6,2,6,4,4,4,5,2,1,2,2,4,1,6,4,3,2,1,7,7,5,9,1,9,5,3,3,9,1,9,3,9,7,9,4,1,3,4,4,3,3,3,2,3,2,2,3,3,3,3,5,5,5,5,4,3,5,5,3,4,5,1,4,5,5,4,51,81,3,Laki-Laki
358,7,1,1,2,7,7,4,4,1,4,4,4,4,4,1,4,4,7,4,4,7,4,4,4,7,7,4,4,4,4,1,1,1,1,9,9,9,1,5,5,9,1,9,5,9,1,9,5,9,7,4,7,7,1,4,4,4,1,7,1,4,1,1,1,1,5,5,3,3,3,1,1,5,5,1,3,1,3,5,5,3,1,101,1,Laki-Laki
359,3,1,1,1,2,5,3,2,5,5,2,2,5,5,5,2,2,5,5,5,5,5,5,3,6,6,3,2,2,2,2,2,6,6,8,1,7,2,9,2,8,2,9,1,8,2,9,1,8,3,3,5,5,3,5,5,5,3,3,5,5,5,5,5,5,5,5,5,5,4,1,4,4,4,4,4,4,4,4,4,4,42,52,3,Perempuan
361,6,2,4,2,2,7,5,4,5,2,5,3,5,5,3,4,5,6,4,4,5,6,3,2,3,2,5,4,2,3,4,2,3,4,9,2,9,2,8,4,9,2,7,9,8,2,8,3,9,7,1,2,6,4,2,2,1,5,4,2,2,1,2,2,4,5,5,5,5,5,1,5,5,5,1,5,4,1,5,5,5,77,92,2,Perempuan
362,4,5,5,5,4,7,7,1,4,7,7,6,7,7,4,6,6,4,2,3,3,6,1,2,6,2,3,1,1,1,2,2,2,6,9,3,9,5,9,5,9,5,8,9,9,5,9,8,9,6,4,4,5,2,4,4,4,4,3,2,2,3,4,2,2,5,5,5,5,5,3,5,5,5,4,5,5,5,5,5,5,23,61,3,Perempuan
366,6,3,5,4,3,4,3,4,6,4,2,2,4,3,3,3,4,6,4,2,4,5,5,4,3,2,5,6,5,3,4,5,4,5,7,7,7,1,8,5,4,3,7,8,8,5,8,5,7,5,2,2,4,6,2,3,2,5,5,2,2,3,3,2,3,4,4,4,5,4,2,4,4,4,3,2,2,5,4,5,4,40,61,6,Laki-Laki
369,4,2,4,3,7,7,5,5,4,4,7,4,7,5,4,4,7,4,5,5,5,2,1,2,3,2,3,1,4,2,3,1,4,1,9,4,9,4,9,7,7,1,6,9,7,9,9,3,8,6,2,4,4,4,4,4,4,7,7,2,3,1,4,4,4,5,5,5,5,5,2,5,5,5,2,5,5,5,5,5,4,62,55,11,Laki-Laki
370,1,1,5,1,7,7,7,7,5,7,7,1,5,7,2,7,5,7,7,1,7,1,1,7,7,1,5,1,7,2,1,1,2,7,9,1,9,1,9,1,9,1,9,8,9,9,9,1,9,7,1,1,1,1,1,1,1,1,5,7,7,1,1,1,1,5,5,5,5,5,5,5,5,5,5,5,5,1,5,5,5,1,101,1,Laki-Laki
373,1,2,5,4,2,6,6,2,4,2,7,3,7,5,3,3,6,6,2,3,4,6,6,3,7,4,5,1,2,1,2,2,2,6,9,6,9,1,8,3,9,2,8,7,9,7,9,4,9,7,4,2,2,2,2,2,2,2,6,2,2,2,2,2,2,5,5,5,5,5,4,5,5,5,5,5,5,5,5,5,5,19,20,4,Perempuan
375,6,3,2,3,2,2,2,6,1,1,1,1,1,1,1,1,2,6,2,6,4,7,7,5,3,7,6,6,6,6,7,7,6,5,5,1,4,1,4,1,5,2,6,1,4,2,8,1,9,4,2,2,4,6,2,2,2,2,3,2,3,1,1,1,1,2,4,2,4,2,2,2,2,2,2,2,2,4,2,2,2,15,64,6,Laki-Laki
377,1,3,4,4,7,7,7,5,4,1,7,4,7,7,7,7,2,1,2,2,2,2,2,1,2,4,7,1,4,1,7,3,1,1,9,4,9,1,9,1,9,1,9,7,9,5,9,3,9,4,1,1,4,3,3,6,7,1,2,6,3,1,1,1,1,5,5,5,5,5,1,5,5,5,5,5,5,5,5,5,5,51,36,9,Laki-Laki
381,5,4,3,5,4,7,5,3,4,1,7,4,7,5,3,6,4,5,4,3,5,6,3,3,5,3,5,1,4,1,4,2,2,3,8,2,9,2,9,7,9,3,9,9,8,6,9,1,7,6,2,3,5,3,5,3,6,5,5,2,3,3,3,3,3,4,4,5,5,4,1,4,4,4,4,3,4,4,4,5,4,15,16,6,Perempuan
383,1,1,1,1,2,4,2,1,1,1,1,1,1,1,1,1,1,6,7,7,7,4,4,4,7,7,4,7,4,7,7,6,4,5,5,1,1,1,9,1,3,1,5,1,5,1,1,1,1,1,1,1,1,7,1,1,1,1,2,1,1,1,1,1,1,5,5,1,1,5,1,1,1,1,1,1,1,4,1,3,1,31,91,3,Laki-Laki
387,6,5,2,4,4,7,6,2,6,5,6,4,7,7,5,5,6,5,4,5,7,7,4,7,3,1,6,1,7,4,1,7,1,7,9,7,9,1,9,3,9,2,9,9,9,4,9,2,1,6,5,6,5,2,2,4,3,5,6,7,7,2,4,2,2,4,4,5,5,4,3,3,4,3,4,4,3,4,3,5,3,21,70,3,Perempuan
389,3,2,1,2,2,7,3,5,5,5,7,3,7,5,3,5,5,5,5,6,4,3,2,2,3,3,3,1,2,1,2,1,1,3,9,8,9,1,9,3,9,4,9,4,9,9,9,8,9,5,1,5,5,3,2,1,1,1,6,1,5,1,1,1,1,5,5,5,4,4,4,5,4,5,5,5,3,4,5,5,4,72,66,3,Perempuan
390,2,4,1,1,3,5,2,4,7,1,2,1,7,1,3,6,4,6,3,3,6,6,5,7,5,2,7,4,5,1,4,7,3,7,9,7,9,1,7,5,4,3,9,9,9,1,9,9,9,7,1,1,3,1,1,1,3,1,6,1,6,1,1,3,3,5,3,5,5,4,3,4,5,4,4,5,4,5,5,5,4,20,60,1,Laki-Laki
391,5,3,2,1,1,3,5,5,1,1,4,2,6,5,4,6,2,5,3,4,6,7,5,4,4,7,5,6,4,3,5,4,5,2,8,1,6,1,4,1,3,2,9,1,8,2,7,3,8,6,1,1,6,2,1,3,2,5,6,3,3,1,2,2,3,4,4,3,5,4,1,4,3,4,2,3,3,5,4,3,3,72,60,5,Laki-Laki
393,5,4,3,1,2,6,5,3,5,1,5,4,3,4,7,7,4,4,3,5,6,4,3,3,3,2,5,2,5,5,6,5,2,1,9,1,9,1,9,5,2,1,8,1,9,1,9,1,9,7,2,4,4,2,4,3,2,2,2,2,1,1,2,1,1,2,4,4,5,2,2,3,4,3,2,2,4,4,3,4,3,27,80,2,Laki-Laki
399,4,4,5,7,6,7,7,7,5,4,6,4,6,5,5,7,6,4,4,5,4,5,3,2,4,5,5,3,5,5,5,6,5,3,8,1,8,1,6,1,8,1,8,2,7,3,8,2,9,6,3,5,5,4,3,5,3,3,3,3,3,2,3,5,3,4,4,4,4,4,4,4,4,4,3,4,4,4,3,4,4,57,11,10,Laki-Laki
401,3,3,1,2,3,6,4,7,2,2,5,2,4,3,2,2,4,2,6,5,5,3,5,1,6,6,3,3,4,4,2,2,2,2,8,3,9,1,6,1,3,2,7,7,8,1,9,4,9,4,2,2,4,2,1,1,2,2,2,3,2,1,1,1,2,4,4,4,5,3,1,4,4,4,2,3,2,5,4,4,2,51,51,6,Laki-Laki
405,4,4,3,6,7,7,4,7,5,1,7,2,4,5,6,6,5,4,3,5,3,7,6,3,3,3,6,1,4,3,2,7,3,6,9,2,7,1,8,4,9,2,8,5,8,6,6,4,9,4,2,2,2,1,1,2,4,7,7,2,4,2,3,2,2,5,4,4,4,4,2,3,3,4,2,4,2,4,5,3,3,41,82,11,Laki-Laki
407,2,2,3,3,2,6,3,2,3,1,5,1,5,6,2,2,2,6,3,6,6,7,5,6,3,5,6,2,5,5,3,5,6,3,8,2,9,1,4,2,7,2,8,1,8,2,9,1,7,6,2,3,6,2,2,2,5,2,6,2,6,1,2,1,1,4,5,5,5,2,1,4,5,4,5,2,1,5,4,5,5,21,21,5,Laki-Laki
409,4,4,4,4,7,1,1,1,1,1,4,4,4,4,1,1,1,4,4,4,4,1,7,7,7,7,7,7,4,4,4,7,7,7,9,1,7,1,9,1,9,1,9,1,9,5,9,9,9,7,1,1,1,7,1,1,1,1,1,1,1,1,1,1,1,5,5,5,5,5,1,5,5,5,5,1,3,5,5,3,3,1,101,3,Perempuan
410,5,5,5,5,5,5,5,5,5,5,5,5,5,5,5,5,4,4,4,4,1,3,3,3,3,3,4,4,3,4,3,4,4,4,6,3,6,4,6,4,7,4,6,4,7,3,7,4,6,4,4,5,5,4,4,3,3,4,5,4,4,4,3,4,3,4,3,4,3,3,4,3,3,3,3,3,3,3,3,3,3,41,28,7,Laki-Laki
412,2,2,3,2,5,7,3,2,5,3,6,4,6,6,3,5,3,6,5,5,6,5,3,5,6,3,5,3,5,1,5,3,6,7,7,3,9,1,9,4,9,2,9,8,9,3,9,3,9,6,3,4,5,3,1,5,3,2,2,2,2,1,1,1,1,5,5,5,5,3,1,3,1,4,2,2,4,5,4,5,4,1,91,3,Perempuan
414,6,3,6,6,7,7,5,7,5,6,7,4,6,6,2,4,4,4,2,3,3,4,3,5,3,4,3,3,3,4,2,4,5,3,8,2,9,1,5,5,8,4,6,7,7,7,6,3,4,7,2,2,4,6,2,2,2,2,6,2,6,2,2,2,2,4,4,5,4,4,2,4,5,4,2,4,1,5,4,4,4,81,29,11,Laki-Laki
416,6,5,5,5,5,7,5,5,7,7,7,7,7,7,6,7,7,5,3,4,6,5,4,1,3,1,1,1,1,1,1,7,3,1,9,7,9,2,9,3,9,3,9,9,9,9,9,9,9,7,7,7,7,1,7,6,4,7,7,7,5,1,3,2,3,5,5,5,5,5,5,5,5,5,1,4,5,5,5,5,5,96,1,11,Laki-Laki
419,5,4,4,2,5,7,4,4,4,1,4,1,4,1,1,2,1,4,1,7,4,5,5,4,4,2,4,5,5,2,6,5,3,1,9,4,8,1,5,4,6,2,5,5,7,2,8,4,8,7,1,2,3,3,1,2,1,2,3,1,2,1,1,1,1,4,4,5,5,2,1,4,1,3,1,3,2,1,5,3,4,21,74,3,Perempuan
421,3,4,2,1,4,5,3,5,6,1,4,1,4,1,1,5,1,5,2,5,3,5,3,5,5,2,2,4,2,3,4,2,4,5,7,4,8,3,8,6,3,1,6,6,6,4,8,4,8,4,3,3,6,4,3,2,1,3,6,3,5,3,4,3,3,3,4,5,4,4,1,5,1,3,2,4,2,5,5,3,4,1,1,6,Laki-Laki
423,6,2,4,2,5,6,4,2,5,2,2,2,5,1,4,6,3,6,5,5,6,5,3,3,6,2,6,7,6,2,4,6,3,4,6,2,7,1,6,2,8,3,7,6,8,8,8,3,8,6,1,1,3,3,2,2,1,5,6,6,4,1,4,3,3,4,4,4,4,4,1,4,4,4,2,4,3,4,4,4,4,2,101,2,Perempuan
437,2,2,1,1,7,6,1,7,2,1,7,4,5,3,1,1,1,5,2,3,6,3,3,6,3,5,5,1,5,2,5,5,7,2,9,9,7,1,9,1,3,2,9,1,9,1,9,1,9,7,5,2,1,1,1,1,1,1,6,2,1,1,1,1,1,5,5,5,5,5,1,5,4,4,1,3,2,4,5,4,4,11,67,4,Laki-Laki
442,6,3,1,7,2,7,7,5,7,2,7,2,7,6,5,6,7,3,3,6,3,7,3,2,2,1,3,2,3,1,5,3,3,5,8,6,9,3,6,8,3,3,6,2,7,4,6,3,8,5,5,3,7,2,4,1,5,3,6,7,2,1,1,1,6,5,4,4,5,4,3,4,4,3,2,3,1,4,5,5,3,95,1,11,Perempuan
446,6,4,2,2,3,6,6,6,7,6,7,6,7,6,3,2,7,3,3,6,4,7,6,3,6,1,3,1,4,2,2,2,6,5,9,2,7,3,8,2,7,2,8,9,7,7,8,2,9,7,4,5,6,3,2,3,3,1,1,6,3,3,2,2,2,5,5,5,5,5,5,5,5,5,5,5,5,4,5,5,4,60,58,9,Laki-Laki
452,1,1,7,1,7,7,1,1,7,1,4,1,7,1,1,1,1,5,1,1,7,2,2,6,7,1,1,4,4,1,1,7,7,7,9,1,9,1,9,1,9,5,9,1,9,9,9,9,9,7,1,1,1,7,7,1,1,1,7,7,7,1,1,1,1,5,5,5,5,5,1,5,1,1,1,5,1,1,5,5,5,1,101,1,Perempuan
456,6,6,4,4,7,7,6,7,7,4,7,5,7,7,5,6,7,2,1,2,4,2,1,2,1,1,3,1,1,1,3,1,1,1,8,6,9,4,8,9,7,7,7,1,7,7,9,3,9,4,4,4,3,4,3,4,5,5,5,5,2,3,3,3,3,5,5,5,5,5,3,5,5,5,1,4,5,5,5,5,3,63,35,5,Perempuan
458,6,3,4,2,2,7,6,5,2,4,7,6,7,4,3,6,2,6,5,4,5,6,6,3,2,6,2,1,1,1,2,1,2,5,6,1,9,1,9,2,9,2,9,8,8,9,9,3,9,7,6,7,7,1,4,3,5,6,7,7,7,2,2,2,1,5,5,5,5,5,1,4,5,4,1,2,3,4,5,5,3,19,96,2,Perempuan
460,4,4,3,3,3,5,3,7,4,1,1,1,2,1,1,1,4,3,3,3,3,2,4,3,1,1,6,4,4,3,1,3,5,1,8,2,8,1,7,1,5,5,8,9,7,9,9,2,8,1,1,1,1,1,1,1,4,1,1,1,1,1,1,1,1,5,3,4,5,4,3,1,3,5,5,1,2,1,5,4,4,22,55,3,Perempuan
471,2,3,3,3,4,6,4,3,4,4,7,6,4,1,3,6,4,4,4,4,6,6,4,4,4,4,4,1,2,2,4,4,4,4,8,2,8,2,8,2,8,3,6,5,8,6,8,2,8,6,1,4,4,4,4,4,4,1,4,6,6,7,7,2,4,5,5,5,5,5,3,5,5,5,5,5,5,5,5,5,5,34,33,6,Laki-Laki
474,5,3,4,4,5,5,5,3,3,4,3,2,4,4,3,3,4,4,4,4,4,3,6,3,3,4,4,4,3,4,4,3,5,3,7,6,4,2,4,4,4,2,6,7,6,6,7,4,6,4,2,2,3,3,2,4,3,3,3,3,3,5,5,3,3,4,3,4,4,4,2,3,2,3,1,3,2,4,3,4,2,32,51,5,Perempuan
478,1,1,1,1,1,2,2,3,1,1,1,1,1,1,3,2,2,7,6,6,6,5,7,6,5,4,6,6,5,6,7,6,7,5,3,1,3,1,1,1,2,2,5,1,6,2,6,1,2,5,3,1,1,7,1,1,1,3,1,4,1,1,1,1,1,2,4,1,2,1,1,1,1,1,1,1,1,4,1,1,1,78,1,1,Perempuan
479,1,1,4,4,7,7,4,1,1,7,7,1,7,4,1,7,4,1,7,4,4,1,7,4,7,1,4,1,1,1,1,4,1,4,9,5,9,1,9,1,9,1,9,9,9,9,9,1,9,7,1,7,7,1,1,1,1,1,7,1,1,1,1,1,1,5,5,5,5,5,1,5,5,5,1,5,3,1,5,5,3,38,90,1,Perempuan
484,3,3,2,2,3,3,4,3,3,3,2,2,1,3,3,3,4,4,3,4,5,4,4,4,5,4,4,6,4,4,5,4,4,4,7,4,5,2,4,4,3,3,5,5,8,2,9,3,5,4,3,3,4,3,2,2,2,5,5,4,3,2,3,2,3,3,2,3,4,3,2,4,3,2,2,2,2,4,4,3,2,36,36,3,Perempuan
487,3,4,3,3,7,3,3,2,1,1,4,1,4,2,1,3,3,5,2,4,6,4,5,5,3,6,4,2,4,2,3,4,5,3,5,8,3,2,3,7,3,4,7,8,3,7,1,1,5,3,2,2,2,3,2,3,3,2,1,2,2,2,2,1,4,3,3,4,5,3,1,2,5,4,3,2,2,3,4,3,1,22,81,1,Perempuan
496,4,4,2,1,7,7,7,7,7,6,7,7,7,7,7,7,7,4,4,4,1,1,1,1,1,1,1,1,4,1,1,1,1,1,9,5,9,5,9,1,9,5,5,9,9,9,6,4,9,4,4,4,4,4,4,4,5,4,7,5,5,4,4,1,4,5,5,5,5,5,3,5,5,5,1,3,1,5,5,5,5,101,51,7,Perempuan
500,3,4,5,6,7,6,5,4,6,3,7,5,5,6,4,4,3,6,4,3,4,3,2,3,5,2,6,1,3,2,2,3,2,3,9,2,9,2,8,4,8,4,8,2,8,7,9,3,7,4,5,3,3,2,5,5,2,3,5,3,2,2,3,2,2,5,4,4,4,4,2,4,4,4,2,4,3,4,4,4,5,62,51,9,Perempuan
502,3,4,2,3,3,3,4,6,1,1,6,3,5,2,1,2,2,4,3,2,4,2,3,3,6,3,4,5,3,3,4,4,6,6,9,6,7,1,7,4,6,4,7,7,6,4,8,6,8,3,1,2,2,1,2,3,2,2,2,3,2,2,2,1,2,5,5,5,4,4,1,4,5,1,1,3,4,4,5,4,4,23,38,1,Perempuan
504,1,1,1,1,1,1,1,1,1,1,1,1,3,6,1,1,1,7,7,7,7,7,7,7,7,7,7,7,7,5,7,1,7,6,9,1,9,1,9,1,5,1,5,5,9,5,9,1,5,7,1,1,7,1,1,1,1,4,7,1,1,1,1,1,1,5,5,5,5,1,1,5,5,3,3,5,3,5,5,5,3,1,101,1,Perempuan
506,6,3,2,1,3,6,3,3,3,3,3,2,6,4,2,6,1,2,3,3,7,6,2,5,6,6,6,3,5,3,5,3,5,6,9,1,9,1,9,1,9,4,7,4,8,7,9,7,9,7,2,3,5,3,2,6,5,2,3,5,3,3,3,3,3,5,5,5,5,5,1,5,5,5,2,4,4,5,5,5,4,11,65,1,Perempuan
511,2,2,1,1,2,5,3,1,2,4,2,3,3,2,5,6,3,5,5,6,5,5,5,5,6,4,3,5,5,6,6,5,4,4,4,2,5,4,4,2,3,3,5,2,5,4,7,4,6,4,5,5,4,2,2,2,3,6,6,6,4,2,3,2,2,3,3,3,4,4,2,3,2,3,4,4,3,4,3,2,2,76,37,3,Laki-Laki
512,1,1,1,1,4,2,5,1,1,1,1,1,1,1,1,1,1,6,5,7,7,4,7,5,7,7,7,7,7,7,7,7,7,7,1,4,6,1,7,1,1,2,8,2,1,2,9,3,7,4,1,1,2,7,3,2,2,1,5,1,1,1,1,1,1,3,2,2,3,1,1,1,2,1,1,1,1,4,2,1,1,42,91,1,Perempuan
514,6,4,6,4,6,7,5,3,6,1,4,1,5,2,3,5,4,6,3,3,4,3,5,3,5,3,5,5,6,3,4,6,6,5,8,3,8,2,9,4,7,3,9,7,9,5,8,4,9,6,5,2,4,2,4,2,3,3,3,2,3,2,3,1,2,4,4,4,4,4,2,5,4,3,2,5,2,5,4,4,3,61,44,8,Perempuan
517,3,5,1,6,7,7,3,1,7,1,4,1,7,1,6,7,2,5,6,7,2,1,1,2,6,1,3,2,2,1,4,7,2,3,9,1,9,2,5,9,9,1,8,9,9,9,9,9,9,7,2,1,7,1,4,1,2,1,7,3,2,1,1,1,1,5,5,5,5,4,1,5,5,5,5,5,1,5,5,5,5,85,94,8,Perempuan
518,6,1,3,4,2,5,3,2,2,1,3,4,4,4,2,4,1,5,7,5,6,6,4,5,5,6,6,4,5,5,5,2,4,5,7,3,6,3,6,3,8,4,7,7,8,5,7,2,7,5,5,4,5,3,5,4,4,5,6,4,4,2,3,3,4,4,4,4,4,3,3,4,3,4,2,3,2,4,4,4,3,16,81,3,Perempuan
525,2,2,3,2,2,6,2,1,1,2,1,1,1,1,1,1,4,6,6,3,4,5,4,6,7,7,6,7,7,7,7,7,7,7,9,4,3,1,4,6,8,6,8,1,9,5,9,5,7,7,1,1,4,7,1,1,1,6,2,1,1,1,1,1,1,2,2,2,3,1,1,1,1,1,1,1,1,5,3,1,2,1,46,1,Perempuan
527,2,1,1,5,4,7,7,7,6,1,7,5,7,7,4,5,6,5,6,4,3,5,1,2,1,1,7,1,3,1,4,2,3,1,9,4,9,6,7,6,9,1,5,9,9,5,8,5,6,6,5,5,3,3,2,2,5,1,7,2,2,1,3,1,1,5,4,5,5,5,1,5,5,5,4,5,5,5,5,5,4,23,61,7,Perempuan
533,1,4,4,4,2,5,4,1,7,5,7,4,7,7,4,4,1,4,4,4,4,4,4,3,4,1,4,1,4,1,3,2,2,7,9,1,9,1,5,3,7,2,9,3,9,7,9,5,9,7,4,7,1,1,7,1,1,7,7,1,1,4,4,1,4,3,5,5,5,5,5,5,5,5,5,5,3,5,5,5,3,66,61,1,Laki-Laki
536,3,4,1,3,5,6,5,6,2,2,7,3,6,2,3,5,5,6,5,6,5,3,4,3,2,2,2,1,3,2,4,2,3,1,4,3,6,3,7,3,7,5,6,8,7,6,8,2,7,5,2,2,1,3,2,3,3,3,3,2,3,3,3,3,3,4,4,5,4,3,4,4,4,4,4,3,2,3,5,4,3,81,63,9,Laki-Laki
538,2,2,1,1,2,1,3,4,1,1,1,1,1,1,1,4,2,2,1,1,6,3,1,4,1,5,5,7,5,6,6,6,4,1,1,6,1,4,1,5,1,4,5,1,1,1,5,2,2,2,2,1,1,1,1,1,1,1,1,1,1,1,1,1,1,1,1,1,3,1,1,1,1,1,1,1,1,1,1,1,1,19,22,6,Laki-Laki
547,1,2,1,1,1,4,3,1,4,1,3,1,7,1,4,5,1,6,2,1,7,6,3,5,7,3,6,4,6,2,2,4,3,7,9,5,8,3,9,3,9,3,8,9,8,7,9,5,9,6,2,2,3,4,2,6,1,1,1,5,2,1,1,1,1,5,5,5,4,5,3,5,4,5,3,4,3,4,5,5,5,15,81,2,Laki-Laki
553,2,2,3,1,5,5,2,1,3,3,1,2,3,2,2,5,2,5,3,5,6,3,5,6,6,3,6,7,6,3,5,6,3,6,8,4,9,1,7,3,8,4,9,6,7,8,8,4,8,6,2,4,4,4,3,3,3,2,4,4,3,2,2,2,2,5,5,5,5,5,5,5,4,5,3,4,1,5,5,4,4,5,83,1,Laki-Laki
554,6,2,3,2,6,7,2,2,6,5,6,7,6,7,5,6,2,2,3,5,6,4,3,5,4,2,3,3,2,2,6,2,2,3,9,8,9,2,8,7,9,2,8,8,8,8,8,1,1,7,5,2,6,1,2,2,2,6,6,2,1,1,2,1,1,4,4,4,4,4,5,5,5,5,2,5,5,5,5,5,5,26,71,2,Laki-Laki
556,3,4,2,6,5,7,6,7,7,4,7,5,6,7,6,7,6,5,5,5,2,5,3,5,1,1,5,1,5,1,1,7,1,1,9,2,9,1,9,5,9,1,8,8,9,2,7,8,9,7,1,1,1,2,1,1,1,1,4,6,1,1,1,1,1,5,5,5,5,5,5,5,5,4,2,3,4,5,5,5,4,91,62,11,Laki-Laki
558,1,1,1,1,7,7,4,1,1,1,4,1,4,7,6,7,7,4,5,4,7,7,7,4,7,1,4,7,7,4,7,4,7,7,9,5,1,1,9,1,9,1,9,1,5,9,9,1,9,7,4,4,4,1,4,4,1,7,7,1,4,1,1,1,1,5,5,5,5,5,3,5,5,5,5,5,5,5,5,5,5,1,100,1,Laki-Laki
564,4,3,6,2,4,7,7,1,7,1,4,2,5,3,3,3,4,6,5,5,4,6,4,7,7,1,3,7,4,6,3,5,5,5,7,2,7,3,7,3,7,4,7,8,7,5,7,5,7,7,4,4,4,1,1,1,1,1,6,1,1,1,1,1,1,5,5,5,5,5,3,5,5,5,5,5,5,5,3,5,3,71,71,10,Perempuan
566,4,3,3,3,5,6,4,2,5,4,5,3,5,3,5,5,5,4,4,3,5,3,5,3,5,3,5,4,5,3,5,5,3,4,7,4,6,3,8,5,9,4,7,6,8,5,8,6,8,6,3,4,4,3,3,3,2,2,3,3,2,2,3,2,2,4,4,3,4,3,2,3,4,4,2,4,3,4,3,4,4,50,53,9,Laki-Laki
568,4,5,2,4,3,1,6,6,6,1,6,2,4,5,6,7,6,4,3,4,4,6,5,2,4,2,5,4,5,4,3,2,2,4,8,2,7,1,5,5,8,2,7,5,8,3,6,3,7,6,2,1,4,4,2,3,4,2,6,2,3,2,2,2,2,4,4,4,4,3,2,4,4,4,3,3,3,4,4,3,3,67,63,5,Perempuan
569,5,4,4,4,3,6,6,6,4,4,6,3,6,3,4,6,4,4,3,6,4,5,2,3,4,4,4,3,4,3,4,4,3,4,8,2,8,3,8,4,5,3,8,4,7,4,9,5,7,5,4,4,5,6,4,4,4,3,3,4,4,3,4,4,3,4,4,4,4,3,3,4,5,3,3,3,2,4,5,4,3,31,64,6,Laki-Laki
570,1,3,1,4,4,5,3,6,7,1,7,1,5,4,2,7,7,6,5,6,5,7,6,4,1,1,4,1,3,1,7,3,5,7,9,1,9,1,9,4,1,1,9,9,9,1,7,2,9,7,1,1,4,4,2,1,1,1,1,1,1,1,1,1,1,4,5,5,5,5,3,5,5,5,5,4,3,5,5,5,5,73,73,8,Laki-Laki
574,4,2,1,1,6,6,4,2,4,2,2,2,3,2,4,4,4,3,5,6,6,2,3,2,3,3,2,5,2,2,4,2,2,4,7,4,9,1,6,3,4,2,7,4,8,5,9,6,7,5,2,2,4,3,3,3,3,2,4,4,4,3,3,4,4,5,5,5,5,1,1,5,5,5,1,5,5,5,5,5,5,50,63,6,Laki-Laki
577,3,2,3,2,4,4,3,2,3,1,3,1,4,1,1,4,2,3,3,4,4,4,4,3,7,2,7,4,6,1,7,6,6,7,8,1,9,1,9,1,9,2,9,2,9,1,9,8,9,7,1,7,2,2,1,1,1,3,7,1,1,1,1,1,1,5,5,5,3,2,1,5,5,4,5,4,3,5,5,5,3,21,91,3,Perempuan
578,6,6,2,6,7,7,7,7,7,5,7,3,7,7,2,7,6,5,2,6,4,5,5,4,1,1,2,1,1,1,3,1,1,1,9,1,9,1,9,9,8,1,1,8,9,3,9,3,8,7,1,1,1,4,6,7,2,1,1,7,3,1,1,1,1,5,5,5,5,5,1,5,5,3,4,2,2,4,5,5,4,89,16,10,Laki-Laki
579,4,4,2,3,1,6,4,3,2,1,7,1,6,1,3,5,1,5,4,5,4,6,6,3,2,5,5,1,4,3,4,3,2,5,9,4,9,2,7,4,9,3,9,1,9,1,9,3,8,5,4,4,3,4,1,5,3,2,6,4,2,1,4,1,3,4,4,5,3,1,1,4,1,3,1,1,1,1,5,1,4,3,101,6,Laki-Laki
582,2,4,4,4,3,7,2,2,6,1,7,1,3,5,6,6,3,6,1,3,6,3,2,6,6,2,5,1,1,2,4,2,2,6,7,3,9,3,8,8,7,5,8,8,9,5,9,3,9,6,4,2,2,2,3,3,6,2,4,5,3,2,3,2,4,5,5,4,4,3,2,4,4,4,3,3,3,4,4,4,3,53,53,9,Laki-Laki
585,2,1,2,2,3,3,3,2,1,1,6,1,1,1,1,3,1,5,5,4,5,4,3,3,4,7,6,2,4,4,4,5,6,7,9,3,9,1,7,1,9,2,9,1,7,4,7,2,8,7,1,1,2,7,1,1,1,2,4,2,7,2,2,1,1,5,5,4,3,3,1,3,3,3,1,2,2,4,3,4,3,84,25,1,Perempuan
586,3,4,2,4,3,5,2,6,2,2,4,1,6,2,2,6,1,5,5,5,6,6,3,5,6,6,5,4,5,3,6,2,3,6,9,1,9,1,8,5,7,2,7,4,8,2,8,3,8,7,1,1,2,4,2,2,2,3,6,4,3,2,3,2,2,4,4,5,5,5,5,5,4,4,4,4,2,5,5,4,3,90,90,9,Laki-Laki
587,4,2,2,4,2,1,1,7,2,1,1,1,1,1,1,2,1,4,4,6,4,5,7,6,1,6,4,7,1,7,4,6,6,1,2,4,1,1,1,1,2,1,6,2,5,1,1,1,3,7,1,1,2,1,1,1,4,1,4,1,2,1,2,1,1,1,1,1,1,1,1,1,1,1,1,1,1,1,1,1,1,86,91,5,Laki-Laki
591,5,3,2,7,4,4,6,2,4,3,4,1,4,2,4,5,4,4,6,6,4,2,3,6,3,4,4,6,7,2,4,4,2,6,9,7,9,1,7,8,8,1,8,5,7,4,9,9,8,7,2,3,7,6,6,1,4,4,3,2,4,3,1,1,2,4,3,5,4,4,4,3,5,4,3,3,2,3,5,3,3,46,66,3,Laki-Laki
595,4,2,4,5,6,6,5,4,6,3,4,1,4,3,2,4,3,4,2,4,3,2,2,2,3,2,3,2,3,4,3,3,3,2,7,5,8,1,7,6,8,5,7,8,8,5,8,7,7,4,2,2,4,4,3,3,3,4,4,6,3,4,4,4,4,4,4,5,5,3,2,3,4,3,2,3,3,4,4,4,4,51,51,6,Perempuan
602,6,3,4,1,1,7,3,1,1,1,3,1,7,1,4,4,2,2,3,6,6,7,2,5,7,6,5,3,4,2,6,7,6,6,9,3,9,1,9,1,9,3,6,8,9,1,9,3,1,7,1,1,1,5,1,1,1,1,3,1,2,1,2,1,1,5,5,5,5,2,1,5,1,4,1,1,4,5,5,4,2,1,62,3,Laki-Laki
604,1,1,2,2,7,7,3,1,1,1,1,1,3,1,1,4,1,1,7,5,7,1,4,4,7,7,7,4,7,4,7,7,7,7,9,1,6,1,1,1,1,1,9,8,9,1,9,9,9,7,1,1,1,7,1,1,1,1,1,1,1,1,1,1,1,5,5,5,5,5,1,5,5,4,1,1,4,5,5,5,5,91,1,3,Perempuan
611,6,4,5,6,3,7,5,3,6,2,4,2,4,3,5,5,6,5,2,6,2,7,5,4,4,2,6,4,6,4,7,4,6,6,9,3,8,2,9,7,9,2,9,7,9,3,9,4,8,7,1,3,7,2,2,2,2,6,7,3,6,2,2,2,2,5,5,5,4,5,1,3,5,4,1,2,3,5,4,5,4,84,44,11,Perempuan
613,6,2,5,2,7,7,5,5,6,5,6,5,7,6,6,6,3,6,3,3,3,2,2,3,2,2,3,1,3,2,3,2,3,2,9,6,9,2,8,8,8,6,8,9,9,2,8,7,8,6,5,5,6,3,2,3,5,3,2,3,5,3,5,3,5,5,5,5,5,5,4,4,5,5,4,4,4,5,5,5,4,18,60,10,Perempuan
615,4,4,2,3,4,7,6,2,6,6,7,3,5,6,3,6,6,3,3,6,6,7,6,6,7,4,4,2,4,3,4,5,3,7,9,5,8,2,8,5,8,2,7,8,8,4,7,2,8,5,4,3,4,4,5,2,4,1,6,4,4,2,3,4,2,4,4,4,4,3,2,4,4,4,3,4,3,5,4,5,4,11,21,3,Perempuan
618,5,2,5,3,3,6,4,1,4,1,2,1,4,1,1,3,1,4,4,3,4,5,5,3,7,4,7,4,6,4,7,6,7,7,9,3,6,1,8,5,4,4,8,5,8,2,8,4,9,7,4,4,5,1,1,1,1,3,3,1,1,1,1,1,1,5,4,5,3,5,4,3,2,3,4,4,2,1,3,3,5,17,101,3,Perempuan
621,5,3,6,1,7,7,7,1,7,1,7,1,7,1,1,7,1,7,1,7,1,7,7,7,7,7,7,1,1,1,4,1,1,7,9,1,9,1,9,1,9,1,1,9,9,9,9,1,9,7,7,7,7,1,1,6,4,1,5,2,2,1,1,1,1,4,5,5,4,4,3,3,3,3,4,4,2,3,5,4,4,1,1,3,Laki-Laki
624,2,2,3,2,3,5,3,1,1,1,1,1,4,1,2,3,1,4,3,3,3,4,3,3,4,4,4,5,4,4,6,3,3,4,7,3,9,1,8,4,8,4,8,4,6,5,8,3,8,5,2,2,2,5,5,6,6,2,2,1,2,2,2,1,1,5,5,5,5,4,1,5,2,2,2,2,2,1,5,5,2,10,59,2,Perempuan
625,3,3,1,1,4,5,3,4,3,1,1,3,3,1,1,6,3,3,6,7,7,6,5,6,4,6,5,6,5,5,4,4,3,4,7,2,7,1,8,5,7,3,8,3,7,5,8,2,7,5,5,3,3,2,2,3,5,1,5,4,4,2,3,2,3,5,4,4,2,2,1,4,1,2,3,4,1,5,5,4,2,82,1,3,Laki-Laki
628,2,2,3,4,1,5,2,2,2,1,5,4,2,4,3,5,1,2,4,3,4,6,6,6,6,6,5,3,3,5,6,6,4,6,9,1,9,1,9,7,2,3,9,9,9,5,9,2,9,7,7,3,5,1,2,2,5,1,1,1,1,1,1,1,1,5,5,5,5,3,1,5,5,5,1,4,1,4,3,5,3,1,101,1,Laki-Laki
632,4,3,2,1,3,7,3,1,1,1,1,1,7,4,1,1,1,3,2,6,7,7,6,6,7,7,7,6,6,1,7,4,2,7,9,1,9,1,9,8,9,2,9,9,9,9,9,1,2,6,2,1,2,3,1,1,1,1,4,1,1,1,1,1,1,5,5,5,5,4,1,4,4,3,4,3,4,4,5,4,3,1,101,1,Perempuan
634,1,1,2,2,2,3,1,2,4,1,4,1,4,1,2,2,2,6,3,4,4,5,4,6,5,3,4,4,4,1,5,3,5,6,4,2,1,1,6,4,1,3,8,2,2,1,7,2,9,6,3,1,3,3,1,2,2,1,2,1,1,3,2,2,1,1,1,1,1,3,1,1,1,1,1,2,1,1,3,3,1,36,35,6,Laki-Laki
637,3,3,7,4,7,7,4,3,3,1,2,1,4,2,1,3,1,5,2,2,4,4,3,4,4,4,4,5,4,3,4,7,4,7,9,2,9,1,8,5,9,2,9,4,9,5,8,2,9,6,3,2,5,3,3,3,1,4,4,4,3,2,2,2,2,5,5,3,4,3,1,5,3,3,1,5,3,5,4,4,3,51,71,2,Perempuan
640,2,2,2,2,2,3,1,2,5,1,1,1,1,1,1,3,1,6,7,6,7,7,7,7,7,1,5,7,6,7,7,7,3,7,9,1,7,1,6,5,6,6,6,5,8,2,8,7,9,6,1,1,2,1,3,2,1,2,6,5,4,2,2,2,2,5,5,5,5,5,3,4,2,4,3,5,5,5,5,5,4,1,101,1,Laki-Laki
643,4,4,3,3,7,7,4,4,5,6,6,4,4,4,4,6,5,4,6,4,7,4,5,5,6,3,3,7,5,4,5,5,6,5,4,3,7,1,9,3,9,2,7,1,8,3,9,2,9,7,3,3,5,2,3,2,1,3,3,3,3,3,3,3,3,4,4,4,4,4,3,4,5,4,4,3,3,4,4,3,3,1,101,1,Laki-Laki
646,5,3,3,3,7,7,4,4,4,3,4,3,4,3,4,6,4,3,4,4,4,2,2,4,1,6,4,4,3,4,4,6,2,5,8,3,9,2,7,5,9,4,8,2,8,5,9,2,8,4,6,4,4,5,2,4,1,1,2,1,1,1,1,1,1,4,4,5,3,4,2,3,5,3,1,3,2,5,4,3,5,86,75,7,Perempuan
649,1,2,2,2,3,3,2,1,1,1,2,1,3,1,1,3,1,5,3,4,4,4,5,3,6,7,4,5,2,3,4,4,4,6,6,5,6,1,7,2,7,3,9,3,9,5,9,4,6,4,1,1,2,6,6,3,2,2,5,4,1,1,2,1,1,4,5,5,4,3,2,4,1,2,5,4,2,3,4,4,3,21,70,1,Perempuan
656,5,5,6,4,4,6,6,2,4,1,1,1,1,1,3,3,4,5,3,2,4,4,5,4,7,6,4,7,4,3,3,5,4,5,5,2,9,1,9,3,7,2,6,3,7,3,9,7,9,5,2,1,4,3,1,1,1,4,6,2,3,2,2,2,1,5,5,5,3,3,1,4,5,4,3,3,4,5,4,4,3,91,51,1,Laki-Laki
658,1,1,1,1,2,2,3,4,1,1,1,1,1,1,3,5,1,6,7,7,7,5,6,5,4,7,4,7,5,7,4,4,2,7,2,7,9,1,1,3,1,2,7,2,9,1,9,9,9,4,1,1,4,3,1,2,1,2,6,7,6,2,2,1,1,5,5,5,2,1,1,5,5,2,3,3,1,3,5,4,1,61,101,1,Laki-Laki
660,1,2,2,1,1,4,2,1,1,1,2,1,2,1,1,2,1,6,4,6,6,7,5,7,7,7,7,7,4,6,6,4,7,7,9,1,9,1,7,2,9,8,7,9,9,9,9,9,9,7,1,1,1,1,1,1,1,1,6,1,7,1,3,2,1,5,5,5,5,1,1,5,5,3,3,2,3,4,5,5,3,8,101,1,Perempuan
664,4,5,2,4,5,6,5,5,4,4,6,4,5,4,5,6,4,4,3,4,4,5,5,4,3,5,5,4,5,5,5,4,4,5,8,4,6,3,8,4,5,5,5,3,8,6,7,6,5,5,3,2,2,3,2,2,2,6,6,2,2,2,1,1,1,4,4,4,3,4,3,3,4,4,3,4,3,4,4,3,4,52,46,11,Laki-Laki
672,2,3,1,2,1,6,2,1,1,2,6,1,5,1,3,5,2,5,4,7,6,6,6,5,7,6,6,2,2,3,7,2,2,7,8,2,8,1,6,4,7,2,8,2,9,4,8,8,9,6,5,3,5,2,3,3,4,2,5,1,2,2,1,2,2,5,4,5,5,4,2,4,5,4,3,4,5,1,5,5,4,15,36,3,Laki-Laki
680,1,3,1,2,2,2,1,6,1,1,1,1,1,1,1,1,1,7,5,7,6,7,6,6,2,7,6,7,6,7,6,7,7,6,9,2,2,1,1,1,9,1,9,1,6,1,9,1,9,7,1,1,6,1,6,1,2,6,6,1,1,1,2,1,3,3,2,1,2,1,1,2,1,1,1,1,1,3,2,1,1,19,101,1,Laki-Laki
681,3,5,2,3,2,4,2,6,4,2,6,3,6,5,2,5,6,5,1,6,5,6,5,5,2,4,5,1,3,2,2,2,3,3,8,2,8,2,8,5,6,3,6,7,6,6,9,3,7,6,4,4,5,5,4,4,4,5,4,6,5,3,5,2,4,5,5,5,5,5,5,5,5,5,4,3,5,5,5,5,4,46,58,5,Laki-Laki
685,5,5,4,6,6,7,7,4,4,4,7,5,7,6,4,5,5,4,1,7,3,2,1,2,3,3,3,1,3,3,3,1,1,1,9,3,9,1,9,5,6,3,9,8,9,7,9,3,8,5,1,2,2,1,1,1,4,3,3,3,6,1,1,1,1,5,5,5,5,5,1,5,5,5,1,2,2,5,5,5,5,52,1,11,Laki-Laki
691,7,1,5,2,4,7,2,1,6,1,2,2,2,2,2,2,2,7,6,6,6,2,2,6,6,7,7,7,7,7,7,7,7,7,9,1,9,1,9,2,9,3,6,7,9,7,9,7,9,7,3,2,2,2,2,2,2,2,2,2,2,1,1,1,1,5,5,5,5,3,2,5,4,2,1,1,3,4,3,4,3,7,98,1,Perempuan
694,5,4,4,4,6,5,5,6,4,2,6,4,7,5,4,4,4,5,4,4,4,3,5,2,3,4,4,2,4,2,4,3,4,4,6,4,9,1,8,4,7,2,5,9,5,5,8,3,7,5,2,4,4,4,3,3,4,3,6,4,4,2,4,3,4,5,5,5,5,4,2,5,5,5,2,4,2,4,5,4,4,17,17,7,Perempuan
712,1,1,1,1,3,7,7,1,1,1,1,1,4,1,1,1,1,7,6,7,6,7,3,7,7,6,5,7,7,3,7,7,3,7,7,3,7,1,6,4,4,1,8,7,9,1,9,4,9,7,1,3,2,1,3,2,2,3,5,3,5,2,2,2,1,4,4,5,5,4,1,4,3,2,5,4,4,4,4,5,5,42,69,5,Laki-Laki
713,4,1,1,1,3,4,2,1,1,1,1,1,3,1,1,1,1,6,7,7,7,7,7,6,7,4,7,7,4,5,5,5,7,7,9,3,9,1,9,3,5,4,9,4,9,3,7,9,9,3,1,1,5,1,1,1,1,1,1,1,2,1,1,1,1,5,5,5,5,2,1,5,3,2,2,5,2,5,5,5,5,1,1,1,Laki-Laki
719,1,1,1,4,4,6,1,1,1,1,4,4,4,4,1,4,1,7,7,7,4,4,4,7,7,7,4,7,4,7,7,3,7,4,9,1,9,1,5,1,5,3,9,1,9,3,3,2,5,7,3,4,4,1,4,1,1,4,4,4,4,1,1,1,1,5,5,5,5,3,1,5,3,5,1,3,3,3,2,5,3,101,3,2,Laki-Laki
720,6,5,3,4,6,7,6,6,7,3,5,5,4,6,7,6,7,1,1,4,4,3,2,1,1,1,3,4,3,2,4,2,1,2,6,7,8,2,7,7,1,3,9,8,7,6,7,5,8,5,3,4,3,2,2,3,3,2,3,2,2,2,2,2,2,5,3,5,4,3,1,3,5,3,4,5,2,1,3,4,2,101,6,11,Laki-Laki
725,1,1,1,1,1,5,1,1,1,1,1,1,3,1,1,1,1,7,7,7,7,7,5,7,7,1,1,7,5,5,5,2,7,7,3,1,6,3,3,2,3,3,6,3,6,1,9,5,5,7,1,2,5,3,1,1,1,5,5,2,2,1,1,1,1,5,5,5,5,2,2,5,3,3,4,2,2,1,1,3,2,72,1,1,Laki-Laki
727,5,2,6,6,5,7,4,2,3,6,5,2,6,5,7,6,5,5,1,2,4,2,5,5,4,3,3,2,2,2,3,2,3,5,9,7,8,4,7,3,4,2,8,9,9,7,9,3,9,4,1,1,1,6,3,5,6,4,5,5,2,3,4,1,4,4,5,5,5,3,1,4,5,5,4,4,3,4,4,4,4,52,50,7,Perempuan
728,1,1,1,1,1,3,1,1,1,1,6,1,6,1,1,1,1,4,6,5,4,6,6,6,7,4,6,4,5,4,7,4,7,7,7,2,8,3,6,4,2,5,7,5,8,6,8,5,8,4,1,3,1,4,3,1,1,1,1,1,1,1,1,1,1,4,4,5,5,4,1,4,4,4,2,3,3,4,4,4,4,1,95,1,Perempuan
731,2,4,3,3,1,7,4,1,4,4,3,2,4,4,4,6,5,6,4,5,5,7,1,4,7,4,4,5,5,4,5,5,1,6,8,2,9,1,5,8,1,3,6,8,5,3,8,1,3,6,4,5,5,2,1,3,1,5,5,2,2,3,2,4,4,4,4,5,5,3,1,3,5,2,1,3,3,4,3,4,3,71,46,6,Perempuan
732,3,4,5,3,6,7,3,2,7,1,3,4,4,2,6,7,1,6,2,3,6,6,6,4,5,2,5,4,2,5,7,4,4,7,9,4,8,1,6,6,9,3,9,7,9,6,9,3,8,6,2,1,1,3,2,3,2,4,5,2,2,1,2,2,1,4,4,5,5,3,1,4,3,4,4,3,4,5,5,4,4,61,81,6,Perempuan
735,4,2,1,4,7,7,6,6,6,3,7,2,7,4,3,6,6,5,2,6,4,1,3,1,2,2,5,1,3,1,2,1,3,1,9,6,9,1,8,1,9,1,8,6,9,5,9,1,8,7,2,1,3,1,1,1,3,1,1,1,1,2,2,2,1,5,5,5,4,5,2,5,4,5,5,3,4,5,5,5,4,83,40,8,Perempuan
737,3,2,2,3,5,6,4,1,1,1,4,1,3,1,1,3,2,5,5,7,5,5,5,4,7,7,6,7,5,5,6,7,4,7,8,2,7,1,7,2,7,4,9,1,9,2,9,8,8,6,1,1,6,4,3,1,1,5,6,2,3,1,3,2,2,5,4,3,4,5,1,4,2,2,2,4,2,4,5,4,4,42,95,1,Laki-Laki
740,2,2,3,2,6,6,5,5,2,1,6,1,4,1,1,6,7,6,5,3,6,3,3,4,3,6,7,2,6,3,6,3,2,6,8,1,4,1,1,1,9,2,8,2,7,1,8,2,8,6,2,1,5,1,1,2,1,3,6,5,2,1,5,2,1,2,4,1,4,1,1,4,1,2,2,3,1,3,2,3,1,31,61,2,Laki-Laki
741,3,4,3,2,5,7,3,1,3,2,5,1,4,1,2,4,1,4,3,3,4,4,4,4,7,4,4,4,2,3,1,1,7,1,9,5,9,1,8,2,9,1,9,7,9,7,9,3,9,7,1,1,1,1,4,3,2,1,6,1,1,1,1,1,1,5,5,5,5,5,3,5,5,4,2,2,2,5,5,5,4,73,1,1,Perempuan
744,5,1,1,1,7,7,7,2,7,7,7,7,7,7,7,7,7,7,2,2,7,6,6,1,7,1,1,1,1,1,1,1,1,1,9,9,9,2,9,8,9,2,9,9,9,1,9,9,9,7,2,1,7,7,1,1,1,2,7,1,1,1,1,1,2,5,5,5,5,5,1,5,5,5,1,5,5,5,5,5,5,10,101,11,Perempuan
746,4,4,1,1,4,5,4,1,3,1,1,1,2,1,4,5,2,5,4,6,6,4,3,3,7,4,7,7,6,7,5,7,3,7,7,3,2,1,1,5,5,1,6,2,7,3,9,8,9,7,2,4,5,4,1,2,1,5,7,5,1,3,2,1,2,2,2,3,5,3,1,1,3,1,3,1,5,3,1,3,3,41,44,3,Perempuan
749,4,5,3,7,7,5,1,6,5,1,7,1,3,1,1,7,1,5,5,2,1,1,1,1,1,1,1,1,1,5,1,1,3,1,4,2,9,1,8,1,9,6,7,1,9,4,8,1,3,6,3,7,7,4,2,1,1,7,7,7,7,1,1,1,1,5,1,3,4,3,3,4,3,4,5,3,1,5,3,3,4,50,50,11,Perempuan
752,1,2,3,3,2,6,5,1,1,1,7,7,4,7,1,1,1,1,2,3,4,6,5,4,7,7,7,1,1,1,4,1,6,7,8,6,8,2,8,2,8,2,8,7,8,8,8,7,9,6,2,3,3,3,1,1,1,5,5,6,5,1,6,2,2,5,4,5,4,4,1,5,5,5,2,1,4,5,5,5,5,21,96,1,Laki-Laki
757,2,5,3,6,6,7,6,5,6,6,2,6,6,5,7,7,6,2,6,3,5,3,2,2,6,1,6,6,2,2,2,2,3,3,9,6,8,2,8,7,9,3,9,6,9,7,8,4,9,7,1,1,2,1,2,1,1,6,6,2,4,1,3,4,3,5,5,5,1,5,3,4,2,4,4,5,1,3,5,4,3,19,92,10,Perempuan
758,7,5,4,5,7,7,6,7,7,7,7,7,7,7,7,7,7,3,3,3,3,1,3,3,1,1,1,1,2,1,1,1,1,1,9,4,8,2,8,6,2,2,8,8,9,3,9,6,9,5,5,5,5,2,3,3,5,3,6,6,3,2,3,2,2,5,5,5,5,5,5,5,5,5,5,5,5,5,5,5,5,101,5,11,Laki-Laki
762,2,4,4,2,7,7,4,2,5,1,6,2,2,1,1,6,6,6,4,4,7,2,5,4,7,3,7,4,2,7,7,7,7,7,9,1,9,1,9,5,5,1,9,9,9,1,9,5,9,7,3,1,1,1,1,1,3,3,7,6,4,1,1,1,1,5,4,5,5,3,1,5,3,3,1,5,2,5,5,5,4,71,101,1,Perempuan
764,1,1,6,4,2,1,2,6,1,1,1,1,1,1,3,6,1,7,3,3,6,7,7,7,2,7,7,7,7,7,7,7,3,3,9,1,1,1,1,1,1,1,9,1,9,1,1,1,9,2,7,6,6,1,4,1,2,4,4,7,6,1,4,1,4,1,1,1,1,5,5,1,1,1,1,1,1,1,1,1,1,1,61,1,Laki-Laki
773,5,6,7,7,5,7,6,7,7,7,7,5,7,7,7,7,7,1,5,1,1,3,2,6,6,1,7,1,1,7,1,2,7,7,9,2,9,1,9,1,9,1,8,9,9,4,9,9,9,7,6,5,5,3,5,5,3,5,5,6,5,3,6,4,3,5,5,5,5,5,4,5,5,5,4,5,5,5,5,5,5,101,27,11,Perempuan
784,1,1,1,1,7,1,4,1,6,1,4,1,1,1,1,1,1,7,7,4,7,4,7,5,7,2,7,2,7,7,7,7,7,7,9,6,8,1,8,1,3,1,9,3,9,1,9,1,9,7,1,1,4,1,1,1,1,5,7,6,1,1,1,1,1,5,5,5,5,5,1,5,1,2,1,5,5,5,5,5,3,33,101,1,Perempuan
791,4,4,7,7,7,7,7,7,7,7,7,7,7,7,7,7,7,4,2,1,1,1,1,1,1,1,1,1,4,1,1,1,1,1,9,3,9,4,9,4,8,9,9,9,9,9,9,1,9,7,1,1,4,7,7,7,7,4,7,7,4,1,4,1,4,5,5,5,5,5,5,5,5,5,5,5,5,5,5,5,5,101,12,11,Perempuan
792,5,6,2,2,1,7,2,2,5,2,6,2,6,3,5,6,3,5,2,5,4,7,6,6,7,3,2,5,2,2,3,2,5,7,7,4,9,2,9,7,6,3,9,7,8,9,8,3,8,7,3,2,5,1,5,3,6,7,5,2,2,3,3,3,2,4,4,5,5,4,1,5,5,3,5,4,5,5,5,5,5,37,56,3,Laki-Laki
794,5,5,6,6,6,6,6,6,6,6,6,6,6,6,6,7,6,2,6,1,1,2,2,2,2,1,1,1,1,1,1,6,1,4,8,2,9,2,8,8,8,1,8,8,8,2,8,3,9,6,6,4,6,2,6,6,2,6,6,6,6,2,2,2,2,5,5,5,5,5,4,5,5,4,4,4,4,5,5,5,4,91,1,11,Perempuan
800,4,3,3,4,4,7,4,2,4,7,1,1,7,1,1,4,4,6,6,7,6,7,5,4,6,2,7,6,5,2,7,5,6,6,9,2,5,1,7,5,9,1,9,7,9,5,9,9,7,4,2,2,2,2,2,1,1,4,4,5,3,1,1,1,1,5,5,5,3,4,2,3,1,1,1,3,1,4,5,3,3,52,51,3,Perempuan
802,7,7,1,7,7,1,7,7,7,1,7,7,7,7,7,7,7,1,1,7,7,7,7,1,7,7,1,7,7,7,1,1,7,7,9,9,9,9,9,4,9,1,9,9,9,9,9,9,9,7,1,7,7,1,1,7,1,4,7,7,4,1,1,1,1,5,5,5,5,5,5,5,5,5,5,5,5,5,5,5,5,101,1,11,Perempuan
803,1,1,1,1,3,3,3,1,5,1,7,1,6,1,3,4,3,5,5,4,4,4,4,4,4,4,4,4,4,4,4,4,4,4,5,1,9,1,7,2,9,1,9,8,9,4,9,3,9,7,1,1,6,4,1,1,1,1,1,7,7,1,1,1,1,5,5,5,5,1,1,1,5,1,5,3,5,1,5,5,3,1,101,1,Laki-Laki
806,3,3,2,1,5,7,1,1,5,2,4,1,4,3,2,4,3,4,3,4,5,5,3,6,5,3,5,6,6,4,6,3,5,7,9,3,8,1,4,3,8,1,8,6,8,7,6,3,9,7,1,1,5,2,3,1,1,2,6,1,2,1,2,1,1,4,4,5,4,5,1,3,4,1,5,4,4,5,4,5,3,35,4,6,Perempuan
807,1,1,1,3,2,3,1,1,1,1,1,1,4,1,1,1,4,4,7,7,6,7,7,6,7,5,7,7,5,3,6,7,5,7,9,1,7,1,4,4,2,1,9,5,7,3,9,5,6,7,1,1,1,4,1,1,1,1,1,1,1,1,1,1,1,5,5,5,5,3,1,5,3,1,1,3,1,5,5,3,2,1,51,1,Perempuan
810,3,2,3,5,6,6,5,3,2,3,4,3,4,3,4,5,3,5,6,5,3,3,3,3,5,5,5,4,6,5,5,4,3,5,9,7,8,1,6,5,7,1,5,5,4,3,7,2,8,6,2,2,2,3,3,2,2,2,5,2,2,2,2,5,2,5,4,5,5,4,1,5,3,5,5,4,3,5,5,5,5,32,62,4,Perempuan
811,5,3,4,6,6,7,7,6,7,4,6,6,6,6,6,6,7,5,4,1,1,1,1,1,1,1,1,1,3,1,1,4,6,1,9,7,9,3,8,5,8,5,6,9,8,5,8,8,7,5,5,6,1,5,7,6,5,3,5,5,6,3,3,2,3,4,5,5,5,4,4,5,4,5,4,5,4,5,4,5,4,80,6,11,Laki-Laki
815,5,2,3,3,4,6,3,5,3,4,2,3,6,4,2,2,3,3,3,3,5,3,4,3,6,3,2,6,3,2,2,2,4,6,8,2,8,1,8,2,9,4,8,7,8,4,9,5,7,4,2,2,2,4,2,2,2,2,4,2,4,2,2,2,2,5,5,4,4,4,4,4,4,4,4,4,4,4,4,4,4,91,1,1,Perempuan
818,3,3,5,4,6,6,6,6,3,6,7,4,5,6,3,6,5,6,3,3,4,2,2,3,3,5,3,1,3,2,2,1,2,3,8,2,9,3,7,5,8,6,7,6,8,9,9,6,7,3,1,1,4,2,6,4,4,6,4,4,2,3,3,2,2,5,5,5,5,5,3,5,5,5,5,5,3,5,5,5,5,71,23,10,Perempuan
821,6,5,2,6,5,7,5,6,7,7,7,7,6,7,7,7,7,4,3,5,3,5,3,4,3,1,1,1,1,2,1,1,1,5,9,2,8,3,9,2,2,2,5,8,9,6,9,7,9,5,5,5,5,4,4,5,3,5,5,6,5,5,5,4,5,5,5,5,5,5,3,5,5,5,4,4,5,5,5,5,5,97,15,11,Perempuan
822,5,4,6,6,7,5,6,6,5,6,6,4,6,5,6,6,6,2,3,3,2,2,3,2,4,1,3,3,2,2,3,3,2,2,8,6,9,4,8,3,8,1,6,1,7,3,8,2,8,4,5,5,6,7,7,4,6,2,1,2,3,3,5,4,4,4,5,4,5,4,5,5,3,4,4,3,4,5,4,3,4,84,8,10,Laki-Laki
826,1,1,1,2,1,2,2,2,2,1,2,1,4,1,1,1,1,1,1,2,4,4,3,4,4,2,4,1,1,1,1,1,1,1,7,4,9,1,2,4,7,4,6,2,6,5,4,5,5,4,4,1,1,4,4,4,1,1,2,1,1,4,4,3,2,4,5,5,5,5,2,4,3,2,1,2,1,3,3,4,5,21,101,1,Laki-Laki
835,4,4,3,2,3,5,3,4,5,4,7,5,7,7,5,7,6,4,5,5,7,5,5,5,3,3,1,1,5,3,1,5,1,2,9,4,9,3,9,4,6,4,6,4,6,4,9,6,6,5,3,2,6,2,3,6,3,6,6,7,5,2,3,2,3,5,5,5,4,5,2,5,5,5,4,4,5,4,5,5,5,81,52,11,Laki-Laki
838,7,7,6,7,7,7,6,7,7,7,7,7,7,7,6,7,7,1,1,1,2,1,1,2,2,1,1,1,2,1,1,1,1,1,9,8,9,2,9,8,2,1,8,9,9,8,9,9,9,5,2,4,6,6,1,2,2,5,6,7,6,6,7,2,6,5,5,5,5,5,5,5,5,5,5,5,2,5,5,5,5,101,1,11,Laki-Laki
839,5,2,3,3,5,7,7,6,5,4,6,6,5,7,5,5,6,4,3,4,4,2,5,2,1,2,2,1,2,3,1,2,3,2,9,3,9,3,8,7,5,4,7,5,8,7,8,3,7,6,5,3,1,3,4,4,5,2,6,5,4,4,5,4,4,5,5,5,5,4,4,5,5,4,3,4,5,5,4,5,5,87,59,11,Perempuan
853,7,6,7,7,7,7,6,6,7,7,7,7,5,7,7,7,7,1,2,4,4,2,6,2,2,1,4,4,2,2,1,2,1,2,9,5,1,2,9,1,2,2,9,7,9,5,9,2,8,7,1,1,4,1,6,2,6,1,6,2,7,4,4,1,4,5,5,5,5,5,1,5,5,5,5,5,5,5,5,5,3,101,1,11,Perempuan
854,5,3,7,7,5,6,5,4,5,3,7,7,7,7,5,5,5,5,1,1,2,3,3,2,3,5,4,2,2,1,4,5,3,3,9,6,8,3,8,3,9,4,7,4,7,5,7,5,9,5,5,4,4,3,3,4,3,4,5,5,5,5,5,5,5,4,4,5,4,5,2,4,5,5,4,4,5,2,4,5,5,83,10,11,Perempuan
856,6,4,2,5,7,7,4,7,2,2,7,1,7,3,3,4,4,3,1,6,5,4,4,3,2,7,6,1,2,1,1,5,3,1,9,5,9,1,9,3,9,2,6,6,2,5,9,5,9,6,3,2,2,4,2,4,4,1,6,2,2,2,1,1,1,5,5,5,5,5,5,5,5,5,5,5,4,5,5,5,5,39,26,11,Laki-Laki
857,3,3,3,2,3,6,6,3,6,2,3,2,4,2,2,3,6,6,4,5,6,6,5,4,6,3,6,6,6,6,6,6,6,6,8,2,8,2,8,2,8,2,7,2,8,3,8,7,8,6,2,3,3,2,2,2,2,6,5,6,6,2,2,2,2,4,4,4,4,4,2,4,2,2,2,2,2,4,4,3,4,1,70,2,Perempuan
860,2,2,1,1,2,5,2,1,2,1,1,1,2,1,2,6,2,5,4,7,6,6,3,7,7,6,6,7,6,6,7,6,2,6,8,3,8,1,7,1,9,3,8,3,9,3,8,1,9,6,2,2,5,2,2,2,2,2,6,5,5,1,1,2,2,5,4,5,4,4,2,4,4,4,4,2,5,4,5,4,4,92,71,1,Laki-Laki
861,2,4,1,2,5,4,3,3,4,2,6,4,4,4,3,5,1,6,4,6,6,4,4,4,5,4,4,4,6,4,6,3,4,5,8,2,9,1,8,2,3,3,8,4,8,5,8,4,5,6,4,2,4,2,3,2,2,3,5,4,4,2,2,1,2,5,5,5,5,4,2,4,4,4,3,3,3,4,5,5,3,16,86,2,Laki-Laki
865,1,1,2,1,6,7,4,7,6,4,7,4,7,7,7,7,7,7,5,6,7,1,1,1,4,1,1,2,1,1,1,1,1,1,5,9,9,5,9,5,8,3,5,9,9,5,9,3,8,4,7,1,4,1,4,4,4,4,6,2,4,1,1,1,1,5,5,5,5,4,3,4,5,5,5,5,5,5,5,5,5,67,55,11,Perempuan
866,5,3,3,5,3,6,2,2,6,2,5,1,3,5,3,4,3,3,4,5,4,7,5,5,4,3,5,3,3,6,4,5,3,4,9,3,9,1,7,4,4,2,9,3,8,2,8,6,9,7,2,5,5,2,1,2,3,2,5,3,5,2,5,4,5,5,5,5,5,3,2,4,5,4,1,3,4,3,5,5,4,31,62,4,Laki-Laki
867,3,1,2,3,3,7,6,6,3,5,3,5,6,4,1,7,4,5,5,7,7,6,3,2,6,5,3,6,4,3,3,5,4,4,4,4,4,4,5,3,7,4,7,3,3,6,6,7,6,5,6,5,2,2,3,6,1,4,4,2,5,4,4,1,5,4,4,4,2,2,3,4,3,3,2,3,4,3,2,3,3,95,41,11,Perempuan
878,5,7,7,7,7,7,7,5,7,1,5,4,7,4,7,7,7,1,4,1,4,3,2,2,6,5,5,3,4,1,2,2,2,3,9,6,9,1,9,9,9,6,1,9,9,6,9,9,9,1,2,2,2,1,1,1,6,7,7,7,7,1,2,2,2,5,5,5,4,5,5,4,5,5,5,5,5,5,5,5,5,13,85,1,Perempuan
879,5,4,5,4,5,5,4,4,5,4,5,5,4,5,5,4,4,5,4,5,4,5,5,4,5,4,4,5,5,4,4,5,4,5,7,3,8,2,6,2,8,3,8,7,7,2,7,3,8,4,4,5,4,4,4,3,4,5,4,4,3,3,4,4,5,4,3,4,3,3,4,3,3,4,3,4,4,4,3,4,4,86,75,7,Laki-Laki
889,2,2,4,3,1,6,3,3,2,1,1,4,5,3,5,6,2,6,6,5,6,7,3,5,4,6,5,6,3,3,6,6,3,6,8,2,6,2,3,3,6,4,8,7,6,6,8,6,7,7,3,1,5,5,3,2,2,5,6,5,3,3,2,1,3,4,4,4,1,4,1,5,4,2,2,2,1,2,5,4,4,14,68,1,Laki-Laki
891,4,4,4,2,5,6,4,6,5,3,4,3,2,2,2,5,4,4,3,5,5,4,4,5,4,2,6,3,6,4,4,6,3,4,6,2,8,2,6,5,6,3,6,4,6,5,6,2,7,4,4,3,1,4,5,2,3,4,3,2,5,3,3,4,1,4,3,3,4,3,1,4,2,3,2,2,1,3,3,4,3,81,8,1,Perempuan
893,3,2,1,3,5,6,4,4,2,6,7,5,4,4,4,4,5,3,4,5,4,3,4,2,4,4,1,3,2,2,1,3,3,2,8,5,9,2,7,4,8,3,5,3,5,3,8,6,7,5,2,2,5,2,5,3,3,3,6,4,2,2,3,3,4,5,5,5,5,5,2,5,5,5,3,3,3,5,5,5,5,82,65,6,Perempuan
895,5,6,6,4,7,7,7,2,7,4,7,4,7,4,4,4,7,6,2,2,4,1,1,1,1,1,4,1,4,1,4,1,4,1,9,9,9,1,9,5,7,1,9,8,9,1,9,5,9,6,4,2,2,4,1,4,2,1,1,7,1,2,2,2,2,5,5,5,5,5,5,5,3,5,5,5,5,5,5,5,5,1,1,6,Laki-Laki
896,6,4,4,5,6,7,5,5,4,4,7,4,4,4,3,4,4,5,4,4,4,4,4,4,4,4,4,4,4,4,4,4,4,4,5,5,5,5,5,5,5,5,5,5,5,5,5,5,5,4,4,4,4,4,4,4,4,4,4,4,4,4,4,4,4,3,3,3,3,3,3,3,3,3,3,3,3,3,3,3,3,51,51,7,Laki-Laki
898,2,4,2,2,1,4,4,4,2,2,4,2,6,6,2,4,2,5,3,4,4,4,5,4,7,6,4,5,4,4,5,3,4,6,3,4,7,2,6,3,3,3,6,3,2,3,2,3,8,4,3,3,3,3,3,3,3,2,5,3,3,3,3,3,3,3,3,4,2,4,3,4,2,3,2,2,2,4,2,3,2,71,76,3,Perempuan
899,5,3,3,1,7,6,3,3,5,1,2,1,1,1,2,5,6,5,2,4,6,3,5,5,5,3,4,6,2,6,5,5,3,6,7,3,9,1,5,4,9,2,8,1,9,1,9,3,9,5,2,1,5,2,1,2,1,1,5,1,2,1,3,2,1,4,4,3,1,5,1,2,1,2,1,1,1,3,4,3,2,22,83,2,Perempuan
902,6,3,2,2,7,5,1,1,5,1,3,1,3,1,1,1,1,3,5,7,7,7,2,7,7,3,7,3,7,3,7,7,7,3,9,1,6,1,2,1,7,4,9,1,9,1,9,4,9,7,7,7,7,1,1,1,1,5,7,2,2,1,1,1,1,4,4,4,5,4,1,5,5,4,2,1,1,5,2,4,1,31,61,1,Laki-Laki
904,3,2,2,4,3,7,2,2,4,1,4,1,2,1,4,4,2,5,4,5,5,5,3,5,4,4,5,5,3,3,5,4,5,5,6,4,9,1,1,2,9,2,5,7,7,8,8,1,1,5,1,1,5,2,1,3,3,3,5,4,4,1,1,1,1,5,5,5,4,4,2,5,4,3,3,3,4,4,5,4,3,15,81,3,Perempuan
908,1,1,1,1,6,1,1,1,1,1,1,1,1,1,1,1,1,7,2,3,7,4,4,4,7,7,4,7,1,4,2,6,7,7,1,1,8,1,1,1,1,1,2,2,1,1,2,2,1,7,1,1,6,6,6,1,1,3,6,1,7,4,4,4,4,4,4,4,2,1,1,5,4,2,1,1,1,3,4,3,2,1,101,1,Laki-Laki
910,2,2,1,3,4,3,1,1,5,1,1,1,4,1,1,2,2,5,5,6,5,5,2,6,7,3,5,6,4,5,2,6,6,5,8,2,6,2,5,4,3,3,7,3,8,2,7,3,8,6,4,3,5,2,1,2,1,5,6,5,3,2,2,1,2,3,4,4,4,5,4,4,5,3,5,5,2,5,5,5,4,1,21,5,Laki-Laki
915,2,3,2,2,2,5,3,2,3,3,6,5,5,2,2,3,2,5,3,5,6,6,3,5,6,5,5,3,5,2,5,5,5,5,6,3,6,2,6,4,5,2,6,2,7,2,8,4,7,5,3,3,5,5,3,3,3,3,3,3,3,3,3,3,3,4,4,4,4,2,2,3,2,4,3,3,3,4,4,4,3,37,87,3,Laki-Laki
920,5,5,3,6,3,6,4,6,6,5,7,6,7,5,6,7,7,4,4,6,6,6,3,4,2,2,3,1,2,1,2,2,1,1,9,4,9,5,9,3,6,2,8,9,8,5,9,4,8,5,4,3,3,3,3,3,5,6,6,3,3,2,3,2,4,5,5,5,5,5,2,5,5,5,5,5,4,5,5,5,5,87,39,NA,Perempuan
921,3,2,1,2,4,5,3,3,2,1,7,1,4,1,1,3,1,2,4,5,4,4,3,4,7,3,5,1,6,3,6,6,5,7,9,4,9,2,9,6,9,3,9,2,9,8,3,4,9,5,1,1,2,7,1,1,1,1,2,1,1,1,1,1,1,5,5,5,5,3,1,5,4,5,1,3,2,4,5,4,5,77,7,1,Laki-Laki
926,7,1,7,6,7,7,7,1,6,6,6,5,7,7,6,6,6,5,6,2,2,3,3,2,7,2,1,4,2,1,2,2,2,2,8,3,8,1,9,3,9,3,9,4,9,5,9,3,9,7,1,4,4,5,2,2,3,5,6,4,4,6,4,4,4,5,5,5,4,4,2,4,5,4,3,3,4,5,4,5,5,18,85,7,Perempuan
931,2,2,4,3,4,6,4,1,2,3,6,4,3,5,4,4,4,4,3,4,4,4,4,4,5,5,5,4,5,4,4,4,4,5,8,1,9,3,8,3,8,3,7,2,8,3,9,7,8,6,3,5,4,2,2,2,2,4,4,3,5,2,2,2,2,5,5,5,5,4,1,5,5,5,1,5,5,5,5,5,5,55,91,1,Perempuan
935,4,3,5,5,4,6,3,6,3,6,7,4,7,7,5,5,7,4,2,3,3,5,2,5,1,4,2,1,1,1,1,1,2,6,9,3,9,3,7,3,7,1,7,3,9,5,8,3,8,5,4,2,5,3,6,3,5,4,6,6,4,3,4,3,3,5,5,5,5,5,2,5,5,5,3,5,4,4,4,5,5,76,51,10,Laki-Laki
936,2,2,3,2,5,5,2,2,3,2,1,1,2,2,3,4,3,4,5,4,3,4,3,6,5,5,4,5,4,5,4,5,4,6,7,2,8,1,3,2,3,3,5,6,7,6,3,1,8,5,4,3,5,2,3,3,5,2,5,3,4,3,4,2,3,5,4,5,5,4,1,5,5,4,3,2,2,5,5,4,3,26,70,4,Perempuan
944,6,2,2,2,4,7,6,4,5,1,5,1,4,1,2,4,1,6,3,5,6,7,1,2,3,2,3,2,6,6,3,4,3,2,8,7,8,1,4,3,9,1,7,3,8,4,9,1,7,7,1,1,5,4,2,2,2,1,7,2,7,1,1,2,2,3,4,4,4,3,2,3,1,1,2,3,2,5,4,3,3,14,88,6,Perempuan
946,6,2,4,2,4,5,1,1,1,1,2,1,3,1,1,1,1,1,2,4,5,7,5,7,7,7,7,7,7,4,5,7,7,7,8,5,9,1,9,2,9,1,5,3,9,9,9,9,9,7,1,1,5,4,1,4,1,7,6,1,5,4,4,1,2,4,4,5,4,4,1,3,1,1,1,2,1,3,3,3,3,1,101,1,Perempuan
950,3,2,4,4,6,7,4,5,7,4,7,5,5,5,5,7,5,3,5,2,4,6,3,3,6,2,4,1,2,3,3,5,3,1,7,7,9,3,8,5,9,1,8,4,8,3,7,8,9,4,3,3,5,1,3,3,2,7,7,5,3,1,2,1,3,5,4,5,5,4,5,5,5,4,3,3,4,5,5,4,4,51,51,6,Laki-Laki
952,2,2,4,1,6,6,3,1,5,1,2,1,5,2,1,2,2,2,2,4,5,5,6,5,7,4,6,6,6,4,7,7,6,7,9,3,7,1,4,4,9,5,9,8,9,7,9,7,8,7,2,2,5,3,1,2,3,5,6,2,3,2,2,2,2,5,5,5,4,4,1,3,2,3,3,2,4,4,4,4,4,13,96,1,Perempuan
955,6,3,1,1,5,5,2,5,3,1,3,1,5,1,3,5,3,5,5,5,7,2,3,5,4,3,5,3,4,3,5,3,3,7,9,1,3,1,7,2,6,1,9,3,9,6,9,5,9,6,5,2,2,6,1,3,1,5,5,3,2,1,1,1,2,5,4,5,5,3,1,3,5,3,4,4,2,3,4,3,3,11,32,1,Perempuan
956,3,3,3,4,3,4,4,2,3,3,3,2,3,2,3,2,2,5,3,4,5,5,4,4,6,5,5,6,5,5,6,5,6,6,7,3,7,3,6,3,7,3,7,5,8,4,5,6,7,5,3,3,3,3,2,2,2,3,3,3,5,2,3,2,2,5,5,5,5,4,3,4,4,4,2,2,4,4,4,4,4,91,11,1,Perempuan
957,5,5,1,1,5,2,1,1,2,1,1,1,3,1,1,1,1,4,1,5,4,4,7,7,7,4,4,7,4,4,1,4,7,4,9,1,7,1,7,2,5,1,9,2,8,1,9,2,9,7,1,1,1,4,1,1,1,1,5,1,1,1,1,1,1,3,4,4,3,5,1,3,3,3,1,1,2,5,3,4,1,1,1,3,Perempuan
959,5,1,5,7,7,7,7,7,7,7,1,7,7,7,7,7,7,3,7,1,1,1,1,1,1,1,1,1,1,1,1,1,1,1,9,1,9,1,9,9,9,1,9,9,9,9,9,1,9,7,7,7,7,1,7,1,7,1,1,1,1,1,1,1,1,5,5,5,5,5,5,5,5,5,5,5,5,5,5,5,5,101,1,11,Laki-Laki
961,5,6,2,3,7,5,3,2,1,1,2,1,2,1,1,1,1,7,3,6,5,2,6,6,2,5,5,3,2,5,1,6,5,4,8,4,8,3,6,3,9,2,9,1,9,3,8,2,8,6,2,1,5,3,1,2,3,5,7,3,7,2,6,3,3,5,5,5,4,4,1,5,4,4,5,4,2,4,5,4,4,11,61,1,Laki-Laki
964,5,4,7,6,7,5,5,7,7,5,6,1,7,1,4,4,5,5,3,6,5,5,6,6,3,7,7,4,5,3,5,5,4,5,9,3,9,2,8,4,9,1,8,3,9,1,9,4,9,7,5,5,5,1,1,2,7,5,7,7,6,1,1,2,1,5,4,5,4,5,4,5,5,4,3,4,3,1,5,5,5,81,41,1,Laki-Laki
967,2,1,1,5,7,6,3,7,1,3,7,4,5,7,5,7,7,6,7,5,4,3,2,5,1,7,3,1,3,2,1,1,2,1,4,2,9,1,8,1,6,1,8,8,7,3,8,4,8,7,1,1,2,2,1,6,2,1,3,2,3,3,3,3,2,5,5,5,5,4,2,4,5,5,2,4,1,5,5,5,5,61,71,7,Laki-Laki
969,3,2,1,1,5,4,3,5,1,1,2,1,1,1,3,2,3,3,6,7,7,3,6,4,2,5,5,7,6,6,6,6,5,2,8,2,2,2,1,1,3,1,5,2,7,3,3,2,3,6,2,1,3,3,2,2,2,4,5,2,2,1,2,2,3,4,4,3,4,3,1,4,2,2,2,2,3,4,2,3,2,51,51,6,Perempuan
982,3,3,3,3,4,4,4,4,3,1,4,1,6,1,1,1,4,5,4,3,3,4,4,3,4,4,3,4,3,1,1,3,4,4,9,1,6,1,5,5,8,1,9,3,9,5,9,5,9,7,3,4,3,4,4,4,1,4,5,3,4,1,2,1,1,5,5,5,5,2,1,3,5,1,1,3,5,5,5,5,5,1,1,1,Perempuan
990,6,3,1,4,7,7,7,7,7,7,1,1,7,4,1,4,4,7,5,7,7,1,1,1,3,1,7,7,5,3,5,7,7,3,9,1,9,1,9,1,9,1,9,1,9,7,9,1,9,1,1,1,7,1,1,1,1,7,7,1,4,1,1,1,1,1,5,3,5,5,1,5,5,5,3,5,5,5,5,5,5,1,21,4,Laki-Laki
1001,4,2,2,2,2,6,2,1,1,1,2,1,3,1,1,3,1,4,5,6,6,5,3,6,6,6,6,6,5,2,6,6,4,6,6,2,7,2,7,2,3,3,7,4,7,2,8,7,8,4,2,2,4,5,3,3,3,2,4,2,3,4,4,3,4,3,4,3,3,4,2,2,2,3,2,4,2,2,3,2,2,60,18,2,Perempuan
1008,3,2,3,2,3,4,3,3,3,2,2,3,3,3,4,3,3,3,5,4,4,4,5,5,6,4,5,6,4,4,3,5,3,5,8,2,8,2,6,3,6,2,7,7,7,4,8,2,7,4,2,2,3,5,3,3,4,3,5,4,3,3,3,4,5,5,5,5,4,3,1,5,5,4,4,4,4,5,5,5,3,31,81,4,Perempuan
1012,4,5,3,2,4,5,5,2,5,3,2,1,1,1,1,4,5,6,1,7,7,7,7,7,5,7,5,7,4,2,4,4,4,7,9,1,9,1,9,1,9,1,9,1,9,1,9,1,9,7,1,7,7,4,4,5,4,1,1,1,1,4,4,4,4,5,5,5,5,3,1,1,1,3,1,5,1,3,3,3,3,1,101,1,Laki-Laki
1015,4,5,6,6,6,7,3,3,5,3,6,3,6,5,5,5,6,5,3,2,3,2,2,5,6,2,3,3,3,3,3,5,4,4,7,3,8,3,6,3,7,3,8,5,7,3,6,3,5,5,2,2,2,2,2,1,1,2,4,1,2,1,1,1,2,5,5,5,5,5,3,5,4,4,3,5,3,5,5,4,5,22,79,1,Perempuan
1020,7,3,6,1,6,6,4,3,5,4,5,4,5,3,3,3,3,6,3,4,7,3,6,5,7,3,3,4,2,3,4,2,4,6,9,2,9,1,8,2,9,6,8,9,9,2,9,9,9,6,2,2,2,2,2,5,1,5,5,3,1,1,1,1,1,5,5,5,3,4,2,3,4,4,1,2,2,4,4,4,4,12,99,1,Perempuan
1023,3,4,3,5,3,6,4,6,5,7,7,4,7,5,5,5,6,5,3,4,2,3,6,5,5,3,4,7,6,5,4,5,5,7,8,4,9,2,8,3,8,2,8,4,7,3,7,8,9,6,4,4,5,4,1,2,2,6,5,5,6,3,3,1,2,5,5,5,4,4,1,4,4,4,3,2,3,3,5,4,5,72,65,3,Laki-Laki
1025,5,6,6,7,7,7,5,6,7,5,6,7,7,7,6,7,6,6,7,5,5,5,6,6,5,7,6,6,7,7,7,6,7,6,8,1,9,3,9,2,9,3,9,9,8,3,9,2,7,7,3,3,2,1,1,3,2,3,7,6,5,2,1,3,1,5,5,5,5,5,4,5,5,4,4,5,5,5,5,5,5,67,79,6,Perempuan
1034,1,1,1,2,1,6,1,1,1,1,3,1,4,1,1,2,7,4,7,7,1,7,3,7,5,7,6,6,7,4,7,7,7,6,9,1,9,1,8,1,7,6,8,8,7,2,8,6,9,7,5,4,3,1,1,1,5,5,3,5,6,2,3,2,3,5,5,5,5,5,2,4,5,5,1,4,1,4,5,5,4,1,92,1,Laki-Laki
1035,2,2,2,2,3,3,3,1,2,7,2,2,2,2,2,6,2,6,2,6,6,3,6,6,6,6,6,7,6,5,6,6,5,7,8,3,9,1,3,3,8,2,2,8,7,7,8,8,8,7,2,1,2,1,2,5,1,3,2,2,2,1,1,1,1,5,5,5,5,5,1,5,5,1,5,5,2,5,4,5,4,75,23,1,Perempuan
1038,4,2,7,5,7,7,6,2,6,6,7,6,7,6,5,7,3,3,6,6,6,6,5,3,7,4,3,2,3,3,2,3,3,4,9,3,9,1,9,6,9,2,9,2,8,1,9,1,9,7,1,1,2,3,2,6,1,7,6,7,6,2,4,4,5,5,5,5,5,5,4,5,5,4,4,5,5,5,5,5,5,12,101,1,Perempuan
1039,6,3,7,1,7,4,5,1,7,7,7,7,7,7,7,7,7,7,3,2,4,5,6,1,7,1,7,1,3,2,1,7,3,7,9,1,9,1,9,2,9,2,9,1,9,8,9,1,9,5,5,6,6,2,3,2,2,7,6,6,6,2,2,2,2,5,5,5,5,5,5,5,5,5,5,5,5,5,5,5,5,40,68,4,Laki-Laki
1041,6,3,4,3,5,5,3,2,5,3,2,3,6,3,2,2,3,6,3,3,5,4,5,2,7,4,4,7,4,6,4,4,4,4,8,1,8,3,9,2,8,3,9,3,5,2,8,2,8,5,2,4,3,2,2,2,2,2,2,3,2,2,2,2,2,4,4,4,4,4,4,4,4,3,3,3,4,4,3,3,4,79,101,3,Laki-Laki
1042,2,2,2,1,3,4,2,3,1,3,6,2,1,3,2,3,1,5,2,3,6,6,3,5,6,7,5,3,6,5,5,3,3,2,9,6,7,4,6,3,4,4,8,6,4,4,7,3,8,4,2,2,1,1,3,3,3,2,4,2,3,1,2,1,1,4,4,4,5,4,1,4,4,4,3,1,2,5,4,5,2,6,32,4,Laki-Laki
1043,5,3,5,6,6,6,6,5,5,6,6,6,7,7,2,2,4,6,3,6,3,3,4,6,6,6,2,7,4,7,6,4,4,4,7,1,8,2,9,1,9,3,8,4,8,2,9,2,9,5,2,5,2,1,1,6,6,2,2,6,2,2,2,2,2,5,5,5,4,5,3,4,5,4,4,3,4,4,4,4,4,36,82,9,Laki-Laki
1046,6,5,2,1,6,7,4,5,6,5,6,6,7,7,4,5,6,3,1,6,6,2,5,5,6,2,2,1,5,1,6,4,2,5,9,1,9,1,7,4,7,7,8,2,8,5,9,3,9,6,5,6,5,6,3,3,4,5,5,6,6,3,3,2,3,5,4,5,4,5,2,4,5,5,2,4,5,4,5,5,4,94,20,11,Laki-Laki
1048,4,4,4,4,4,4,4,4,4,4,4,4,4,4,4,4,4,5,4,4,4,4,4,4,4,4,4,5,4,4,4,4,4,4,6,5,5,5,6,5,5,5,5,5,6,4,5,5,6,5,4,4,4,4,4,4,4,4,4,4,4,4,4,4,4,4,4,4,3,2,4,4,3,3,3,3,3,3,3,3,3,52,52,6,Perempuan
1050,5,5,6,7,5,5,5,5,6,5,7,5,6,4,5,4,5,5,3,4,3,4,5,6,6,3,6,7,4,5,5,5,5,5,8,4,8,2,9,4,7,4,7,5,8,5,8,7,9,5,4,5,5,3,2,4,3,5,5,5,4,2,2,3,3,5,5,5,5,5,4,4,5,5,5,4,5,4,4,5,4,58,70,8,Laki-Laki
1064,4,4,5,5,7,7,7,3,4,2,4,2,5,4,5,5,4,4,4,3,5,3,3,2,4,3,3,1,3,3,4,3,2,3,9,1,9,1,8,8,7,2,8,8,9,7,8,7,9,6,2,2,6,2,3,3,3,4,5,6,3,2,3,2,2,3,4,4,4,4,2,3,5,3,1,3,3,1,4,5,5,16,101,9,Perempuan
1069,5,5,3,6,5,6,6,5,5,5,5,5,4,6,5,5,5,6,4,5,5,5,5,5,5,5,5,5,5,5,5,5,4,5,8,2,8,4,7,4,8,2,8,6,6,3,9,3,7,5,4,5,5,3,3,3,3,5,5,5,5,3,3,3,3,5,5,5,5,4,4,5,4,5,5,5,5,5,3,5,4,101,52,1,Perempuan
1070,4,3,3,2,2,2,2,1,2,2,1,1,1,1,1,1,1,1,1,1,1,1,1,1,1,1,2,1,2,1,1,1,1,1,1,9,1,9,1,9,1,9,1,9,1,9,1,9,1,7,1,1,1,7,7,7,7,1,1,1,1,7,7,7,7,5,5,5,5,5,1,5,5,5,3,3,3,5,4,4,4,1,101,1,Laki-Laki
1071,2,6,4,7,6,7,7,2,6,1,4,5,7,6,7,6,4,3,2,2,2,6,2,2,6,6,4,6,4,2,2,2,6,6,9,1,9,6,6,3,8,3,8,9,9,3,8,8,9,6,4,4,4,2,4,4,6,2,2,2,2,2,2,2,2,5,4,5,4,4,2,4,4,4,2,3,5,1,5,4,3,61,45,7,Laki-Laki
1072,7,7,7,7,6,7,6,6,7,3,1,3,7,5,6,6,6,7,2,3,2,4,6,4,5,6,5,3,5,1,4,1,5,5,9,2,9,2,9,4,9,3,9,4,9,2,9,9,9,7,3,5,6,4,3,4,3,5,3,4,5,4,2,5,4,5,5,5,5,5,5,5,5,5,5,5,5,5,5,5,5,80,1,10,Perempuan
1073,7,7,6,6,6,4,6,6,6,2,6,6,6,6,2,6,6,6,6,2,2,6,6,2,2,2,2,6,6,6,4,6,6,2,8,2,8,2,8,2,8,2,8,2,8,5,8,2,8,6,6,6,6,2,2,2,2,6,6,2,2,2,2,2,2,5,4,4,4,4,4,4,4,4,4,4,4,4,4,4,4,26,26,2,Perempuan
1075,6,5,4,4,7,7,4,4,4,4,3,1,1,4,4,5,4,6,5,4,4,7,7,4,4,4,4,3,1,1,4,4,5,4,4,2,7,2,8,8,2,2,7,6,9,2,9,2,8,5,2,2,2,3,3,2,2,3,5,4,2,1,2,3,2,3,4,2,3,3,3,4,3,3,3,2,2,2,4,3,3,9,70,2,Perempuan
1077,7,5,6,4,7,6,5,5,4,4,6,7,7,6,5,6,7,4,4,3,6,4,5,5,3,6,5,6,7,6,5,4,4,4,9,1,4,2,8,3,7,4,5,2,5,5,9,1,9,6,5,4,5,2,3,2,1,4,6,6,5,1,2,2,1,4,4,5,4,5,3,5,4,5,3,4,5,3,5,5,5,61,41,1,Perempuan
1079,7,5,5,2,7,6,5,5,4,4,7,7,7,6,5,6,7,4,4,3,4,3,4,6,6,5,5,6,5,6,5,4,3,4,8,4,7,1,6,3,8,1,7,2,4,5,9,2,7,6,5,4,5,2,3,1,1,4,6,6,6,1,2,2,1,5,4,5,4,5,3,5,4,5,4,3,5,3,5,5,5,40,31,6,Perempuan
1086,4,3,5,4,5,7,7,4,5,3,4,4,4,4,5,7,4,4,5,6,4,6,2,2,4,4,4,5,4,4,3,5,1,4,9,5,8,1,8,5,5,3,8,8,8,3,9,4,8,4,5,2,5,4,2,4,3,5,7,1,1,4,4,1,2,4,4,5,4,3,4,4,5,5,3,3,2,5,4,5,3,49,86,11,Perempuan
1091,6,4,3,3,5,6,5,4,5,4,4,2,4,5,5,6,4,2,4,5,5,3,2,3,4,3,4,4,5,4,3,3,2,4,8,7,8,2,7,6,6,4,7,8,7,6,7,4,7,6,5,4,5,4,2,3,4,4,5,3,3,3,3,2,3,4,3,5,4,4,2,4,5,3,2,4,4,2,4,4,4,51,51,6,Perempuan
1093,7,1,1,1,3,6,2,7,3,1,7,5,7,7,6,6,7,7,1,7,7,7,2,5,2,4,7,1,3,2,6,3,3,2,9,8,9,1,7,7,9,3,7,9,8,8,9,1,9,7,2,2,3,2,2,3,3,6,6,7,3,3,5,3,3,5,5,5,5,5,3,5,5,4,5,5,5,5,5,5,4,17,51,3,Perempuan
1097,1,1,1,1,3,6,3,2,7,1,4,3,6,2,3,6,4,6,2,5,6,7,5,7,6,1,5,3,3,1,4,4,3,6,8,2,7,1,8,4,6,2,9,6,9,6,9,1,9,5,4,2,5,1,2,2,2,5,6,2,2,1,1,1,1,5,4,5,5,5,1,4,5,5,2,5,3,5,5,5,4,81,21,1,Perempuan
1098,5,6,4,6,6,5,3,4,4,4,6,4,6,6,4,3,4,4,3,3,6,2,5,2,2,4,4,2,2,2,2,2,2,2,9,2,9,2,9,6,9,2,9,9,9,9,9,1,9,5,4,2,2,1,6,1,7,2,2,3,2,1,1,1,1,5,5,5,4,5,2,5,3,2,2,2,2,2,1,3,5,100,54,11,Perempuan
1103,3,6,2,2,7,7,3,6,7,6,7,7,7,7,3,6,6,6,3,6,6,2,2,2,1,1,1,1,6,1,1,5,2,2,9,2,9,2,9,3,7,1,7,9,9,7,9,3,7,6,2,5,1,1,1,3,3,1,2,1,1,1,1,1,1,5,4,5,5,5,2,5,5,4,4,4,2,4,5,5,5,29,26,9,Laki-Laki
1104,1,2,1,1,4,3,5,6,5,6,5,5,6,6,6,7,6,7,6,6,7,5,4,3,3,2,2,2,2,2,2,2,2,3,9,2,9,2,9,2,9,1,9,8,9,8,9,1,9,7,2,3,6,4,1,4,2,2,1,1,2,2,2,1,2,5,5,5,5,5,3,5,5,5,5,5,3,5,5,5,5,52,41,8,Perempuan
1109,1,1,4,1,1,4,4,1,1,7,6,1,4,4,1,7,1,4,4,4,4,7,4,4,7,7,1,4,1,1,1,4,7,1,9,3,9,1,7,3,6,1,9,9,9,3,9,9,9,4,1,4,1,1,1,1,1,1,7,1,1,1,1,1,1,5,5,5,5,5,1,5,5,5,1,5,1,3,5,5,3,51,71,6,Perempuan
1111,3,2,5,5,7,7,4,1,6,4,5,1,6,2,3,5,6,5,6,6,7,6,6,7,6,2,6,7,3,1,6,6,4,7,9,1,9,1,9,2,9,2,8,3,9,3,9,1,9,7,7,6,6,2,2,1,1,7,7,6,6,1,1,2,1,5,5,5,5,5,5,5,5,5,3,5,5,4,5,4,5,1,92,1,Perempuan
1112,2,1,5,3,6,4,5,4,5,6,4,5,4,5,4,5,5,4,5,4,5,6,5,4,5,4,5,5,4,6,6,5,6,6,8,1,8,3,8,6,8,2,8,7,8,2,7,1,9,5,6,6,6,3,2,2,3,6,6,5,6,2,2,3,1,5,4,5,4,5,4,5,5,4,4,4,5,4,3,5,4,15,101,11,Perempuan
1117,5,6,3,3,3,4,2,3,1,1,4,2,7,7,5,5,5,4,5,5,6,5,5,5,5,4,4,3,4,1,1,3,4,4,7,6,7,8,1,1,9,2,1,8,7,3,6,4,9,5,4,5,5,5,4,4,4,3,4,4,4,4,4,3,3,5,4,3,4,4,3,3,3,3,4,5,3,3,2,2,4,39,45,10,Perempuan
1119,4,5,3,6,7,7,6,6,7,4,6,7,5,7,1,2,2,4,2,5,4,7,5,4,4,2,2,5,6,2,1,4,5,3,9,7,9,1,8,5,8,5,8,8,8,5,8,2,9,6,1,4,2,4,2,2,2,4,6,1,4,1,1,1,1,5,5,5,4,5,2,5,5,5,4,5,3,4,5,5,5,51,51,7,Laki-Laki
1121,2,1,3,3,5,5,4,6,7,2,4,3,5,4,2,5,3,4,4,6,6,6,6,4,5,2,5,4,3,2,5,5,3,3,8,6,9,1,9,4,9,1,7,9,9,5,9,2,9,5,6,6,5,1,2,1,1,6,6,1,1,1,1,1,1,5,5,5,4,3,1,5,5,2,2,4,3,5,5,5,5,51,51,5,Perempuan
1124,7,5,7,7,7,7,5,7,7,3,4,7,7,7,7,7,7,5,4,7,4,4,5,4,4,4,4,7,4,4,4,4,4,4,9,3,9,1,7,2,9,1,9,4,9,3,7,7,9,7,4,4,5,2,2,2,1,5,5,4,5,1,3,2,1,5,5,5,5,5,5,5,5,5,3,5,5,3,5,5,5,1,101,11,Laki-Laki
1126,5,5,3,3,7,7,6,7,7,3,7,7,7,7,7,7,7,5,5,3,3,7,7,5,1,1,1,1,1,1,1,1,1,1,9,9,9,1,9,5,9,4,9,1,9,9,9,1,9,7,2,7,2,6,1,1,1,5,7,7,7,1,6,1,6,5,5,5,5,5,4,5,5,5,4,4,5,5,5,5,5,80,18,9,Laki-Laki
1127,2,2,2,2,6,6,6,2,2,4,7,7,7,6,6,6,6,6,4,6,5,2,2,3,6,6,2,1,2,1,2,5,2,5,8,2,9,2,8,2,7,2,8,5,8,5,8,5,9,6,2,2,2,3,4,4,4,4,4,4,4,4,4,2,3,5,4,5,5,4,2,4,5,4,3,4,4,4,5,5,4,101,101,6,Laki-Laki
1129,5,3,4,3,3,7,6,7,7,6,7,6,6,6,6,7,5,5,3,3,4,6,2,2,1,1,3,1,3,2,1,2,2,1,9,5,8,3,9,9,9,3,5,9,9,9,9,5,9,4,2,2,2,6,6,6,6,2,5,3,4,4,5,3,3,5,5,5,5,5,2,5,5,4,5,5,5,5,4,5,5,51,51,11,Perempuan
1140,5,5,4,5,6,7,5,5,4,5,3,2,6,6,5,7,7,5,5,6,5,5,5,5,6,6,5,7,2,2,4,3,2,6,5,7,8,3,7,3,8,2,7,9,7,4,9,3,8,3,2,1,2,3,2,3,2,1,5,6,6,1,3,1,2,5,4,4,5,4,3,3,3,2,1,2,2,5,4,4,4,30,49,5,Perempuan
1143,2,2,1,2,2,4,3,2,5,1,4,4,4,1,2,4,1,7,7,6,6,7,5,2,5,2,4,5,3,4,7,5,5,5,6,1,9,1,2,6,2,1,5,6,9,3,7,5,8,4,3,1,6,5,2,1,1,7,7,4,4,1,1,1,1,4,5,5,4,4,1,3,3,1,2,3,2,4,3,3,3,1,76,1,Laki-Laki
1148,3,7,7,7,6,6,6,5,5,1,1,5,5,2,3,7,7,3,7,7,3,7,5,6,7,7,2,7,6,5,1,5,1,7,9,2,7,1,9,2,9,3,9,3,9,4,9,1,9,6,6,5,5,3,6,6,2,5,5,2,5,2,2,2,2,5,5,5,5,5,2,5,5,5,5,2,1,4,5,4,4,87,15,11,Perempuan
1150,4,3,2,4,4,5,3,2,4,1,4,1,2,3,2,3,2,5,3,4,4,6,6,4,6,2,6,5,3,3,3,7,5,7,9,2,8,1,6,3,7,3,8,2,9,2,9,2,9,4,3,4,4,3,4,5,3,3,6,3,3,3,3,3,3,5,4,5,5,4,2,4,5,3,4,4,3,4,5,5,3,16,82,1,Perempuan
1155,1,1,1,1,1,4,1,1,1,1,1,1,1,1,2,2,1,7,7,7,7,7,4,7,7,7,4,7,4,2,4,7,7,7,9,3,9,1,1,1,1,1,4,9,9,1,9,9,1,7,1,1,1,3,1,1,1,5,1,4,4,1,1,1,1,5,5,5,5,3,1,5,5,1,3,5,5,5,5,5,3,1,92,1,Perempuan
1157,5,3,1,1,3,7,7,7,7,3,7,5,7,7,7,7,7,7,5,7,6,5,1,1,1,1,3,1,3,1,3,2,1,3,8,1,9,3,7,1,7,3,6,7,9,2,9,6,9,7,1,3,3,1,3,1,3,1,7,3,3,2,1,1,1,5,5,5,5,5,3,5,5,5,5,5,1,5,5,5,4,54,53,11,Laki-Laki
1161,5,5,2,4,7,6,2,5,4,3,1,6,6,6,4,4,4,6,4,6,4,5,7,6,6,6,1,1,5,5,3,3,5,3,7,2,9,2,8,7,9,3,7,9,8,7,9,6,6,6,2,3,6,2,2,1,3,5,7,7,4,2,1,2,2,5,5,5,4,4,4,5,5,4,2,4,3,2,5,4,3,43,41,6,Perempuan
1162,7,6,5,5,7,6,7,1,7,2,7,5,7,6,5,7,6,7,3,2,6,7,6,7,7,2,2,2,4,1,2,2,1,2,7,3,6,3,9,8,9,3,8,8,8,3,6,9,5,5,1,5,6,1,3,2,3,5,7,6,2,1,3,2,2,5,5,5,5,5,5,5,5,5,5,5,5,2,5,5,5,7,58,3,Perempuan
1165,2,1,5,2,7,2,7,2,7,1,1,6,5,7,7,7,7,7,3,4,1,7,2,1,7,1,7,7,1,1,7,1,1,6,9,1,9,1,5,9,9,1,5,8,9,1,9,3,9,7,1,1,1,1,1,7,1,1,7,1,1,1,1,1,1,5,5,5,5,5,3,5,5,5,3,1,4,1,5,5,5,44,44,9,Perempuan
1166,1,1,1,1,1,1,1,7,1,1,7,1,7,1,1,1,1,7,7,5,7,7,7,7,7,7,4,1,5,1,4,1,6,7,9,1,9,1,9,1,9,2,9,9,9,3,7,9,9,7,1,1,7,1,1,1,1,1,1,1,1,1,1,1,1,5,5,5,5,5,1,5,5,5,1,5,5,5,5,5,4,101,1,1,Laki-Laki
1167,6,2,5,6,6,7,6,4,6,6,7,7,6,7,7,7,5,6,2,7,7,7,7,1,6,7,6,7,1,1,1,4,7,5,9,4,9,3,9,9,9,1,9,2,1,3,9,9,9,6,6,6,4,2,5,3,6,4,6,7,5,4,4,5,2,5,4,5,5,5,4,4,5,5,3,5,5,2,4,5,5,92,28,10,Perempuan
1169,1,1,1,3,3,4,3,1,1,1,1,1,5,1,1,1,1,7,7,5,4,6,6,6,7,7,6,5,5,3,6,1,6,7,9,2,7,1,5,1,1,1,7,5,7,4,6,1,9,7,1,1,5,2,2,2,2,3,5,3,4,2,2,2,2,3,4,5,5,3,2,3,1,2,4,3,1,4,3,3,3,23,66,4,Laki-Laki
1174,6,5,6,5,6,6,5,5,6,7,6,7,6,7,7,7,5,2,2,2,2,2,2,2,2,1,1,2,2,2,2,2,1,2,8,3,9,3,6,4,7,3,7,3,9,4,7,3,8,5,5,5,5,3,4,4,4,5,5,5,4,4,4,4,4,4,4,4,5,5,3,4,5,4,4,3,4,4,4,4,4,91,22,10,Perempuan
1176,6,2,1,1,3,5,1,1,1,1,1,1,1,1,1,5,6,6,3,2,7,5,3,5,7,7,7,7,7,5,7,3,3,7,4,1,1,1,1,4,3,1,9,3,3,1,4,1,7,4,2,3,1,1,5,1,1,1,3,1,7,1,1,1,1,1,1,4,5,1,1,1,1,1,2,1,1,1,1,1,1,1,101,1,Laki-Laki
1178,7,7,7,6,6,6,6,6,6,6,6,6,6,6,6,6,6,1,2,2,2,2,2,2,2,2,2,2,2,2,3,2,2,3,9,2,8,2,8,2,8,2,8,2,8,2,8,2,8,3,3,3,3,4,4,4,4,3,3,3,3,4,4,4,4,5,4,4,4,4,4,4,4,4,4,4,4,4,4,4,4,52,68,10,Perempuan
1179,1,1,1,1,1,3,1,1,1,1,2,1,2,1,2,2,1,6,7,7,6,6,5,5,7,7,5,7,7,5,7,7,5,7,6,2,2,2,1,3,2,3,8,4,8,2,9,2,8,5,1,3,2,2,2,2,2,2,2,7,2,1,1,1,1,3,2,3,3,2,2,2,1,2,2,1,1,2,2,2,2,36,82,2,Perempuan
1180,4,2,3,3,6,6,2,2,4,3,6,1,2,2,2,2,2,4,3,4,5,3,3,3,6,5,3,4,3,3,3,3,5,5,7,2,6,1,7,5,5,2,8,2,7,3,7,4,7,5,1,1,1,4,1,2,2,2,6,2,3,2,2,2,1,4,4,3,4,4,1,4,1,4,2,2,1,2,3,3,3,51,96,6,Perempuan
1182,5,2,2,4,6,7,6,4,5,3,3,3,7,5,5,5,6,5,3,3,6,2,5,3,4,3,4,5,2,2,4,5,3,4,8,6,5,3,7,5,9,3,4,9,9,9,9,6,7,4,3,5,4,3,3,2,3,6,5,5,6,3,3,3,3,4,4,4,4,5,3,3,5,3,3,4,3,4,4,4,4,41,35,10,Perempuan
1185,4,4,4,3,6,5,5,4,3,3,6,3,5,5,4,5,6,4,2,4,4,3,5,4,4,3,4,5,5,3,4,4,4,4,7,5,7,3,5,4,4,3,6,5,7,3,7,3,7,3,2,3,4,4,3,4,3,3,4,3,3,4,4,3,3,4,4,4,4,3,2,3,4,3,3,3,4,4,3,4,3,51,51,3,Perempuan
1187,4,1,1,1,4,4,4,4,4,4,4,1,4,4,4,4,1,4,4,5,4,4,4,4,4,4,4,4,4,4,4,4,4,4,5,5,6,4,5,5,5,4,5,5,6,5,5,4,6,5,4,4,4,4,4,4,4,3,3,4,4,1,4,4,4,3,3,5,3,3,3,3,5,5,3,3,3,3,5,5,3,1,1,5,Laki-Laki
1191,6,2,2,3,1,7,6,1,5,1,4,1,6,1,4,5,2,2,5,4,4,7,3,2,7,4,5,5,1,2,4,5,3,7,9,3,7,1,6,6,9,1,7,3,9,2,9,4,9,7,1,2,5,3,1,2,1,6,7,1,3,1,2,1,1,4,4,4,4,3,1,2,2,3,2,4,1,3,3,3,2,42,78,5,Laki-Laki
1193,7,3,4,4,7,7,1,1,7,1,7,1,7,7,4,7,4,4,1,1,4,1,6,7,7,1,1,7,1,1,1,1,1,7,9,1,9,1,9,4,9,1,4,9,9,9,9,1,9,7,1,1,5,2,2,2,2,3,6,2,6,1,1,1,1,5,5,5,5,5,5,5,5,5,5,5,5,5,5,5,5,50,101,11,Perempuan
1199,6,2,2,3,7,4,2,6,5,2,6,3,7,5,2,3,1,6,2,2,3,4,6,4,2,2,6,2,5,1,4,3,5,3,8,8,8,2,9,8,9,3,8,2,9,6,9,9,8,5,2,3,2,7,6,2,6,2,6,2,6,2,2,3,3,5,5,4,5,5,5,5,5,4,1,5,3,2,5,4,5,100,1,1,Perempuan
1201,2,6,7,4,7,7,7,7,2,2,7,7,7,6,4,4,2,6,2,2,7,1,1,2,6,1,6,4,7,1,4,7,4,7,9,6,9,1,9,1,9,1,9,1,9,1,9,9,9,7,7,7,7,1,1,1,1,2,6,5,7,1,2,1,4,5,5,5,5,5,4,5,2,4,4,5,5,1,5,3,5,41,61,3,Perempuan
1203,4,2,2,2,5,5,2,1,2,1,5,1,3,3,2,5,1,4,4,5,7,2,5,6,6,5,6,2,3,5,7,5,3,5,8,3,6,1,4,7,7,2,6,6,9,3,8,3,6,5,1,1,2,3,3,1,2,2,6,6,2,1,3,1,3,4,3,5,4,2,1,3,2,3,2,1,3,4,5,4,4,4,75,2,Perempuan
1204,2,1,4,2,3,4,2,1,2,1,1,1,4,1,3,4,2,6,5,3,7,4,4,7,7,6,5,7,5,2,7,5,7,7,7,4,6,1,5,2,9,4,7,3,8,3,9,2,8,4,1,1,2,2,1,2,1,2,3,1,7,3,2,1,1,5,4,4,3,4,1,3,2,1,2,3,2,2,4,3,3,6,101,1,Perempuan
1205,2,2,2,3,3,3,2,5,1,2,4,5,5,3,1,4,3,6,6,6,5,5,5,5,3,7,5,5,6,6,7,5,6,4,9,1,9,1,7,3,9,2,8,2,7,4,9,1,9,7,5,5,6,3,3,5,2,2,5,4,2,3,3,2,2,5,5,5,4,4,1,4,5,4,1,3,1,4,4,5,4,46,101,3,Perempuan
1206,6,4,5,3,6,6,4,4,3,5,2,3,7,5,2,2,4,6,3,4,3,3,3,4,7,5,5,6,3,2,6,2,6,2,8,3,8,3,9,3,9,4,9,9,9,3,9,2,8,6,1,5,6,2,2,2,3,2,2,7,5,1,1,1,1,4,4,4,3,4,2,4,4,4,3,3,3,3,4,4,4,16,93,2,Perempuan
1207,1,1,1,1,3,3,1,1,1,1,1,1,7,1,1,4,1,7,7,7,7,5,5,7,7,7,5,7,5,1,7,5,7,7,9,1,9,1,9,1,9,1,9,5,9,1,1,1,9,7,1,4,4,4,1,1,1,1,7,1,1,1,1,1,1,5,4,5,5,3,1,5,3,3,5,5,1,3,5,3,1,101,1,1,Laki-Laki
1210,4,4,1,2,6,7,7,2,1,1,7,7,6,1,1,1,1,4,4,1,1,1,5,1,5,1,1,1,1,1,1,1,1,1,9,5,9,1,9,4,9,5,9,9,9,7,9,1,7,5,5,1,1,1,1,1,1,4,4,2,7,1,4,4,1,5,5,5,5,5,5,5,5,5,5,5,3,1,5,5,5,72,50,6,Perempuan
1211,1,1,1,1,1,5,1,5,1,1,1,1,1,1,1,1,1,2,2,2,7,7,1,4,5,6,4,1,5,6,6,6,4,6,9,8,9,1,8,8,8,1,6,8,9,9,7,3,9,6,1,1,1,3,1,7,1,1,1,5,2,1,1,1,1,5,5,5,5,1,1,5,5,5,1,1,1,1,5,5,5,30,67,5,Laki-Laki
1214,2,3,2,2,2,5,5,1,2,1,2,6,2,1,2,5,1,6,5,5,7,6,5,5,7,6,7,6,7,7,7,5,5,7,9,5,8,2,5,2,9,2,7,2,8,3,9,7,8,4,1,2,6,4,2,1,1,5,5,1,2,1,1,1,1,4,4,4,4,2,1,2,3,1,1,3,2,4,4,3,3,5,85,1,Perempuan
1223,2,3,3,4,1,4,2,1,1,1,1,1,1,1,1,1,1,7,2,6,4,6,6,6,7,4,4,7,4,3,4,4,7,7,9,3,9,1,5,4,9,4,9,4,8,2,9,2,9,6,1,1,1,7,4,4,6,2,4,1,2,4,1,1,1,5,5,5,2,1,1,3,5,1,1,1,1,4,5,5,1,1,76,1,Laki-Laki
1225,2,2,3,3,2,2,2,2,2,2,2,2,2,2,2,2,2,6,6,6,6,6,6,6,6,5,6,6,5,5,5,5,6,5,8,3,8,2,8,2,8,3,7,3,8,3,8,3,8,5,3,3,3,3,2,2,2,3,3,3,2,2,2,2,2,5,4,4,4,4,2,3,4,3,2,3,3,3,3,4,4,17,82,1,Laki-Laki
1231,4,3,7,6,7,7,3,6,6,7,7,3,7,6,5,6,5,6,4,3,4,4,4,5,4,3,3,2,3,3,3,2,3,3,9,5,9,1,6,3,9,5,8,3,9,6,8,4,9,5,2,3,4,3,3,3,2,3,4,3,5,1,5,4,2,5,4,5,4,5,2,5,5,5,2,2,4,5,4,5,4,23,22,6,Perempuan
1232,5,3,3,4,7,7,6,6,5,4,7,5,7,7,6,7,7,4,1,2,4,1,1,2,2,1,1,1,4,1,1,1,1,2,9,5,9,2,8,8,8,4,7,9,9,8,9,7,9,5,4,4,5,1,6,4,6,5,7,4,4,4,4,4,4,5,4,5,5,5,1,4,5,4,5,5,5,5,5,5,5,51,88,11,Perempuan
1234,3,2,2,3,6,7,3,5,7,1,6,3,7,6,6,6,6,6,5,2,3,2,2,5,2,2,4,2,3,1,4,2,2,6,9,3,9,1,9,2,9,8,7,7,9,8,9,3,9,6,6,6,6,1,3,3,2,5,6,6,6,1,5,2,4,5,5,5,5,5,2,5,5,5,5,5,5,3,5,5,5,81,46,9,Perempuan
1237,4,4,3,3,4,5,4,3,4,3,7,1,7,4,4,5,4,4,4,3,4,5,3,5,5,3,4,3,5,3,4,4,7,7,9,3,8,3,9,4,8,1,7,3,9,6,9,9,9,5,1,1,4,4,2,3,2,4,5,2,3,3,3,1,2,5,5,5,5,5,3,5,5,5,3,3,5,5,5,5,5,10,11,6,Laki-Laki
1239,5,4,1,4,7,7,7,1,1,1,7,5,5,7,5,7,7,4,4,7,4,4,3,1,7,7,7,1,4,1,7,4,7,1,9,7,9,2,9,3,9,3,9,7,9,3,9,1,9,7,7,1,7,1,1,1,1,1,7,1,7,1,1,1,1,4,5,5,2,4,1,5,5,5,1,3,5,3,5,5,4,51,71,5,Perempuan
1246,4,4,3,4,5,5,3,3,4,2,6,2,6,3,2,4,3,4,4,3,4,5,3,5,5,4,4,3,5,3,4,3,5,6,9,2,8,2,8,3,9,1,7,2,9,7,9,9,9,6,2,3,2,3,1,2,1,5,5,3,2,1,2,1,3,3,4,5,4,4,5,5,5,5,1,4,4,3,5,4,4,22,87,3,Perempuan
1247,5,3,5,3,6,7,5,4,6,2,7,4,7,4,4,5,5,4,4,3,6,4,6,3,3,3,5,3,3,6,4,4,4,4,8,3,9,2,9,6,8,4,8,8,8,7,8,3,8,5,2,4,4,3,4,4,4,4,4,4,4,3,3,3,3,5,5,5,5,5,3,4,5,5,3,5,4,4,3,5,4,78,101,1,Perempuan
1248,6,6,5,6,7,6,5,5,6,5,5,5,5,5,6,7,1,4,2,4,4,7,4,7,4,1,7,7,7,7,7,7,7,7,1,2,9,1,8,4,9,1,9,3,9,1,9,3,9,7,6,1,7,1,1,1,3,6,7,7,7,1,1,1,1,5,5,5,5,5,2,5,3,3,5,5,1,5,5,3,3,1,58,3,Laki-Laki
1249,3,3,2,2,5,5,4,4,4,2,5,2,4,2,3,3,4,4,4,4,5,3,4,3,3,2,4,3,3,3,4,4,4,2,6,6,5,4,4,6,3,4,4,7,6,7,6,5,6,5,2,2,2,3,3,3,3,3,4,3,2,3,3,2,3,4,4,4,4,3,2,3,5,2,3,4,3,5,5,4,2,1,1,6,Perempuan
1251,5,4,6,4,6,6,5,4,5,4,5,3,7,4,4,5,5,4,3,2,4,4,5,3,2,3,4,3,3,2,3,3,2,4,7,6,9,1,6,5,8,4,7,4,9,7,9,5,8,4,4,4,5,4,4,4,3,2,4,1,2,2,2,2,2,4,4,5,5,5,1,3,4,3,2,3,4,4,5,5,5,83,65,2,Perempuan
1252,6,6,3,7,7,7,5,7,7,6,7,7,7,7,4,6,7,4,2,5,2,4,2,4,1,1,1,1,2,2,2,2,2,1,9,3,9,2,9,3,7,3,9,8,8,2,8,7,9,7,6,5,5,2,5,5,5,2,5,6,5,1,2,2,2,5,5,5,5,4,5,5,5,5,5,5,5,5,5,5,4,86,11,11,Laki-Laki
1253,3,5,2,2,6,7,4,5,2,2,7,6,5,5,2,5,1,5,3,6,6,3,4,5,3,6,5,2,6,2,2,2,5,2,9,6,8,1,8,3,3,2,8,5,8,3,8,2,9,7,2,3,6,1,3,3,3,5,6,6,5,3,3,2,3,4,4,5,3,4,3,4,4,4,2,3,2,4,5,4,4,26,58,4,Laki-Laki
1254,4,4,1,4,4,5,3,7,6,4,7,6,6,7,7,7,6,4,1,6,4,6,2,2,1,1,2,1,2,1,2,2,1,1,8,8,9,2,9,5,9,3,5,9,9,9,8,9,8,4,4,4,4,4,4,4,4,4,1,4,4,4,4,4,4,5,5,5,5,5,3,5,5,5,3,5,5,5,5,5,5,101,27,11,Laki-Laki
1255,4,4,2,3,3,3,4,4,4,6,6,4,1,1,1,4,1,4,4,5,5,5,5,4,6,4,2,2,4,3,2,2,2,6,7,6,6,4,7,5,7,3,5,8,7,6,6,3,7,5,5,3,3,5,5,3,3,2,3,5,4,5,5,4,4,5,5,5,4,4,2,4,5,5,2,4,4,4,5,4,5,61,60,6,Laki-Laki
1256,4,5,5,4,5,3,4,5,3,6,7,7,7,7,3,6,6,6,1,5,1,1,4,5,3,7,6,1,1,7,7,5,7,5,9,2,9,1,9,1,8,9,8,2,4,3,9,1,8,7,4,6,5,1,1,3,2,6,2,6,5,2,3,3,3,5,5,5,5,5,5,5,5,5,5,5,4,5,5,4,5,41,14,11,Laki-Laki
1264,4,1,2,1,6,7,5,3,3,4,6,2,5,4,5,6,6,3,3,4,4,3,4,2,3,3,3,2,3,3,3,4,3,2,7,2,7,4,6,3,7,3,3,3,8,4,9,5,7,5,3,3,4,4,3,4,3,4,4,4,3,4,4,4,4,4,4,4,3,4,2,3,4,3,2,2,3,3,3,3,3,53,72,6,Perempuan
1265,4,2,2,2,4,5,4,4,5,4,5,3,4,5,5,6,6,4,4,4,4,4,5,4,4,3,4,3,2,4,3,3,4,4,7,2,5,3,5,4,5,3,5,5,6,5,8,3,6,4,4,4,4,4,4,4,4,4,4,4,4,4,4,4,4,3,3,3,3,3,3,3,3,3,3,3,3,3,3,3,3,57,66,6,Laki-Laki
1267,4,3,2,2,3,6,4,3,3,4,6,2,2,5,3,5,4,4,5,5,3,5,4,5,5,3,4,2,3,3,4,4,3,3,9,7,9,1,8,5,4,3,8,9,8,6,4,2,8,4,4,4,4,4,4,4,4,5,6,3,4,1,1,1,1,5,5,5,5,4,1,4,4,4,3,5,3,5,5,5,5,21,27,3,Perempuan
1271,4,2,3,2,4,6,3,4,3,5,7,2,4,3,2,4,3,4,3,3,3,3,3,3,3,4,3,3,3,3,3,3,5,4,8,1,8,1,8,3,9,3,7,1,8,6,6,1,7,5,5,4,4,2,3,1,4,3,5,1,7,4,4,2,1,5,4,5,3,4,1,5,5,3,3,1,4,5,5,5,5,51,52,6,Perempuan
1279,5,2,5,5,7,7,5,1,4,5,7,4,4,5,3,6,2,6,2,3,2,2,4,3,2,4,3,2,4,2,3,3,3,3,9,6,8,3,5,5,9,4,9,5,9,8,9,8,7,5,4,4,4,3,4,3,5,3,4,3,3,3,3,3,3,5,5,5,5,2,1,5,5,3,3,4,4,5,5,5,5,51,51,6,Perempuan
1282,6,4,6,7,5,7,7,4,7,4,4,4,7,6,6,6,1,1,1,1,1,4,1,1,4,1,1,3,4,1,1,4,1,1,9,3,8,3,9,7,7,3,8,9,9,9,9,5,7,7,6,4,6,2,3,4,4,4,7,4,4,2,2,3,2,5,5,5,4,5,5,3,5,4,5,5,5,5,5,5,4,94,99,11,Perempuan
1284,2,1,1,1,7,2,1,4,2,1,1,1,3,1,1,2,2,4,3,5,6,2,5,6,6,4,6,6,1,5,3,5,6,7,6,7,5,1,3,5,5,5,6,8,6,1,9,3,6,4,1,1,1,3,1,4,3,4,5,1,2,2,1,2,1,5,5,5,2,2,1,4,5,1,1,3,1,4,5,4,2,1,92,1,Perempuan
1285,4,3,3,3,7,7,5,6,3,6,7,7,7,7,5,5,7,3,2,4,4,1,2,2,1,3,1,1,1,1,1,1,3,1,9,7,5,3,9,6,8,4,7,9,9,8,9,5,9,5,1,1,2,6,3,4,4,3,4,2,4,4,4,3,4,5,5,5,5,5,5,5,5,4,1,3,5,4,5,5,4,97,42,10,Laki-Laki
1286,5,2,1,1,5,6,6,5,5,1,5,2,3,1,1,4,3,4,2,1,3,3,4,4,1,2,2,4,4,3,2,4,2,6,7,4,9,1,7,3,7,3,7,9,7,7,8,3,9,7,4,2,2,4,4,4,4,4,5,2,5,4,4,4,4,5,5,5,4,5,1,5,5,5,2,3,5,1,5,5,4,49,101,1,Perempuan
1289,2,2,2,3,4,6,5,5,5,3,5,4,4,4,4,5,5,5,4,5,5,5,6,5,3,3,4,4,5,5,5,3,4,4,9,1,8,3,8,5,9,2,8,1,8,3,9,3,8,5,2,3,3,3,3,3,3,4,3,5,4,3,4,3,3,5,5,5,5,5,5,5,4,5,4,4,5,5,4,5,5,66,74,8,Laki-Laki
