id,gender,age,edu,hs1,hs2,hs3,hs4,hs5,hs6,bs1,bs2,bs3,bs4,bs5,bs6,gpg1,gpg2,gpg3,gpg4
1,2,34,3,3,2,4,2,4,5,5,4,4,3,4,4,5,1,1,2
2,2,23,4,1,4,2,2,2,1,4,4,3,4,3,3,2,1,1,2
3,1,36,4,5,4,2,3,4,4,5,5,3,4,5,4,4,4,6,2
4,1,42,3,5,5,4,6,5,3,5,4,4,4,4,3,5,6,6,6
5,1,20,2,3,1,3,3,2,3,3,3,4,4,5,3,4,1,4,4
6,2,34,3,3,3,4,3,4,2,4,5,3,3,5,3,4,5,5,2
7,1,43,2,6,5,5,5,5,5,4,5,6,5,4,4,3,6,6,5
8,2,24,4,4,4,5,4,4,3,6,5,5,5,4,4,2,4,6,4
9,1,26,2,5,4,4,5,5,5,4,5,5,5,4,4,6,4,6,6
10,2,18,4,3,3,3,3,2,2,6,5,4,3,5,6,3,5,5,3
11,2,19,2,2,1,3,2,1,3,4,2,3,2,4,2,2,3,1,1
12,1,27,5,4,3,4,3,3,2,4,4,3,4,5,5,6,6,1,2
13,1,35,2,3,2,3,3,2,2,4,2,3,4,5,4,1,3,5,2
14,2,18,3,5,4,4,4,4,3,4,3,4,3,3,3,3,1,4,3
15,1,32,3,5,4,4,4,5,4,4,4,4,5,4,4,6,5,5,4
16,1,32,5,5,3,4,3,5,4,3,4,4,4,4,2,6,6,1,3
17,1,18,1,3,3,3,4,3,3,4,3,4,5,4,4,3,5,4,3
18,2,18,4,4,2,2,2,3,3,6,4,5,4,5,4,2,4,1,2
19,2,18,5,3,4,4,3,2,2,4,4,3,4,3,5,4,3,1,4
20,1,28,3,4,4,4,5,4,5,4,4,4,4,5,3,4,4,5,4
21,1,30,2,3,3,4,4,3,3,4,5,4,4,5,3,5,4,6,2
22,2,22,3,4,3,4,4,5,4,3,4,2,3,3,3,5,4,3,2
23,2,40,4,3,3,4,3,4,4,3,3,1,3,3,4,1,1,5,2
24,1,23,4,3,2,2,3,3,3,4,4,4,4,3,2,1,3,3,6
25,1,31,4,3,3,5,3,2,4,6,4,6,5,5,5,6,5,3,5
26,1,41,2,5,5,5,4,3,4,4,5,5,4,5,2,4,5,3,5
27,2,24,4,4,3,6,5,4,4,3,5,5,5,5,4,4,2,6,1
28,1,23,3,3,3,5,2,5,4,5,5,5,4,4,4,3,5,5,2
29,1,25,4,3,3,4,3,4,3,5,4,6,6,4,5,4,6,5,6
30,1,46,3,5,4,5,4,5,6,5,3,5,4,3,4,6,4,5,6
31,1,33,5,3,2,4,2,3,5,3,2,2,3,2,1,4,3,2,5
32,2,30,4,4,4,5,4,4,4,4,4,4,5,6,5,5,6,3,4
33,2,18,5,4,4,4,2,4,4,5,5,4,4,4,5,1,4,3,3
34,2,26,5,4,4,5,3,4,3,4,3,3,4,3,3,2,4,6,5
35,1,19,3,2,3,3,3,4,4,3,5,3,2,3,2,2,5,5,3
36,1,36,2,3,3,3,3,2,4,4,3,3,3,3,4,3,5,1,3
37,1,31,2,5,4,5,4,4,4,6,3,4,3,5,2,6,6,5,5
38,1,26,2,5,4,4,5,4,4,5,6,5,5,5,4,6,6,6,6
39,1,27,5,4,3,3,4,3,5,4,3,4,3,4,3,4,6,5,1
40,2,26,1,3,4,2,3,4,4,2,4,3,3,2,3,2,5,4,6
41,2,23,4,3,3,4,4,3,4,3,5,4,4,5,5,5,3,1,2
42,1,32,4,4,2,3,4,4,4,4,2,3,4,2,1,4,2,3,6
43,2,39,4,4,2,3,3,4,4,3,3,2,4,1,2,3,2,4,4
44,1,25,3,5,4,4,3,3,4,4,3,5,5,4,3,4,5,5,4
45,2,30,2,2,3,2,2,4,1,3,3,4,3,3,4,1,3,3,1
46,1,44,4,3,4,3,2,4,4,3,3,4,2,2,4,3,1,5,4
47,1,24,5,5,6,4,5,5,4,4,4,4,3,4,6,6,5,6,5
48,1,20,3,4,3,5,4,6,5,4,5,3,4,4,4,5,4,5,6
49,1,25,3,5,6,5,4,4,5,5,5,5,4,4,3,4,3,3,6
50,1,33,2,3,4,2,4,5,3,4,3,5,4,3,4,3,3,4,2
51,2,36,4,3,4,2,4,4,1,4,5,6,5,4,5,2,4,2,1
52,2,19,2,3,1,2,2,1,1,5,5,4,4,4,5,1,1,1,1
53,1,22,5,5,5,4,5,5,4,3,5,4,4,5,5,6,6,6,4
54,1,26,5,3,3,4,3,3,3,5,5,6,5,5,3,5,3,3,5
55,2,27,4,2,3,1,4,4,4,3,2,2,3,2,4,1,5,3,1
56,1,18,4,3,4,3,4,4,5,5,3,5,4,5,3,6,5,4,6
57,2,26,4,3,4,3,4,4,4,5,5,3,5,4,4,5,3,5,4
58,2,34,2,2,4,4,2,3,2,4,4,4,5,4,4,2,1,1,1
59,2,38,4,3,3,3,3,3,3,4,4,4,5,5,4,4,2,3,1
60,1,32,3,3,4,4,4,4,5,4,6,6,5,6,6,4,6,6,5
61,1,23,4,4,3,5,4,4,4,5,4,4,5,5,3,6,4,3,6
62,1,30,4,3,5,3,4,3,3,5,6,6,5,6,6,4,6,4,6
63,1,25,4,2,4,3,4,2,2,3,3,2,2,2,3,3,3,2,5
64,1,18,2,4,6,3,4,4,4,3,4,5,4,4,4,3,5,6,6
65,1,22,4,4,4,4,4,3,3,4,3,6,5,4,4,5,6,5,4
66,2,30,3,1,2,2,3,2,2,4,4,4,4,4,4,2,1,1,3
67,1,19,2,4,5,4,4,4,5,5,5,6,5,3,5,2,5,6,5
68,1,38,4,3,4,2,3,2,3,5,5,5,5,5,6,4,4,5,5
69,1,19,4,4,4,3,4,3,3,4,4,4,3,4,4,3,4,4,2
70,1,45,2,2,4,2,4,3,3,3,4,4,4,3,3,4,6,5,1
71,1,18,4,3,3,3,3,4,4,5,4,6,5,5,5,2,5,4,4
72,1,35,3,3,5,4,3,4,4,4,4,4,4,3,4,6,4,4,6
73,2,23,3,3,2,2,2,3,3,4,3,3,4,4,4,1,2,3,3
74,1,30,4,6,4,5,4,3,4,4,4,4,4,4,2,5,6,6,2
75,1,31,4,4,5,5,6,6,6,4,5,6,6,4,6,6,6,6,5
76,1,41,2,2,4,4,3,4,2,3,4,3,3,3,3,5,2,4,1
77,1,30,4,4,4,2,4,3,3,5,4,5,4,5,4,6,5,3,1
78,1,32,5,4,5,5,4,5,3,4,4,4,4,3,4,3,3,6,5
79,2,34,2,3,3,5,4,6,6,2,3,5,3,4,4,3,2,5,5
80,2,18,3,4,2,5,6,4,3,5,5,4,4,5,5,5,3,5,5
81,2,18,5,3,2,2,2,2,1,3,3,3,3,4,4,2,2,1,1
82,1,22,2,4,3,4,4,3,5,5,4,5,4,6,5,4,6,3,6
83,2,31,4,2,1,1,2,3,2,3,2,3,2,3,3,1,2,1,2
84,1,35,4,5,3,3,3,4,4,2,4,3,4,4,3,6,4,1,4
85,1,33,4,5,4,4,4,3,3,5,4,5,3,4,4,3,5,2,5
86,2,34,4,4,4,4,4,3,5,4,5,3,5,5,4,4,6,2,6
87,2,28,4,3,3,4,3,3,3,3,4,4,4,4,5,4,2,1,2
88,1,34,4,4,6,4,4,4,6,6,3,4,5,5,5,6,6,5,5
89,2,29,2,4,4,3,4,4,4,6,6,6,5,6,5,3,4,6,6
90,2,18,2,2,3,3,2,3,2,4,4,5,4,5,5,3,2,2,3
91,1,18,4,4,4,4,4,2,3,5,5,4,5,5,5,4,2,5,6
92,1,45,2,2,4,4,4,4,3,5,6,6,6,6,4,6,5,4,5
93,1,52,4,5,6,5,5,5,4,4,4,4,4,3,2,4,5,6,5
94,1,26,1,4,6,5,5,5,3,5,6,5,6,6,4,6,2,6,6
95,2,24,4,1,2,3,2,3,3,3,4,3,5,4,6,4,1,2,1
96,2,33,4,4,3,5,5,5,4,4,4,4,5,4,4,3,3,5,5
97,1,30,3,3,4,4,3,2,1,5,5,5,5,5,4,2,3,6,6
98,2,28,2,2,4,3,2,2,2,4,5,4,3,4,2,1,2,2,4
99,1,27,3,5,5,5,3,4,5,2,4,4,5,4,4,4,5,6,3
100,1,35,4,4,3,3,4,5,2,2,4,5,4,2,4,3,3,4,5
101,1,33,5,3,4,3,3,3,3,4,2,1,3,4,2,3,4,2,2
102,1,30,3,3,4,3,3,3,4,4,4,3,3,3,4,4,6,1,4
103,2,31,4,5,3,5,4,5,3,5,4,4,5,3,4,5,5,6,4
104,1,39,3,6,4,4,4,5,6,4,5,4,3,5,5,6,6,5,5
105,2,33,4,4,4,4,2,4,4,3,3,3,4,4,4,1,6,3,2
106,2,24,4,3,4,5,3,3,3,4,4,4,4,5,5,5,4,3,2
107,2,26,4,2,2,3,2,3,3,2,4,2,3,3,4,1,2,1,3
108,2,39,2,5,4,2,4,3,4,6,5,4,6,5,6,2,5,3,5
109,2,26,4,3,4,2,4,2,4,4,4,4,3,3,5,3,1,3,2
110,2,33,2,1,2,2,1,2,2,3,3,4,4,4,4,1,1,3,1
111,1,18,3,5,4,4,5,5,4,4,4,4,4,4,4,5,3,6,4
112,2,37,2,1,1,1,3,3,3,2,3,3,3,3,3,1,2,1,2
113,1,28,4,3,4,3,3,2,3,4,4,4,4,2,4,5,4,2,2
114,2,18,4,5,3,5,3,4,4,3,4,3,3,2,3,3,6,1,4
115,2,30,2,2,3,2,3,3,3,4,3,2,2,4,3,1,4,1,1
116,2,23,2,2,2,4,2,2,3,3,2,4,4,3,2,2,1,2,1
117,1,31,4,4,5,3,3,4,3,6,6,6,6,6,5,4,6,6,4
118,1,35,4,5,4,4,4,4,4,4,5,2,4,5,4,5,6,3,4
119,2,22,3,3,2,3,4,3,2,4,4,4,3,4,3,2,2,1,2
120,1,38,5,3,3,3,3,3,2,5,5,5,3,5,4,5,5,5,1
121,1,28,2,3,2,2,3,3,4,4,5,4,5,2,4,4,5,5,2
122,2,19,4,3,3,4,2,3,3,5,4,4,5,3,3,5,2,3,5
123,2,18,4,2,3,2,1,4,4,3,3,3,4,4,3,2,1,1,1
124,2,28,4,4,2,3,3,3,2,4,4,3,4,4,3,2,3,1,5
125,1,23,2,2,3,3,3,3,3,3,4,4,4,4,5,3,5,2,2
126,2,25,4,5,3,4,4,4,4,3,4,3,5,4,3,2,6,4,3
127,1,30,1,2,3,4,2,3,4,2,3,4,3,4,4,2,3,6,4
128,1,26,4,2,2,3,4,1,3,3,3,3,4,2,3,5,1,4,4
129,2,36,4,4,3,3,3,3,4,4,3,3,4,2,3,3,1,3,1
130,2,18,2,3,2,2,2,3,3,3,5,4,3,4,3,1,2,1,3
131,1,22,3,4,5,5,4,6,5,4,6,6,6,6,5,6,6,6,6
132,2,24,5,3,2,2,3,4,1,3,3,3,3,2,3,1,3,2,1
133,1,28,4,5,5,5,4,4,6,2,4,3,4,3,2,4,6,6,5
134,1,52,4,2,3,4,4,4,4,4,4,4,3,3,2,4,3,4,5
135,2,26,4,4,3,4,2,3,3,5,4,3,5,5,3,1,3,3,3
136,2,31,4,2,3,4,2,2,2,3,3,2,4,4,3,4,1,2,2
137,2,18,1,3,3,3,3,2,3,3,4,3,4,3,3,4,2,1,1
138,1,41,4,4,3,5,3,3,4,5,4,4,6,5,4,4,6,6,3
139,1,33,1,4,4,3,4,3,2,4,4,4,3,5,5,4,2,6,5
140,2,22,4,3,2,4,4,4,4,3,4,3,3,4,3,2,2,4,3
141,2,22,4,2,3,4,5,4,4,4,4,2,2,4,5,5,2,2,3
142,2,18,5,3,3,3,2,4,2,3,3,4,4,3,3,3,1,4,2
143,1,37,4,4,4,4,5,4,4,5,3,4,3,3,4,5,3,5,6
144,2,28,4,4,3,2,4,4,3,3,4,2,4,2,2,6,1,3,1
145,2,29,4,2,1,1,3,2,3,1,3,2,3,3,2,1,1,1,1
146,1,41,4,2,4,3,2,2,4,3,2,4,5,4,4,3,4,1,3
147,2,25,3,3,4,4,5,4,5,3,4,4,3,4,4,4,4,6,4
148,2,34,2,5,4,3,4,4,3,5,3,3,4,3,3,4,3,3,5
149,1,20,2,4,5,5,3,3,4,3,4,5,5,4,4,6,4,5,5
150,1,30,3,5,5,6,4,6,4,4,4,4,4,5,4,6,6,5,6
151,2,30,4,5,4,3,4,4,4,3,5,3,5,4,5,5,1,5,4
152,1,32,4,5,6,4,4,4,5,5,4,5,5,3,5,6,5,6,6
153,2,31,2,1,3,2,3,3,4,5,4,3,5,5,5,4,1,4,2
154,1,25,5,5,4,5,5,5,5,4,4,4,3,4,3,6,4,4,5
155,2,34,5,4,2,3,3,2,3,4,3,3,4,3,4,4,1,1,2
156,1,26,4,5,4,4,4,3,4,3,4,3,5,4,5,4,3,3,3
157,1,31,4,2,4,3,2,2,2,1,2,2,1,1,3,4,1,2,1
158,1,33,4,3,3,4,3,2,3,2,3,3,3,3,4,4,1,1,6
159,2,32,3,2,3,2,3,3,3,2,2,3,3,3,4,2,3,1,1
160,1,28,2,3,5,3,3,2,3,2,4,3,3,4,4,2,3,4,1
161,2,27,3,5,4,4,4,3,4,6,4,3,3,6,5,2,4,5,4
162,2,49,5,2,2,3,4,2,2,6,3,3,5,5,4,1,1,1,1
163,2,33,3,2,3,4,3,4,4,4,4,3,4,4,6,5,4,6,3
164,1,39,2,5,4,4,4,4,4,5,5,5,4,5,4,5,5,6,5
165,1,28,4,5,3,3,3,3,4,3,5,4,5,4,4,3,6,6,6
166,2,18,4,4,3,4,3,3,4,4,3,4,5,4,4,3,3,1,6
167,1,29,2,3,5,5,3,5,2,5,6,4,5,4,3,1,6,5,4
168,2,18,4,4,4,4,5,5,3,4,5,3,5,4,5,6,5,5,3
169,2,25,2,4,4,4,4,4,4,5,4,4,4,5,4,6,3,3,2
170,1,31,3,5,4,4,3,4,4,4,3,3,3,3,4,4,4,2,4
171,2,18,3,3,4,3,4,4,4,4,3,3,3,4,4,2,5,2,5
172,2,18,4,2,3,2,3,4,3,2,2,3,5,2,4,2,2,6,2
173,1,27,4,6,6,4,4,4,5,5,5,4,4,6,4,6,6,6,6
174,1,29,2,4,4,5,6,4,6,5,5,4,6,5,5,6,6,6,5
175,1,28,4,4,5,5,3,5,4,5,4,4,4,2,5,5,5,3,5
176,1,36,4,4,5,4,4,5,4,4,4,5,4,5,5,6,5,3,4
177,1,30,2,4,4,3,3,4,3,3,4,4,4,3,4,4,3,4,6
178,2,28,2,2,2,4,3,3,3,2,4,2,5,3,2,1,1,1,1
179,1,23,2,4,3,5,6,5,4,4,4,3,4,4,5,5,5,5,6
180,2,37,2,2,3,2,1,5,3,3,3,4,2,2,3,3,3,4,1
181,2,22,5,1,3,3,2,3,2,3,2,2,3,3,2,1,1,1,3
182,2,28,4,2,2,2,3,3,3,3,2,1,1,1,2,1,2,1,1
183,1,29,4,4,3,5,4,4,4,4,5,4,5,4,4,4,5,6,5
184,2,31,5,5,2,4,4,3,4,4,4,4,4,4,5,3,4,5,6
185,1,18,1,3,4,5,4,4,4,4,4,3,4,4,5,5,6,1,4
186,2,36,4,3,3,2,3,3,3,3,3,4,4,3,3,2,5,4,3
187,1,23,4,5,4,4,3,3,5,3,4,4,4,5,5,5,5,4,2
188,2,33,4,1,2,2,3,1,1,3,3,3,3,3,3,1,1,1,1
189,1,40,3,4,4,5,4,5,5,5,5,5,4,4,6,6,6,6,6
190,1,37,2,3,3,4,3,4,5,3,3,5,4,3,3,4,6,2,3
191,2,23,5,4,4,3,5,4,4,4,3,4,4,5,4,3,5,4,2
192,2,29,3,2,4,1,2,3,3,5,4,4,4,4,4,3,1,3,3
193,1,38,4,5,4,3,4,4,5,5,5,5,5,4,4,5,4,5,6
194,2,31,4,4,4,4,6,4,4,5,3,4,4,4,5,6,3,6,3
195,1,18,5,2,2,3,5,2,4,4,5,4,2,3,3,5,5,4,5
196,1,34,4,2,2,3,3,3,2,5,4,3,3,4,6,2,4,1,3
197,1,27,4,4,3,4,3,3,4,5,3,3,4,4,5,3,2,2,5
198,2,31,4,3,2,3,3,3,3,4,4,4,4,4,5,5,5,2,1
199,2,30,4,4,5,4,3,3,3,4,3,5,6,5,3,2,2,4,4
200,1,44,4,6,5,5,6,6,6,4,5,6,5,4,4,4,5,6,6
201,2,28,2,4,4,3,4,4,4,5,5,4,3,4,3,5,5,5,2
202,2,35,4,3,2,4,4,2,2,2,3,3,4,3,4,5,3,5,2
203,2,19,2,3,4,3,2,3,3,3,3,3,3,3,3,1,3,1,1
204,2,31,4,4,3,2,3,3,3,3,3,4,2,3,4,2,3,1,4
205,2,21,5,3,5,2,2,4,3,5,5,3,3,5,4,2,2,4,3
206,1,26,3,3,3,3,2,4,4,6,5,5,5,4,5,6,4,3,4
207,2,42,4,5,4,5,6,5,5,5,6,5,5,5,5,6,4,5,6
208,2,34,3,2,4,3,4,3,5,3,4,5,5,5,3,1,1,2,2
209,2,24,1,3,2,3,3,4,3,4,4,4,4,5,5,3,3,6,3
210,2,31,3,4,3,5,3,4,3,3,4,2,3,4,3,1,2,3,3
211,2,33,4,1,1,1,1,2,2,3,3,3,4,3,3,2,1,1,1
212,2,22,4,2,2,3,2,3,3,5,4,4,3,4,3,1,2,3,3
213,1,35,2,4,5,5,5,4,3,4,3,4,4,3,3,5,5,6,3
214,2,18,4,1,3,2,3,3,5,4,4,3,4,3,3,2,1,3,1
215,2,39,4,2,3,4,3,3,3,4,4,3,4,4,4,1,1,1,4
216,1,18,4,4,3,3,3,3,4,4,4,5,4,4,4,2,4,3,5
217,2,39,4,3,3,3,3,3,4,3,3,3,3,4,4,1,4,2,2
218,1,23,5,5,5,6,6,5,5,5,5,3,4,4,3,6,5,6,5
219,2,23,2,4,5,5,4,5,5,5,6,4,5,4,4,4,4,6,3
220,1,18,2,3,4,2,3,3,3,3,1,1,2,3,2,5,3,2,1
221,2,21,4,4,4,4,6,3,5,3,3,3,3,1,3,3,3,3,3
222,2,23,4,3,1,3,4,2,3,4,3,4,5,4,4,3,5,1,3
223,2,27,4,5,3,4,3,3,4,2,2,3,2,1,3,1,3,4,2
224,2,28,4,2,2,3,4,2,3,5,3,4,3,4,4,1,1,2,2
225,1,24,4,5,6,5,5,4,5,5,5,4,5,6,6,5,6,6,6
226,1,18,4,4,3,5,3,3,4,3,4,5,4,3,4,5,3,5,5
227,2,24,5,4,4,3,3,3,5,4,3,4,3,3,4,2,3,2,2
228,1,18,4,2,1,1,3,2,3,5,5,5,5,4,4,2,4,4,1
229,1,32,4,2,3,2,3,3,4,2,2,4,2,3,3,3,3,2,6
230,2,32,2,3,4,3,3,3,3,3,3,4,4,5,5,2,4,1,1
231,1,28,3,2,2,2,2,3,3,4,4,3,4,2,5,2,2,2,2
232,1,38,3,3,3,2,4,4,4,2,3,3,3,2,5,2,2,2,4
233,2,24,5,4,3,4,4,4,4,4,5,4,5,4,5,3,2,3,2
234,2,39,2,3,2,3,3,2,3,5,5,5,5,4,3,1,1,3,4
235,2,34,3,4,3,4,3,3,4,4,3,3,4,3,3,1,2,6,5
236,1,39,4,4,3,3,2,5,4,4,4,6,4,5,5,5,4,4,6
237,2,25,4,1,1,2,3,2,3,4,3,4,2,3,3,1,2,4,2
238,1,41,2,3,3,3,3,3,4,4,5,5,5,5,5,5,6,3,3
239,2,33,4,4,3,3,3,4,3,4,4,3,5,4,5,5,3,4,1
240,2,29,4,4,4,3,4,4,5,4,4,4,4,5,5,5,4,5,2
241,1,19,4,3,3,3,4,4,3,4,4,3,3,4,4,1,4,2,4
242,1,21,4,2,4,6,4,3,4,4,3,3,4,3,2,4,5,2,3
243,1,31,4,5,5,4,5,3,3,4,5,5,5,4,5,4,4,6,4
244,2,26,5,3,4,4,2,3,5,3,3,3,5,4,4,2,1,1,6
245,1,31,5,2,4,4,4,4,4,3,4,3,3,4,5,6,5,2,4
246,1,24,2,3,5,3,2,2,3,4,3,3,3,3,3,4,1,2,2
247,2,38,5,3,3,2,1,2,3,3,4,3,5,3,3,1,1,1,1
248,2,18,4,4,3,3,4,5,4,3,4,3,2,3,4,3,1,4,3
249,1,34,2,3,2,4,3,4,2,3,5,6,6,3,5,4,2,5,3
250,1,18,4,3,4,4,3,4,3,4,3,3,3,3,2,2,2,4,5
251,2,34,4,3,2,2,2,2,1,4,4,4,5,3,4,1,1,2,1
252,1,30,4,4,4,4,6,4,3,4,4,4,5,4,4,6,4,3,6
253,1,24,4,4,6,4,6,4,4,4,4,4,5,3,5,5,6,4,5
254,1,21,1,4,4,4,4,4,4,3,4,4,3,3,3,4,4,2,4
255,2,32,3,4,2,5,4,3,4,3,4,3,5,5,4,5,4,3,2
256,2,37,2,4,5,3,3,3,4,4,5,4,5,5,4,6,5,3,6
257,1,27,5,4,2,3,2,3,2,3,4,4,2,4,4,1,2,3,1
258,1,27,4,5,5,5,5,3,4,4,5,6,3,5,5,5,6,5,6
259,1,18,4,5,3,5,3,3,3,5,4,4,4,3,4,3,6,3,6
260,2,27,4,4,2,3,4,3,4,4,6,5,5,5,3,2,5,5,2
261,1,18,4,4,3,2,5,3,4,3,3,2,4,4,5,6,3,6,2
262,1,25,4,2,3,2,3,3,3,3,2,5,3,3,3,3,3,2,4
263,2,30,3,3,3,3,4,4,3,4,3,3,5,4,4,3,2,5,4
264,2,35,4,1,1,3,2,2,1,3,3,4,3,3,4,1,1,1,1
265,2,31,2,5,4,3,5,3,4,4,4,2,4,3,4,5,3,5,4
266,2,39,3,2,2,4,2,3,2,3,1,3,3,3,3,1,2,1,1
267,1,48,5,4,4,3,4,3,5,5,3,3,5,5,4,4,6,6,3
268,1,37,2,2,4,3,3,3,4,4,4,4,4,3,5,4,3,5,5
269,2,25,1,2,4,4,3,4,5,4,4,4,4,6,4,3,3,6,2
270,1,28,4,3,3,3,2,2,5,3,3,6,5,3,5,4,4,2,4
271,1,32,4,3,5,3,2,3,4,4,5,6,4,6,4,4,5,4,4
272,2,27,4,4,3,4,2,2,4,6,5,4,6,5,3,3,2,4,3
273,2,36,4,3,3,2,1,3,3,4,3,4,4,4,6,1,2,2,3
274,2,27,4,2,2,2,5,3,3,3,4,4,4,3,4,2,1,3,1
275,1,43,5,4,6,5,3,4,4,3,4,3,2,3,2,6,3,5,6
276,1,18,4,5,2,4,2,5,2,5,5,4,5,4,5,4,6,4,6
277,1,18,3,5,5,4,6,6,6,5,6,5,5,5,5,6,6,5,6
278,1,22,4,3,5,5,4,3,4,3,4,4,3,3,4,5,5,5,2
279,1,36,4,4,5,4,5,4,3,4,4,4,4,4,3,5,5,4,4
280,1,29,2,3,3,3,4,3,2,4,3,2,2,3,3,2,6,4,2
281,2,18,2,3,4,4,3,4,4,4,5,4,4,4,4,2,3,3,6
282,2,19,4,3,4,2,5,4,3,2,3,4,4,3,4,1,1,4,6
283,1,32,2,3,2,3,2,3,1,2,3,1,2,2,4,2,3,2,5
284,2,35,4,2,2,1,2,2,2,4,3,3,2,3,5,1,3,3,2
285,2,36,4,2,3,2,3,2,2,3,1,1,4,2,3,1,1,1,2
286,2,21,4,3,4,3,2,4,2,3,5,3,4,3,5,2,3,2,5
287,2,29,5,4,4,4,4,4,3,5,6,5,5,5,5,4,5,5,5
288,2,27,3,4,2,3,4,3,4,3,4,3,3,3,3,2,1,5,1
289,2,24,2,2,3,4,4,4,2,5,4,4,4,3,5,3,3,2,4
290,2,27,4,2,1,2,2,2,2,3,4,4,2,3,2,1,1,2,2
291,1,32,2,4,2,3,3,3,3,3,5,3,4,4,4,5,6,3,4
292,2,36,4,4,2,4,4,4,3,4,4,4,4,4,4,3,1,3,5
293,1,19,2,5,4,4,5,3,5,4,5,5,5,5,6,4,6,6,6
294,2,28,2,4,3,4,3,3,3,3,5,4,5,5,5,2,3,2,5
295,1,38,3,5,5,4,5,4,4,6,6,6,6,5,6,3,6,6,4
296,2,21,2,2,2,3,3,4,5,4,4,3,4,4,4,2,1,4,4
297,1,22,2,4,6,5,4,5,6,4,6,4,5,6,4,6,3,6,5
298,2,23,2,3,4,3,4,4,3,3,3,3,3,3,3,3,1,2,3
299,2,32,4,5,5,4,4,6,6,2,5,4,5,4,6,1,3,5,3
300,2,30,2,5,2,3,2,4,3,1,2,1,2,2,1,1,4,2,1
301,2,22,4,4,3,2,3,4,3,5,4,3,4,3,4,4,1,1,1
302,2,28,3,4,2,4,4,5,3,4,3,4,4,5,4,4,3,6,3
303,1,39,3,3,3,3,3,2,3,4,5,3,5,4,5,4,4,3,3
304,2,27,2,3,4,3,3,4,2,4,2,3,4,3,2,1,1,1,3
305,2,37,2,1,1,3,2,2,1,1,2,2,3,3,3,1,1,1,1
306,2,41,4,3,4,3,3,4,5,6,5,5,5,5,5,6,4,5,4
307,2,39,3,4,4,4,4,3,4,5,5,4,4,5,3,4,4,3,2
308,1,24,4,3,2,4,4,3,3,4,3,3,4,4,4,3,2,4,4
309,1,38,4,2,3,2,3,3,3,4,4,5,5,4,3,3,4,3,2
310,2,34,3,3,3,4,3,4,2,4,4,2,5,3,4,1,2,4,3
311,1,41,4,6,6,6,6,6,5,5,6,6,5,6,6,6,6,6,6
312,1,23,4,5,6,5,4,4,4,3,4,4,4,5,4,6,5,6,6
313,1,22,3,3,4,4,3,2,4,4,3,5,3,3,3,3,4,6,2
314,2,24,2,5,5,4,3,3,2,3,4,4,4,4,4,3,2,2,6
315,1,32,2,5,3,4,4,4,3,3,3,4,4,4,3,5,6,4,5
316,1,21,4,4,4,3,2,4,3,4,6,4,4,5,5,2,4,5,4
317,2,26,2,2,2,4,3,3,4,3,4,3,5,3,5,3,3,4,3
318,2,29,4,5,5,3,2,4,3,3,4,3,4,4,4,3,2,5,3
319,2,22,4,4,3,5,3,3,4,5,5,6,4,4,5,2,3,3,4
320,2,28,1,3,2,2,4,2,3,4,4,4,5,4,4,2,4,1,1
321,2,25,4,6,5,6,5,5,5,5,5,3,6,4,4,6,4,5,5
322,2,27,4,4,4,3,3,2,3,2,3,3,3,4,3,1,2,1,1
323,1,32,3,5,5,4,4,4,3,4,4,4,2,4,5,3,4,5,6
324,1,23,3,4,3,4,4,4,4,5,4,4,3,4,4,6,6,4,5
325,2,18,2,2,3,2,3,4,5,3,5,3,6,5,4,1,5,2,4
326,1,25,4,5,4,4,4,4,5,4,5,3,5,4,4,6,4,4,6
327,2,34,3,3,3,1,3,3,4,4,4,4,4,4,3,2,4,2,1
328,1,30,4,4,5,4,4,4,4,3,3,5,5,5,3,6,3,6,5
329,2,32,3,2,2,4,1,3,2,4,3,4,4,4,4,1,1,2,1
330,1,27,2,5,6,4,3,4,5,6,5,6,4,5,6,5,6,6,6
331,1,23,2,4,5,4,4,4,3,4,5,5,5,4,4,5,5,6,5
332,1,32,4,4,5,5,3,3,4,5,5,4,4,4,5,5,5,5,6
333,1,30,1,3,3,4,3,3,3,3,4,4,3,4,3,2,3,2,3
334,1,21,4,4,6,6,6,5,5,4,3,4,4,4,4,6,5,5,5
335,2,36,4,3,3,3,1,4,5,5,5,4,4,5,4,1,5,1,4
336,1,31,4,4,4,3,4,3,4,3,2,5,3,3,4,2,4,5,3
337,2,25,2,4,4,4,3,5,4,4,4,5,5,5,6,4,4,3,4
338,1,19,5,4,5,4,6,5,3,4,4,5,4,4,4,6,3,5,5
339,2,18,4,3,3,3,3,2,3,3,4,2,4,2,4,4,1,1,2
340,1,31,4,4,5,4,3,2,3,4,3,6,6,4,4,3,2,3,4
341,2,24,4,3,2,5,3,1,5,3,3,4,4,4,4,2,1,3,5
342,1,40,2,4,4,3,5,5,3,3,4,4,3,4,5,3,4,4,6
343,2,27,4,5,4,5,4,5,3,3,5,3,2,4,4,5,3,2,4
344,2,29,5,3,2,3,3,3,3,4,3,4,4,3,4,3,2,1,1
345,2,24,5,3,3,4,2,2,3,2,3,2,3,3,4,2,2,1,2
346,1,33,3,6,5,4,5,4,5,4,4,5,4,4,6,6,6,5,3
347,2,36,4,3,2,3,3,4,4,3,3,2,4,3,4,4,2,3,1
348,1,40,2,3,3,1,3,3,3,4,4,3,2,2,4,2,1,3,6
349,2,30,2,2,2,1,2,2,4,3,3,4,4,4,4,2,4,2,2
350,1,33,5,5,4,3,4,4,4,3,4,3,4,3,4,4,4,4,6
351,1,26,3,3,4,3,4,2,4,5,3,3,3,4,3,4,6,4,6
352,1,31,4,3,6,4,5,5,6,5,5,6,4,4,5,5,6,5,6
353,1,53,4,4,4,3,4,4,2,4,3,5,2,4,3,4,3,4,6
354,1,18,4,4,5,4,4,4,2,4,4,5,5,5,3,6,3,6,6
355,1,25,5,4,5,4,5,3,3,3,4,4,5,4,4,4,4,4,6
356,1,39,4,4,4,4,5,6,6,3,3,4,4,5,4,3,6,5,5
357,1,30,3,3,2,3,1,3,2,4,6,6,4,5,4,3,2,1,1
358,1,28,1,4,4,4,4,5,4,6,5,5,4,5,4,5,5,6,4
359,2,22,2,3,3,3,4,4,2,5,4,4,4,4,3,3,3,3,5
360,1,18,3,4,4,3,1,4,3,4,4,3,3,3,1,2,5,5,6
361,1,30,1,4,4,4,4,4,4,4,4,3,3,3,3,4,6,6,5
362,1,21,3,2,3,3,2,2,2,4,2,3,4,3,3,5,3,1,5
363,1,32,5,3,2,3,2,2,3,4,3,4,4,5,3,4,1,4,5
364,2,28,4,3,3,2,5,2,3,4,5,3,6,4,5,3,1,2,1
365,2,18,2,3,3,3,3,2,3,6,4,5,5,5,4,2,2,4,2
366,2,25,2,3,2,1,3,2,3,2,3,3,2,4,3,1,3,2,1
367,1,33,2,3,4,4,4,4,4,3,5,4,4,4,2,6,1,6,4
368,2,25,4,4,3,4,3,5,6,5,5,5,4,5,4,3,4,2,5
369,2,38,5,4,4,4,3,4,5,5,4,3,4,5,4,3,1,5,6
370,2,22,3,4,3,3,5,3,5,2,3,4,4,3,3,5,2,1,4
371,1,27,4,4,4,3,4,4,2,5,4,5,4,4,5,6,5,5,3
372,2,26,4,5,4,5,6,5,4,5,3,4,5,4,4,5,6,5,6
373,2,20,4,3,1,3,3,2,3,5,3,4,4,5,5,1,2,5,1
374,1,25,4,3,3,3,3,4,4,5,4,5,4,4,5,5,3,5,6
375,1,26,5,5,4,3,4,4,3,4,3,3,4,3,5,3,4,5,2
376,1,30,5,2,4,2,4,4,2,6,5,5,5,5,6,6,4,3,4
377,2,30,2,4,4,1,4,5,5,4,3,4,4,4,5,4,4,2,4
378,1,19,4,4,3,4,4,5,6,3,5,4,4,4,4,6,3,5,5
379,2,18,5,3,3,3,4,3,2,3,3,3,4,4,3,2,3,1,4
380,1,47,4,3,2,4,2,3,3,4,3,3,3,4,3,5,6,1,1
381,2,25,3,3,4,4,4,5,4,3,3,2,5,2,2,3,2,5,2
382,2,36,2,4,3,3,3,4,4,4,5,4,4,5,3,1,1,2,4
383,1,27,5,3,3,2,2,3,3,3,3,2,3,5,4,1,4,1,5
384,2,29,4,3,3,4,3,3,2,3,2,3,3,3,3,2,2,3,4
385,2,18,4,4,3,3,2,3,2,2,3,1,2,2,2,1,1,2,1
386,2,23,3,2,1,1,2,2,1,2,2,3,3,3,3,3,1,2,1
387,1,28,2,4,5,3,3,5,3,4,5,6,5,6,6,6,4,2,4
388,2,22,4,3,5,4,4,3,4,3,3,3,4,3,4,3,4,2,6
389,1,40,4,3,4,5,5,3,5,2,3,4,3,5,4,6,4,5,1
390,2,31,3,4,2,4,4,2,3,3,3,4,3,4,3,1,3,5,1
391,2,28,2,5,4,5,3,4,6,4,5,4,4,5,5,1,5,6,5
392,1,23,2,5,4,4,4,5,3,5,3,5,4,4,4,4,6,4,3
393,2,37,4,4,3,4,3,3,2,4,3,2,3,2,2,2,3,1,1
394,1,25,3,4,4,3,2,5,3,5,3,2,4,4,4,1,1,6,6
395,1,35,4,5,5,4,4,4,2,3,5,5,3,3,5,5,5,4,5
396,2,18,3,2,4,3,4,4,3,4,5,4,4,5,4,4,5,2,5
397,1,23,2,5,5,5,4,6,6,5,5,6,5,5,4,5,6,6,6
398,1,34,3,5,4,5,4,3,5,4,4,5,4,5,5,6,5,5,5
399,2,34,3,4,4,4,4,4,3,5,5,5,4,5,5,5,6,3,5
400,1,33,2,3,4,3,4,3,6,5,5,6,5,4,5,5,1,2,3
401,1,30,2,4,4,4,4,4,3,4,5,2,4,4,3,6,6,4,5
402,2,29,5,1,1,1,2,3,2,5,4,2,4,3,3,1,1,3,1
403,1,30,4,4,5,5,3,4,3,3,3,3,3,2,3,5,5,2,5
404,2,30,3,4,3,2,4,3,3,3,3,4,5,4,4,2,2,5,3
405,1,21,4,5,5,5,5,5,5,3,4,6,2,3,3,6,6,6,3
406,1,40,4,3,4,4,4,3,3,4,5,3,5,4,4,4,4,4,3
407,1,23,4,5,5,4,4,4,3,3,4,4,4,4,5,6,4,6,6
408,1,39,4,2,3,3,1,1,3,3,2,5,4,2,4,4,6,4,1
409,2,35,2,4,5,4,4,4,4,5,6,4,6,5,5,2,4,6,2
410,2,20,4,4,4,2,3,3,3,2,2,1,3,2,2,1,1,6,1
411,1,25,4,3,4,3,5,4,4,4,5,5,3,4,3,3,4,2,4
412,1,41,3,4,3,5,4,3,2,4,4,5,4,4,3,5,4,4,4
413,2,23,3,3,4,3,4,5,4,5,3,4,5,4,3,4,2,6,4
414,1,42,3,4,4,3,4,4,3,4,2,5,4,4,2,6,2,3,4
415,1,27,4,6,4,4,4,4,5,5,6,5,4,5,5,6,6,6,5
416,2,21,4,4,1,3,3,3,3,3,3,2,1,2,3,2,1,4,1
417,1,21,4,2,3,2,2,3,3,3,2,4,3,2,3,3,4,2,2
418,2,25,3,2,2,2,4,4,3,1,4,3,3,3,4,2,1,2,3
419,1,30,2,6,6,4,4,4,4,5,3,4,3,5,4,6,6,6,3
420,1,36,3,2,4,4,4,3,3,4,4,5,4,4,4,2,3,2,6
421,1,18,4,6,4,6,5,6,4,4,4,4,4,3,5,5,6,5,6
422,1,32,1,6,6,6,6,5,5,4,5,3,4,5,6,5,6,5,6
423,2,26,3,4,4,3,5,3,5,4,4,1,2,3,3,6,3,4,1
424,2,18,4,3,2,4,3,4,3,3,3,2,3,3,2,2,1,1,1
425,1,25,2,5,6,4,4,5,5,4,4,6,5,5,5,5,4,4,6
426,1,34,5,3,3,2,2,3,1,4,3,3,3,2,3,1,2,1,3
427,2,25,2,5,3,5,4,5,6,5,5,5,4,5,6,3,5,4,5
428,2,18,2,2,1,2,2,3,2,4,5,5,5,5,4,1,2,2,1
429,2,39,5,4,3,3,3,3,3,3,4,2,3,3,4,4,2,2,2
430,1,41,3,4,5,4,5,5,5,5,4,3,3,3,4,6,4,6,6
431,1,27,2,5,3,6,4,4,5,5,4,4,4,4,5,6,3,6,6
432,1,42,5,4,4,3,3,5,4,3,5,5,4,3,3,4,3,5,5
433,1,18,4,3,6,5,4,4,5,4,4,6,3,3,3,4,6,5,6
434,1,35,2,2,3,3,2,4,1,3,3,2,3,3,5,5,4,2,1
435,1,40,5,4,3,5,6,3,4,6,5,5,6,6,5,6,5,4,6
436,1,38,4,4,5,5,4,3,5,3,3,4,4,4,4,5,6,5,3
437,1,21,3,5,5,3,4,4,3,4,5,4,5,4,5,5,5,6,5
438,1,18,4,4,3,3,3,4,4,4,4,4,3,3,4,5,6,5,3
439,2,35,4,4,4,5,4,3,3,4,4,4,4,3,3,2,5,2,2
440,1,27,4,5,4,5,4,5,3,4,4,4,4,4,4,4,6,5,6
441,1,36,2,6,3,4,3,5,5,4,4,6,5,5,4,5,5,4,6
442,2,25,2,3,3,3,4,3,5,5,3,3,4,4,4,5,2,4,1
443,2,18,4,3,3,2,2,3,3,4,3,3,3,2,2,1,2,1,1
444,2,20,2,3,4,4,5,3,3,4,3,4,4,3,4,4,3,1,1
445,2,36,2,3,2,3,2,3,4,4,3,3,3,2,2,4,1,3,2
446,2,28,4,4,5,4,6,4,5,5,5,4,5,5,4,4,4,2,3
447,2,26,3,1,2,2,2,1,1,3,3,4,3,4,2,1,1,2,1
448,2,18,3,5,5,5,4,4,4,4,4,2,2,4,2,1,2,5,2
449,2,37,2,3,2,2,2,3,2,4,5,4,4,4,5,1,1,2,1
450,1,36,4,3,6,4,5,5,5,3,3,3,3,2,1,6,5,4,6
451,2,22,4,4,3,2,4,4,3,3,3,3,4,3,5,3,2,3,3
452,2,18,5,4,3,5,4,3,4,2,4,3,4,4,4,5,4,3,2
453,1,42,2,4,4,3,4,5,4,6,4,6,4,3,5,4,5,5,4
454,2,26,4,2,4,3,4,3,5,4,3,5,4,4,5,1,5,2,1
455,2,19,2,1,2,2,2,2,2,4,4,4,3,3,4,1,1,2,1
456,1,26,4,4,6,4,4,4,5,3,5,5,4,4,4,6,6,6,6
457,1,22,3,4,4,3,3,3,3,5,5,4,5,4,5,4,2,4,2
458,2,38,3,3,4,4,4,5,6,4,2,4,4,3,3,2,3,3,2
459,2,28,4,1,2,2,2,3,2,3,3,4,2,2,3,1,1,3,2
460,1,37,4,4,3,5,3,3,4,3,4,4,4,3,4,5,5,4,4
461,1,30,3,3,4,4,5,4,4,4,4,4,4,5,4,6,6,4,6
462,1,26,4,5,3,3,4,4,4,4,3,4,5,4,5,5,2,6,6
463,1,32,4,3,4,4,2,1,4,4,4,3,2,2,3,1,1,3,1
464,1,39,2,3,4,3,4,4,5,4,4,4,3,2,2,3,3,2,2
465,2,30,4,2,2,2,4,2,4,4,4,1,2,3,2,3,1,1,3
466,1,28,4,4,2,4,3,3,3,5,3,5,4,6,5,5,4,4,2
467,2,18,5,1,3,2,3,3,2,4,4,3,5,5,1,1,1,1,1
468,1,20,4,5,6,5,4,4,3,3,5,4,3,5,4,4,6,3,6
469,2,28,2,1,2,1,2,2,3,2,4,4,4,5,3,1,1,1,3
470,2,42,3,1,2,2,3,2,3,3,2,4,3,3,2,3,1,1,1
471,2,19,4,3,2,3,5,4,4,3,4,2,4,4,4,2,5,5,4
472,2,28,4,4,3,3,4,2,2,5,4,4,4,4,4,2,3,1,2
473,2,32,2,3,3,3,2,4,4,3,4,4,5,5,5,3,4,1,1
474,1,45,5,4,5,4,4,5,4,4,4,4,5,5,5,4,6,3,6
475,2,21,3,3,4,2,2,2,3,4,3,2,5,5,2,4,1,1,1
476,1,33,4,4,4,4,6,5,5,5,6,6,5,5,5,6,2,6,6
477,1,21,4,4,5,4,5,5,5,6,5,5,6,6,6,3,6,6,6
478,1,33,4,3,5,4,4,3,4,3,5,4,5,3,3,5,6,5,5
479,1,28,2,2,3,2,3,2,3,3,4,3,3,3,4,1,3,5,2
480,1,40,4,2,3,4,1,3,2,4,3,3,4,3,3,3,5,2,1
481,2,31,3,3,3,3,2,4,3,4,5,5,5,5,5,5,4,2,4
482,1,35,4,4,5,5,4,6,6,2,3,3,3,4,2,6,6,6,6
483,1,19,5,3,5,4,5,2,5,4,5,4,5,4,5,5,6,5,4
484,1,23,3,4,4,3,3,3,4,5,3,5,5,3,5,6,6,4,5
485,1,20,2,5,5,5,5,4,4,4,3,4,4,4,4,5,5,6,5
486,1,39,4,3,4,3,3,3,2,4,3,6,2,4,2,2,4,6,4
487,1,32,2,2,2,3,4,1,4,3,4,2,2,3,2,3,4,1,3
488,2,25,1,4,4,3,3,4,2,4,5,3,5,4,5,2,2,1,2
489,1,30,4,5,5,5,3,4,5,4,5,3,5,4,6,5,6,5,3
490,1,32,4,4,4,4,3,2,4,3,3,4,3,5,5,6,6,5,5
491,2,33,2,2,1,2,2,3,2,3,2,1,4,1,3,1,1,1,1
492,1,32,3,4,4,6,5,5,3,5,6,4,3,4,3,3,5,3,6
493,1,30,4,5,5,4,5,5,5,5,4,4,4,5,5,6,6,6,6
494,1,35,4,2,3,3,3,2,3,6,4,2,4,4,4,2,2,4,1
495,1,29,5,4,4,2,3,4,3,3,3,4,3,3,5,6,2,4,4
496,1,33,1,3,4,3,3,2,2,4,3,4,2,4,3,1,3,4,4
497,2,18,4,2,2,5,4,3,3,2,4,3,3,2,4,3,2,2,3
498,2,26,2,5,4,4,4,3,4,4,3,3,4,3,4,4,5,3,1
499,2,18,5,5,3,3,4,4,5,5,3,4,3,3,3,4,5,6,5
500,2,32,4,4,4,3,4,4,3,5,3,4,4,4,4,3,4,4,3
501,2,23,4,5,3,5,5,5,3,4,4,4,3,5,4,2,1,3,5
502,1,44,3,3,4,4,4,3,3,3,2,3,3,3,2,4,2,4,3
503,1,19,5,4,3,3,3,3,4,3,3,4,4,1,4,4,2,1,5
504,2,18,4,3,2,4,3,4,2,5,6,5,5,6,4,5,5,4,4
505,2,35,2,2,3,3,4,3,2,5,3,5,3,4,3,4,1,2,2
506,1,26,5,5,3,3,4,4,4,5,5,5,3,6,4,6,6,4,3
507,1,25,3,3,4,3,5,4,5,3,4,5,4,3,3,6,5,6,6
508,1,30,4,3,3,3,4,4,3,5,5,3,3,4,5,2,4,3,1
509,1,42,4,1,2,2,3,3,3,2,3,3,3,2,3,2,1,1,1
510,1,38,4,6,5,5,4,4,5,5,5,5,6,5,5,6,6,5,6
511,1,35,4,5,6,6,5,4,4,6,5,5,4,6,4,6,6,6,6
512,2,35,2,2,3,3,3,4,3,3,4,4,3,5,4,4,1,4,4
513,1,21,4,6,6,5,5,4,6,5,4,6,5,5,3,6,5,6,5
514,2,26,4,4,3,3,4,4,3,4,4,4,3,4,5,3,4,4,1
515,2,19,3,4,2,2,4,5,4,4,4,4,4,3,3,2,5,4,1
516,2,23,4,5,5,5,4,4,5,3,5,5,3,3,4,1,6,5,6
517,1,19,4,6,4,4,3,4,4,3,4,5,3,4,4,5,3,5,5
518,1,19,5,4,5,4,6,3,5,3,5,5,5,4,3,6,6,6,5
519,2,20,4,3,1,3,3,3,2,4,6,4,4,4,5,2,3,4,2
520,1,30,2,3,3,3,3,4,3,2,3,3,3,4,1,3,3,5,2
521,1,28,4,3,5,5,3,6,5,5,4,3,4,5,4,5,6,6,4
522,2,26,4,4,2,3,3,4,2,5,4,3,4,5,2,1,5,1,3
523,1,37,4,2,3,2,2,1,2,4,4,3,4,5,3,2,3,3,3
524,1,24,2,2,4,3,3,3,3,3,3,3,3,3,1,2,4,3,3
525,1,26,4,5,4,3,4,4,3,5,4,4,4,5,6,3,6,6,5
526,2,33,5,2,3,3,1,1,2,2,2,3,3,4,3,2,3,2,2
527,1,20,4,3,4,4,3,5,4,5,3,3,4,3,4,6,2,2,3
528,1,28,2,4,3,3,4,4,3,4,4,5,4,5,4,6,6,4,3
529,2,36,4,3,2,4,3,3,2,3,3,3,2,1,4,2,2,1,3
530,1,18,1,2,2,3,4,2,2,5,4,3,2,2,4,1,1,1,2
531,2,28,2,4,2,3,3,2,4,3,4,3,3,4,5,2,3,3,2
532,1,52,2,6,5,6,3,5,6,5,4,4,4,4,3,6,6,4,4
533,1,26,2,4,3,3,2,4,2,5,3,5,4,3,6,3,1,4,1
534,2,28,3,3,3,2,2,3,3,3,4,3,3,3,3,1,3,1,3
535,1,18,4,4,4,5,3,3,4,3,3,4,4,3,4,4,5,6,2
536,2,20,2,4,4,3,3,4,3,4,4,5,5,5,6,4,4,1,4
537,1,29,3,4,4,3,5,5,4,5,4,5,5,6,3,6,5,5,4
538,2,35,5,4,3,2,2,3,3,3,4,3,3,3,4,1,4,2,3
539,1,29,5,4,4,3,5,4,3,2,4,3,4,3,2,6,4,6,2
540,1,30,1,3,3,4,4,3,4,3,3,4,4,3,3,5,5,6,3
541,2,21,2,3,3,3,3,2,3,4,3,3,3,4,3,3,2,1,3
542,1,28,4,4,4,5,4,3,3,3,3,4,5,3,3,5,5,6,5
543,1,27,2,2,3,3,2,3,3,3,4,4,3,2,4,2,2,3,3
544,2,21,2,3,3,4,3,2,2,3,3,2,4,3,3,2,3,2,1
545,2,21,2,4,4,2,5,5,5,4,3,3,4,2,3,3,5,3,3
546,1,27,4,5,6,5,5,5,4,5,5,5,4,4,4,6,6,4,4
547,2,31,3,4,2,3,4,3,3,2,2,3,3,3,4,3,1,3,1
548,1,32,3,5,4,5,4,5,4,5,5,5,5,6,4,6,6,4,6
549,1,31,4,4,5,3,3,4,3,4,3,4,3,5,3,6,6,4,2
550,2,26,2,3,3,3,3,3,4,4,4,3,4,3,3,5,2,1,1
551,1,25,4,4,3,4,4,3,4,3,3,4,4,4,4,6,2,6,3
552,1,35,4,3,3,3,2,3,3,4,4,5,3,4,5,3,6,2,2
553,2,22,2,1,2,1,3,3,1,3,3,3,4,3,4,3,1,2,3
554,2,18,2,3,3,4,4,4,3,4,3,3,5,4,4,3,3,1,1
555,1,19,3,5,4,3,2,6,4,4,5,4,4,4,4,6,5,3,3
556,2,38,4,2,3,1,4,3,4,5,5,4,6,5,3,2,2,4,2
557,2,27,2,3,2,2,1,2,3,5,5,3,3,3,3,4,3,2,1
558,2,24,5,3,3,3,2,4,5,4,5,3,3,4,4,4,4,2,4
559,2,28,4,1,1,1,1,2,1,3,1,2,3,2,2,1,1,1,1
560,1,31,2,5,4,4,2,4,4,3,3,3,3,3,5,6,5,6,5
561,2,18,4,5,4,2,3,2,3,4,4,3,4,4,3,2,1,3,5
562,2,25,3,3,2,4,2,2,2,2,2,2,2,3,1,1,3,1,1
563,2,24,4,3,4,4,3,4,3,5,5,5,6,4,5,5,3,5,4
564,2,34,4,4,2,2,3,4,3,3,4,2,2,3,4,1,3,1,2
565,1,44,2,4,5,4,4,5,4,4,5,5,4,5,5,5,3,6,6
566,1,33,4,4,3,3,3,3,3,6,4,4,3,3,2,4,3,4,1
567,2,33,2,3,2,4,4,2,1,2,4,2,3,4,3,1,3,1,2
568,1,39,4,3,5,3,4,5,3,3,3,4,3,4,3,6,5,2,6
569,2,32,4,2,3,3,2,3,2,3,4,3,4,4,3,2,4,3,1
570,1,33,4,4,3,4,4,3,3,2,2,4,3,3,2,5,5,3,4
571,1,18,4,4,5,5,5,5,3,3,3,4,5,3,3,4,3,6,6
572,1,33,4,3,4,4,4,4,5,5,6,5,5,3,5,5,5,6,4
573,1,41,1,4,5,4,4,4,5,3,4,4,5,5,4,6,4,5,1
574,2,28,4,2,2,4,2,4,1,3,3,3,4,5,3,1,2,1,4
575,1,18,3,4,5,6,4,3,5,5,4,6,4,4,5,6,6,6,5
576,1,21,4,3,3,4,4,4,4,5,4,3,4,4,2,3,2,3,4
577,2,24,4,2,2,3,3,3,3,5,6,5,4,3,5,1,2,5,1
578,1,28,4,3,4,4,4,2,4,3,4,3,2,3,3,2,4,6,6
579,2,24,4,2,4,2,2,4,2,3,4,4,3,3,2,2,2,3,5
580,1,20,3,4,5,3,4,2,4,4,2,4,3,4,3,2,4,3,3
581,2,30,4,3,4,4,3,2,3,3,3,3,2,5,4,2,1,3,3
582,1,24,5,4,5,4,4,4,5,6,5,5,6,6,4,6,5,4,6
583,2,39,2,6,5,4,3,4,4,5,5,4,6,5,6,6,5,5,3
584,1,18,4,3,5,4,4,5,4,5,4,5,4,3,4,5,5,5,5
585,1,37,4,3,4,2,3,3,3,5,6,5,5,4,4,4,5,5,3
586,1,36,4,4,5,4,3,5,6,6,4,6,4,4,3,6,6,6,6
587,1,20,2,6,4,5,5,5,5,3,3,4,3,3,4,6,6,6,3
588,2,32,2,4,2,2,3,1,1,3,2,3,3,3,4,1,2,1,1
589,1,43,5,2,4,4,3,4,3,3,3,4,4,3,3,6,2,4,5
590,2,36,4,2,3,4,3,3,2,4,4,5,4,4,5,3,2,6,1
591,2,24,2,3,4,3,4,2,3,2,3,2,2,3,2,1,1,1,2
592,1,39,4,5,4,4,5,4,5,5,5,5,5,5,6,5,5,5,5
593,1,40,4,3,3,4,3,4,4,6,5,6,5,6,3,6,5,4,3
594,1,28,2,5,3,4,3,4,5,4,5,6,5,5,4,5,4,3,6
595,2,30,4,4,4,4,4,5,3,5,3,3,4,4,5,3,4,2,5
596,1,24,2,4,3,4,3,3,3,4,3,4,2,3,4,1,5,4,3
597,1,45,3,3,4,4,5,5,3,4,3,4,3,3,4,6,5,4,3
598,2,23,4,2,2,2,2,2,2,3,3,2,4,5,4,3,1,3,1
599,1,25,4,5,5,4,5,2,4,5,4,3,4,4,4,6,6,6,6
600,2,25,4,3,3,3,4,2,4,4,4,3,4,4,3,1,2,2,1
601,2,37,2,5,3,3,5,4,5,4,4,5,5,3,3,5,4,1,5
602,1,30,5,3,4,3,3,5,3,6,6,6,6,6,5,6,4,5,6
603,1,27,4,5,5,5,5,3,3,4,4,2,5,4,4,5,6,2,5
604,1,27,2,5,5,4,4,2,3,3,2,5,3,4,5,5,4,5,3
605,1,44,4,4,4,3,4,3,4,4,5,5,4,4,4,5,6,6,5
606,2,31,4,4,3,4,4,4,3,5,6,5,4,5,5,5,4,3,4
607,1,18,5,5,4,4,5,4,4,3,4,3,2,3,5,6,5,5,5
608,2,30,4,4,4,4,2,3,4,5,4,4,3,4,3,1,1,2,2
609,1,19,4,4,4,4,4,4,4,5,5,4,5,5,4,4,6,5,3
610,2,29,4,4,3,4,3,4,3,4,4,4,4,4,4,1,4,1,5
611,2,28,4,2,2,2,2,2,1,4,2,3,3,3,4,2,1,1,3
612,1,31,4,4,3,4,4,4,3,4,4,4,3,3,3,3,5,5,3
613,1,32,4,3,3,3,4,4,4,6,4,5,4,5,4,3,6,3,3
614,2,27,5,3,3,5,3,3,3,2,3,3,2,3,4,2,5,3,3
615,1,31,5,5,5,5,3,5,3,3,3,4,3,3,3,3,6,4,4
616,1,24,4,6,5,5,4,6,5,4,5,5,5,4,4,6,5,6,6
617,1,28,4,2,4,3,3,3,4,3,2,3,2,2,3,5,1,2,3
618,1,35,4,4,6,6,5,4,5,4,5,4,3,5,4,5,4,5,6
619,2,26,4,2,2,1,3,2,3,5,5,5,4,3,4,2,3,5,4
620,1,20,2,5,5,4,4,5,4,2,5,5,4,3,5,5,4,4,6
621,2,21,3,2,1,3,3,2,5,4,2,3,5,3,2,4,1,1,2
622,1,29,4,5,4,5,4,5,5,5,4,5,4,4,3,6,4,4,5
623,1,33,4,4,5,5,3,4,4,4,4,4,4,4,4,6,5,5,5
624,2,37,4,2,3,2,3,3,2,3,2,2,3,2,3,1,1,1,3
625,2,31,4,5,3,4,5,4,2,4,5,4,5,4,5,3,6,1,1
626,1,21,1,4,4,4,5,5,4,6,5,6,5,5,6,5,6,6,3
627,1,18,5,5,4,5,4,3,4,5,4,6,4,4,4,3,6,5,5
628,2,18,2,3,3,3,3,3,4,3,3,2,4,4,3,3,4,1,2
629,1,31,4,5,5,4,5,4,4,5,6,6,6,4,5,6,5,5,6
630,1,31,2,3,6,5,4,5,4,5,5,6,6,4,5,6,6,6,6
631,1,19,4,4,5,4,5,5,5,6,5,5,5,5,5,6,6,6,6
632,2,23,2,1,1,2,2,2,3,3,2,2,3,1,2,1,1,1,1
633,1,18,3,5,3,6,5,5,6,4,4,4,3,5,4,4,6,6,4
634,2,28,4,2,2,4,4,2,4,5,3,3,2,4,2,1,4,1,1
635,2,35,3,2,1,3,1,3,2,4,5,4,4,5,6,2,1,3,2
636,2,21,4,2,3,2,3,3,4,5,5,3,5,4,4,1,1,3,3
637,1,32,5,6,4,5,4,5,5,5,4,5,4,3,4,4,4,6,5
638,1,22,3,3,5,4,3,6,3,5,4,5,4,5,4,6,5,6,6
639,1,40,4,2,1,3,4,2,4,4,4,2,4,4,3,5,2,3,1
640,2,24,5,3,4,3,4,3,3,3,3,4,3,5,4,3,1,1,1
641,1,36,2,5,4,4,4,2,1,4,4,3,4,3,3,6,6,5,6
642,2,25,1,4,4,4,4,5,3,4,5,5,4,3,3,5,5,2,1
643,2,23,3,3,4,5,4,4,4,3,6,5,4,5,5,3,5,2,6
644,2,20,4,3,2,3,3,4,5,4,3,3,3,5,3,2,5,1,4
645,1,33,4,5,2,3,3,4,2,2,4,4,3,3,2,3,3,2,1
646,1,22,4,5,5,4,4,5,4,4,4,4,4,3,4,5,2,4,5
647,1,28,5,3,4,2,2,3,1,3,3,3,4,2,4,5,3,4,2
648,2,28,4,3,3,2,3,2,2,3,4,4,4,5,4,2,1,2,4
649,2,33,3,3,1,2,3,3,1,2,4,2,3,4,3,1,1,4,2
650,2,24,4,4,4,4,3,4,5,4,4,4,5,3,5,2,1,3,2
651,2,38,3,3,4,3,4,3,4,3,3,3,2,3,2,3,1,4,2
652,1,37,3,2,3,4,4,3,2,1,1,2,1,2,1,3,3,3,4
653,2,36,5,3,2,2,3,3,5,4,4,4,3,4,5,4,2,2,1
654,2,20,2,2,2,3,2,2,3,4,3,5,4,5,3,1,2,3,3
655,1,18,4,4,5,5,5,5,3,4,3,4,4,3,4,4,5,4,5
656,1,22,4,2,3,3,3,3,3,3,4,5,4,4,5,3,5,1,4
657,1,18,1,4,5,5,5,4,3,3,4,3,4,3,2,3,6,3,2
658,2,30,4,5,4,5,2,3,4,5,5,5,4,4,3,1,5,1,5
659,2,32,5,3,3,3,3,3,4,5,5,4,5,4,3,1,1,3,4
660,1,30,2,3,3,4,4,4,4,4,4,4,4,4,4,6,2,3,5
661,1,34,3,5,5,4,5,5,5,5,5,4,5,3,5,6,6,5,4
662,2,29,4,2,3,2,4,3,5,3,5,4,5,3,3,5,1,4,1
663,1,24,2,3,2,4,4,5,4,5,5,5,5,5,5,3,3,4,4
664,1,18,2,5,5,4,6,5,5,4,5,4,5,5,4,6,4,6,4
665,2,20,4,3,2,3,3,2,4,4,4,4,3,3,5,2,2,2,1
666,2,32,2,5,6,4,5,3,4,5,5,4,4,4,4,4,6,4,4
667,1,30,4,5,4,5,5,4,5,5,5,5,6,6,5,4,3,6,6
668,1,34,4,5,4,4,5,6,3,4,5,5,5,4,3,5,6,6,6
669,1,18,4,4,3,4,3,4,4,5,4,5,4,5,5,5,3,4,3
670,2,24,4,3,5,3,4,4,3,3,4,4,3,3,4,4,5,5,2
671,1,22,4,5,5,5,5,5,4,5,4,5,6,6,5,6,3,6,6
672,2,32,2,3,2,1,2,2,2,2,3,2,3,2,2,1,2,4,3
673,1,22,5,3,4,5,5,5,5,4,3,3,5,4,4,6,6,6,6
674,2,30,4,4,3,4,3,3,3,4,4,3,4,3,4,4,3,2,2
675,2,36,4,2,2,2,1,3,2,3,2,4,1,3,3,1,3,2,2
676,2,22,4,3,2,3,2,4,2,3,5,4,4,5,3,1,5,2,2
677,2,22,2,5,4,4,5,4,4,3,3,4,4,4,4,4,4,5,1
678,2,20,4,3,3,4,5,4,2,5,5,6,4,5,6,4,3,4,2
679,1,18,4,4,5,3,3,4,3,2,3,5,4,2,5,3,3,5,6
680,2,33,2,1,1,1,2,1,2,3,4,3,4,3,3,1,2,1,1
681,2,23,4,5,4,3,5,4,5,4,4,4,4,5,3,4,3,3,1
682,1,49,4,3,4,4,5,3,5,3,3,5,3,3,3,4,3,3,6
683,1,23,2,3,4,5,5,5,4,3,5,6,4,5,4,6,6,5,5
684,2,24,2,5,3,4,5,4,3,4,3,3,4,5,5,3,2,5,5
685,2,36,4,3,1,2,1,1,2,3,3,3,2,4,3,1,1,1,1
686,2,31,4,5,2,3,4,5,4,2,3,5,5,3,2,2,4,2,3
687,1,26,4,3,4,3,3,3,4,4,6,5,4,4,5,6,6,4,4
688,1,41,3,3,4,5,4,4,5,4,4,5,4,4,4,4,5,6,2
689,1,26,3,5,5,4,5,3,5,3,3,4,4,4,5,3,3,6,6
690,2,21,4,4,4,3,4,4,3,4,5,4,4,4,5,2,4,3,5
691,2,39,5,2,2,2,2,4,2,2,3,4,1,2,2,1,1,4,1
692,1,26,4,4,5,5,5,5,4,5,6,5,5,6,5,6,5,5,6
693,2,40,5,3,3,3,2,2,2,3,5,5,4,5,4,3,2,5,5
694,2,18,4,4,3,2,3,2,3,4,4,4,3,5,5,1,2,1,1
695,1,21,2,5,5,4,3,3,5,4,5,3,3,4,3,5,6,5,5
696,1,49,1,5,5,6,5,5,5,4,4,4,4,5,5,6,6,6,4
697,2,28,3,4,4,4,2,3,4,3,3,4,3,4,4,3,4,1,1
698,2,25,4,5,4,6,4,4,3,4,4,5,3,4,6,2,3,3,2
699,1,35,4,3,4,3,3,4,4,5,4,6,5,4,5,2,6,2,4
700,2,24,2,2,2,2,2,4,4,3,3,2,3,3,3,1,3,3,4
701,1,39,3,4,3,4,3,4,4,4,3,3,3,3,3,3,5,6,4
702,2,20,4,4,2,3,3,2,3,5,5,4,4,5,4,4,2,1,4
703,2,35,4,1,2,1,3,2,2,3,3,3,3,4,3,2,2,4,3
704,2,18,4,3,1,2,3,5,2,4,2,3,3,4,3,1,3,1,3
705,1,25,3,4,4,2,3,2,2,3,3,3,2,1,3,1,1,1,2
706,1,20,2,6,4,4,3,6,5,4,3,4,3,5,4,4,6,5,4
707,2,24,2,3,3,5,2,3,2,2,2,4,4,3,4,2,2,2,3
708,1,34,4,4,4,5,3,4,5,4,4,5,3,4,3,5,2,5,6
709,1,20,4,3,4,4,3,4,4,4,3,4,5,4,3,6,1,6,5
710,1,33,3,3,3,4,4,3,3,3,2,3,3,4,1,3,2,2,4
711,1,18,2,4,3,3,4,3,3,4,4,4,5,3,4,4,5,5,2
712,1,29,5,3,5,4,2,2,3,4,4,3,2,4,4,3,3,1,2
713,1,34,4,3,3,4,4,4,3,3,5,4,4,5,3,6,4,3,2
714,2,30,4,3,3,3,3,4,3,3,4,2,3,3,4,2,2,2,3
715,1,31,4,4,3,3,4,4,5,3,5,4,4,4,5,5,6,2,6
716,2,22,4,3,3,3,4,4,4,1,1,2,2,2,4,1,1,2,1
717,1,36,4,3,3,2,3,2,2,3,2,4,5,3,2,2,2,3,4
718,2,18,2,2,1,1,3,3,3,4,4,3,5,4,4,3,3,4,2
719,2,32,2,3,5,3,3,4,4,4,5,4,4,4,6,5,3,4,3
720,2,34,2,4,3,3,4,3,3,4,4,4,4,4,4,3,1,5,2
721,2,32,4,2,2,3,1,3,2,2,4,3,3,4,3,2,1,1,3
722,2,28,3,1,1,2,1,1,2,3,2,3,1,2,2,1,1,1,1
723,2,22,4,4,5,4,3,4,3,4,5,4,4,3,4,4,2,4,5
724,2,19,5,4,4,3,4,4,3,3,2,2,2,2,4,2,2,3,1
725,1,32,4,4,3,3,3,4,2,4,2,3,2,3,2,2,2,3,4
726,1,26,2,5,6,5,4,4,5,4,4,3,5,5,4,5,4,4,6
727,1,25,3,5,4,3,5,4,5,4,5,4,5,5,5,6,5,6,4
728,2,35,3,2,3,2,3,3,2,3,4,3,3,5,2,2,3,2,1
729,1,31,2,5,3,3,4,4,3,5,3,4,4,4,5,5,3,6,5
730,2,31,4,3,4,2,4,4,5,4,4,3,5,5,3,5,3,4,4
731,2,27,2,3,4,2,3,3,3,3,3,3,5,5,4,2,1,3,2
732,2,36,1,3,2,2,2,2,1,4,4,3,2,3,3,1,3,2,1
733,1,32,4,5,5,6,5,5,6,3,3,3,5,5,4,4,2,6,6
734,1,18,2,4,4,5,3,4,5,3,5,5,2,3,4,1,4,5,5
735,1,20,4,2,4,3,4,4,4,2,2,2,2,2,3,6,3,2,4
736,1,22,5,5,6,4,6,5,4,4,4,4,5,4,4,6,6,4,6
737,1,35,4,3,4,5,4,4,4,4,4,5,4,4,4,5,4,6,3
738,1,29,2,4,5,4,4,4,4,5,4,5,4,5,4,6,6,6,4
739,2,20,4,4,2,3,2,4,3,3,4,4,5,5,4,3,3,4,3
740,2,27,5,3,3,3,3,4,3,4,3,3,4,3,5,3,2,2,3
741,2,21,4,2,2,2,2,2,3,2,3,2,3,3,5,2,2,1,2
742,2,28,2,2,3,1,2,3,2,4,5,3,5,5,4,2,2,1,1
743,2,32,4,2,4,3,4,2,4,3,4,1,1,3,3,2,2,3,3
744,1,43,1,3,5,4,3,5,4,5,4,4,4,4,4,5,5,4,4
745,1,28,2,4,4,5,4,5,5,2,2,4,3,3,2,4,4,6,4
746,2,29,4,4,4,2,4,2,4,4,5,5,5,5,4,2,2,3,1
747,1,21,4,4,4,5,6,4,5,3,4,4,4,5,4,5,5,5,5
748,1,24,4,5,5,4,5,5,4,5,5,4,5,4,5,6,6,5,6
749,2,20,3,3,3,3,3,2,3,4,4,5,4,3,3,5,3,3,4
750,2,23,3,3,2,2,2,2,4,3,4,3,4,3,3,2,2,1,1
751,1,26,2,2,4,4,3,5,3,3,5,4,5,4,6,4,5,4,2
752,2,27,2,3,4,5,2,3,3,5,4,3,5,3,3,4,6,3,2
753,1,41,3,5,4,5,5,4,4,6,4,5,5,4,5,6,6,3,6
754,2,28,4,2,2,4,3,3,3,3,2,3,3,4,3,2,2,1,3
755,1,31,4,4,3,3,4,4,3,4,4,6,5,5,4,5,4,6,6
756,2,24,2,2,2,2,3,1,1,4,3,2,4,3,3,4,3,1,1
757,1,27,2,6,4,3,3,5,4,4,4,4,6,5,4,6,5,4,4
758,1,33,2,4,5,4,4,5,5,4,4,5,4,3,4,6,6,3,4
759,2,29,4,3,4,4,4,4,4,4,2,4,4,4,5,3,2,4,2
760,1,45,2,3,4,3,3,4,5,4,5,5,4,4,4,6,4,5,5
761,1,46,1,4,6,5,4,3,4,3,5,5,4,5,4,4,6,5,6
762,2,20,2,3,4,4,3,2,3,3,2,3,2,3,2,2,2,1,3
763,1,30,1,2,4,3,4,3,2,3,3,3,3,3,3,5,5,3,2
764,1,33,4,3,3,5,5,3,5,3,5,3,5,4,5,6,3,3,4
765,2,38,4,3,3,4,4,2,5,5,4,3,4,5,4,3,5,3,2
766,1,37,4,5,3,4,6,4,3,5,4,5,4,5,5,6,4,3,5
767,1,20,2,2,4,3,5,3,3,5,3,6,3,4,4,4,4,5,3
768,1,22,4,5,3,5,4,4,3,3,3,2,4,3,3,4,4,6,4
769,1,38,4,3,3,2,3,3,4,5,4,4,4,4,3,1,4,4,2
770,2,26,2,3,3,2,2,3,2,3,4,2,3,4,4,1,1,1,1
771,1,29,4,5,4,5,5,4,5,5,6,6,5,4,5,6,4,5,6
772,1,30,4,4,4,2,4,3,3,3,3,4,3,4,4,3,5,5,3
773,2,18,2,3,2,3,2,2,3,3,4,3,2,3,3,1,1,4,3
774,2,24,3,3,3,3,3,3,4,4,4,3,3,3,5,5,1,2,3
775,2,29,4,4,4,4,5,5,4,5,5,3,5,3,4,6,6,3,6
776,1,37,4,3,2,4,3,3,3,4,3,4,3,3,3,2,3,3,4
777,2,20,4,3,4,3,4,4,3,3,2,4,2,2,3,1,1,2,3
778,2,18,3,3,4,4,4,3,4,4,4,6,5,4,4,2,3,1,3
779,2,28,3,3,2,4,4,4,4,2,3,3,2,1,2,2,2,1,2
780,2,29,4,3,3,3,4,4,3,5,4,4,4,5,5,2,3,2,5
781,1,18,1,3,3,5,4,3,3,4,3,4,5,4,4,2,4,4,5
782,1,18,2,4,3,4,4,3,4,2,4,4,4,4,3,1,6,5,4
783,1,27,4,4,3,3,5,5,3,3,3,4,4,3,4,3,6,2,3
784,2,38,3,3,3,4,5,4,4,2,3,2,3,2,3,3,1,3,1
785,2,28,5,1,1,2,3,1,2,1,1,3,3,2,2,1,1,1,1
786,1,29,1,3,5,3,3,2,4,3,4,5,5,4,3,6,4,4,6
787,2,18,4,4,3,4,2,4,3,4,6,5,3,6,5,3,4,3,6
788,2,28,2,4,3,4,4,4,5,5,5,6,6,5,6,4,5,5,5
789,2,30,2,4,4,2,2,3,5,4,4,3,3,5,4,3,1,6,1
790,2,18,3,3,4,4,4,3,3,4,4,4,4,4,5,1,2,5,5
791,2,31,2,3,3,3,4,4,2,3,5,5,4,3,3,3,4,4,2
792,2,28,1,4,3,1,3,3,2,3,4,2,4,4,4,3,2,3,4
793,1,18,3,5,5,5,5,4,4,3,3,4,4,3,4,5,4,4,3
794,2,28,4,4,2,4,4,3,4,1,2,3,3,3,4,2,6,4,4
795,1,40,5,3,4,3,4,4,4,4,5,4,4,4,4,6,4,5,3
796,1,26,4,4,4,6,3,4,5,5,3,3,4,3,5,5,3,6,5
797,2,30,2,3,4,5,4,4,4,5,4,4,5,6,6,4,4,6,6
798,1,18,1,3,4,4,4,3,3,3,5,4,3,4,5,5,2,4,3
799,1,31,3,2,2,2,3,4,3,3,3,3,3,4,2,4,1,3,1
800,2,39,2,3,4,4,3,2,3,4,3,2,2,4,2,2,4,1,3
801,1,40,2,2,1,1,3,2,2,4,3,3,3,2,1,1,2,2,2
802,1,35,4,4,4,5,5,4,4,4,5,5,3,5,3,4,4,4,4
803,1,18,2,3,5,5,5,4,5,4,4,5,4,5,4,5,6,4,5
804,2,27,2,4,3,4,3,4,4,4,4,4,5,6,4,4,4,4,3
805,2,24,4,3,1,2,4,4,2,5,4,3,4,2,1,1,4,3,1
806,1,18,3,3,3,3,2,2,2,5,4,4,4,4,4,3,3,2,4
807,1,30,4,4,6,5,4,4,5,5,4,6,6,6,4,5,5,6,6
808,2,36,3,3,3,3,3,3,3,4,3,4,5,4,4,3,2,3,1
809,1,26,4,4,4,2,5,3,5,4,5,4,4,4,5,6,3,4,5
810,2,28,3,3,2,3,2,3,2,4,3,4,3,2,3,2,1,2,3
811,2,29,4,4,5,3,4,4,5,2,3,3,4,4,4,5,3,4,1
812,2,29,5,3,4,4,3,4,4,6,5,5,4,5,5,3,3,4,1
813,2,24,2,4,4,4,3,4,3,5,3,2,2,4,2,1,1,3,2
814,1,25,4,2,3,2,3,3,2,3,2,5,2,2,3,3,2,1,1
815,1,33,4,4,4,4,3,5,4,4,4,4,4,4,5,3,6,4,6
816,2,28,3,2,1,2,2,2,2,5,3,2,3,3,3,2,1,3,1
817,1,40,4,2,2,2,2,4,2,5,3,5,3,4,3,2,4,2,5
818,1,18,2,2,2,1,1,2,1,2,1,2,1,1,1,1,1,5,3
819,1,31,4,4,3,3,4,3,4,3,3,4,2,4,4,4,2,5,6
820,2,37,2,5,5,4,3,4,5,5,4,3,6,4,5,3,5,2,4
821,1,34,2,4,3,4,4,3,3,4,4,3,3,3,4,4,3,1,5
822,2,31,4,1,3,1,3,2,3,3,2,1,1,2,1,1,1,1,2
823,2,25,3,2,4,2,2,3,3,3,5,3,4,3,4,4,2,1,4
824,1,34,2,4,3,4,4,3,3,4,4,4,5,4,4,4,5,4,4
825,2,18,4,3,3,2,2,3,4,6,6,5,6,6,6,2,2,2,1
826,2,18,4,2,3,4,4,3,2,3,4,3,4,3,3,3,4,2,3
827,1,27,2,3,4,4,4,4,3,5,4,5,4,4,3,3,6,2,4
828,2,23,3,5,3,4,3,4,3,5,5,5,5,6,6,4,4,3,3
829,1,39,1,3,4,4,5,5,5,4,4,4,4,3,3,5,6,6,4
830,1,19,4,4,2,4,3,3,4,4,3,3,4,3,3,5,1,6,4
831,2,26,4,3,4,3,4,4,5,5,3,3,5,5,5,5,2,5,6
832,1,35,4,3,5,3,5,4,4,5,5,3,5,5,4,4,5,6,6
833,2,24,4,2,3,2,3,4,3,5,3,4,4,3,1,1,2,2,2
834,2,23,4,2,2,3,1,3,1,3,3,3,3,3,3,1,1,3,2
835,1,34,1,5,4,5,6,5,5,5,6,6,4,5,5,6,6,5,6
836,1,30,2,3,3,3,3,3,4,3,4,4,4,4,3,3,5,4,6
837,2,34,4,4,3,3,4,4,4,5,5,5,4,3,4,5,1,3,2
838,1,27,4,4,2,1,3,3,3,4,5,5,5,4,5,4,6,1,5
839,2,26,5,3,3,4,4,4,4,4,4,5,5,6,5,6,5,4,2
840,1,21,4,5,5,4,5,4,5,5,5,5,5,5,4,6,6,3,6
841,2,19,4,3,2,2,3,3,2,5,5,3,3,4,5,2,1,1,2
842,2,40,4,5,4,4,5,4,4,4,5,3,6,6,5,4,2,5,3
843,1,36,4,5,3,4,2,2,4,4,4,6,4,5,3,6,6,6,5
844,2,31,3,3,3,2,3,4,3,3,3,5,2,2,4,1,2,3,1
845,1,29,4,5,5,4,2,4,3,2,3,4,2,3,3,5,6,3,4
846,2,32,4,2,4,4,2,3,2,3,3,3,2,2,4,1,5,1,3
847,2,29,4,2,5,3,4,3,5,3,5,4,5,5,4,5,5,3,2
848,2,36,4,3,3,2,3,4,4,4,3,3,4,4,3,2,2,3,3
849,1,44,1,6,5,5,5,3,4,4,4,3,5,5,3,5,6,5,6
850,1,22,4,4,4,3,4,4,4,3,3,4,4,2,4,6,5,4,4
851,1,24,4,3,5,3,4,3,4,3,3,3,3,3,3,3,2,6,3
852,2,31,4,4,2,3,2,2,2,3,3,3,3,2,3,4,2,1,1
853,2,18,5,4,5,5,3,4,5,4,4,3,5,4,5,4,6,6,5
854,2,36,4,2,3,3,3,4,2,2,3,2,2,3,3,3,1,1,3
855,2,34,5,5,4,4,4,4,4,3,2,1,3,3,4,4,4,2,2
856,2,18,4,2,4,3,3,2,3,4,4,3,4,4,4,2,1,4,3
857,1,18,5,6,5,6,6,6,6,4,5,5,4,4,3,6,6,6,6
858,1,23,1,3,3,3,4,3,4,3,2,4,3,4,3,3,2,2,2
859,2,20,2,3,2,3,4,3,2,3,4,4,4,4,4,3,1,1,2
860,2,24,2,4,3,3,4,2,3,3,4,5,4,3,3,3,3,5,2
861,2,24,4,3,4,3,4,3,2,4,3,3,4,3,2,1,2,2,2
862,1,28,4,3,5,5,4,3,6,4,4,4,4,3,4,5,5,6,5
863,2,25,5,3,3,4,4,2,4,4,4,4,4,4,5,5,2,4,2
864,2,20,2,3,2,4,4,4,6,5,5,4,4,4,5,1,5,2,4
865,2,29,2,3,4,4,3,5,2,5,4,4,4,6,5,5,5,5,2
866,2,30,1,2,2,2,2,3,3,4,3,3,5,3,3,1,1,1,2
867,1,25,1,3,3,2,1,2,3,5,4,4,4,3,4,4,2,1,2
868,2,30,4,3,4,6,4,3,3,4,4,5,4,5,5,3,2,5,2
869,2,23,3,1,2,1,1,1,2,3,3,3,4,4,2,1,1,1,3
870,2,29,2,2,3,2,3,2,3,3,2,2,3,3,2,1,1,1,3
871,1,18,4,4,3,2,3,3,4,3,3,5,2,3,4,4,4,3,4
872,1,32,5,4,5,5,5,5,3,6,5,6,6,6,5,6,6,6,5
873,1,28,4,3,5,4,4,5,2,4,4,4,6,4,5,3,3,4,6
874,1,21,4,5,4,5,6,6,5,6,6,6,5,5,6,6,6,6,6
875,2,34,5,2,4,4,4,5,4,4,5,3,4,4,3,4,4,2,4
876,2,30,4,2,2,2,2,4,3,3,3,2,2,3,4,1,1,6,4
877,1,26,4,5,5,4,4,3,3,3,2,3,3,5,4,2,5,6,4
878,1,22,4,3,2,3,3,3,3,3,3,3,2,4,3,5,3,3,3
879,2,20,2,2,2,3,3,3,3,3,4,4,4,3,3,3,1,2,1
880,2,18,5,3,2,3,2,2,3,5,5,4,6,3,5,2,2,5,2
881,2,23,4,5,5,4,2,5,5,3,4,3,4,5,5,5,4,2,4
882,1,33,2,2,3,3,3,4,4,4,4,6,6,6,4,5,5,2,6
883,1,21,4,4,5,5,4,3,3,4,3,5,3,5,5,4,6,5,5
884,1,43,4,5,5,5,4,5,5,3,5,4,3,4,4,4,6,5,6
885,1,31,2,5,4,5,5,4,5,1,4,3,2,4,3,4,3,5,3
886,2,27,4,2,2,4,4,4,4,4,4,3,6,4,3,2,2,2,5
887,2,27,2,3,1,2,2,3,3,4,3,4,4,4,2,1,3,3,1
888,2,28,4,3,5,5,3,4,4,4,3,4,4,4,4,5,4,2,6
889,2,29,2,3,3,6,3,3,3,4,4,6,5,5,5,4,3,2,4
890,1,34,3,3,2,3,2,2,3,3,3,2,1,2,4,3,5,1,2
891,1,49,2,3,5,5,5,3,5,3,3,4,4,3,4,6,4,5,5
892,1,30,5,2,2,4,3,4,3,5,4,6,5,6,5,5,6,6,6
893,1,30,4,6,6,5,5,5,4,5,4,4,4,4,3,6,6,5,6
894,1,29,4,3,5,3,3,6,4,3,4,3,3,3,4,5,5,6,3
895,2,32,4,5,4,4,3,3,4,3,2,1,3,3,2,3,3,2,2
896,1,40,2,5,5,6,5,4,4,4,4,5,5,4,4,6,6,6,6
897,1,36,2,3,2,3,3,3,3,3,4,3,3,3,3,3,2,2,2
898,1,30,2,2,3,4,4,4,4,4,3,4,4,4,4,5,5,6,5
899,1,19,2,1,3,2,4,4,3,4,3,3,2,3,4,2,1,5,6
900,1,26,2,2,2,3,3,2,3,3,4,4,3,3,2,5,1,3,1
901,1,19,4,3,4,5,4,4,4,5,5,3,3,4,5,4,3,4,5
902,1,29,5,5,4,5,6,5,4,3,2,4,5,3,4,6,6,6,5
903,2,29,4,1,2,1,1,1,1,3,3,2,2,2,1,1,2,1,1
904,2,26,4,3,2,2,3,3,3,2,1,4,2,2,2,1,2,1,1
905,2,22,4,3,4,4,2,5,3,4,5,3,4,2,3,5,2,2,1
906,2,18,5,2,2,2,3,2,2,2,2,2,3,2,2,1,3,1,1
907,1,46,5,5,5,4,4,5,3,5,6,5,5,5,6,6,6,5,5
908,2,18,4,4,5,3,4,4,3,5,5,3,3,3,4,3,2,1,1
909,1,34,4,5,5,5,4,4,4,5,4,5,5,6,6,4,6,5,6
910,2,24,2,2,3,4,2,3,2,4,3,3,4,2,1,3,1,1,1
911,2,21,4,3,3,3,3,3,3,4,1,3,3,2,2,4,4,2,1
912,2,37,2,3,3,5,3,3,3,5,5,6,6,5,5,4,5,6,5
913,1,24,4,4,5,5,4,4,5,6,6,6,4,4,5,6,5,5,6
914,1,27,5,4,6,6,5,2,5,6,4,5,6,6,5,5,4,4,5
915,1,41,2,4,4,3,4,5,3,4,4,4,4,4,4,3,6,4,6
916,2,32,5,5,4,3,3,5,5,3,3,2,3,1,4,2,4,2,3
917,1,26,4,5,5,4,5,4,3,2,5,3,4,2,4,3,3,2,6
918,2,23,2,3,3,3,2,3,3,3,3,3,4,2,3,3,1,2,1
919,1,34,5,4,4,5,3,4,4,5,6,6,4,6,5,6,4,2,3
920,1,18,2,4,2,2,5,2,3,4,4,3,3,3,3,4,5,2,4
921,1,35,4,3,4,4,4,4,4,4,5,4,6,5,3,4,2,6,4
922,2,26,4,3,1,2,3,3,2,3,2,3,4,3,4,1,1,2,5
923,2,36,2,4,4,3,5,5,3,5,4,4,4,4,5,3,6,3,1
924,2,25,4,2,2,2,4,3,4,4,4,3,4,3,4,5,2,2,2
925,1,19,4,5,4,5,5,4,6,5,5,6,5,5,5,6,5,6,4
926,1,33,2,5,5,4,6,4,6,5,5,4,3,4,4,5,3,5,6
927,2,35,3,4,4,4,5,4,6,5,5,4,5,5,5,6,4,5,4
928,2,21,4,1,4,3,3,4,3,5,4,4,5,4,3,2,3,1,4
929,2,37,4,3,3,3,4,2,4,5,4,3,4,4,3,1,5,1,1
930,1,33,4,4,5,4,5,4,3,5,4,3,6,4,5,6,5,3,4
931,2,26,4,4,3,2,5,3,4,4,3,2,3,3,2,1,1,5,5
932,2,26,5,3,5,3,5,4,3,4,4,5,4,3,3,4,4,5,3
933,1,18,4,6,4,5,5,5,4,4,3,5,5,4,3,6,5,6,6
934,2,19,4,4,5,5,5,4,5,3,3,4,4,5,5,5,2,3,5
935,2,27,4,3,2,3,3,4,5,6,6,4,5,6,5,6,4,3,2
936,2,29,3,2,3,3,3,1,2,4,3,2,3,2,3,2,3,1,2
937,1,39,5,5,4,4,4,4,4,5,6,5,5,4,4,6,5,5,1
938,2,50,2,4,3,4,3,3,3,5,4,5,4,4,2,3,2,1,4
939,2,31,2,2,1,4,4,1,2,4,5,4,3,4,3,3,1,2,2
940,2,27,4,3,1,2,3,3,3,2,4,3,2,3,3,2,1,1,1
941,2,18,4,3,1,1,2,1,2,4,2,2,3,3,2,1,2,1,1
942,2,30,4,4,3,3,3,4,3,4,5,2,5,4,4,1,1,1,3
943,1,28,4,3,3,3,3,3,3,3,3,2,2,3,4,3,4,1,5
944,1,30,2,5,6,6,5,5,5,4,3,5,5,5,3,6,5,6,6
945,2,19,5,4,5,4,5,5,4,6,4,3,5,6,4,6,2,5,5
946,2,30,4,4,4,5,5,6,5,3,4,2,3,4,4,3,1,3,2
947,1,43,4,4,4,5,3,3,3,5,4,5,4,5,4,5,5,4,5
948,2,23,4,3,2,3,2,3,3,5,4,4,5,4,3,1,4,2,3
949,2,23,3,2,1,1,1,2,3,2,2,4,3,3,3,3,1,1,2
950,2,18,3,3,4,2,4,4,3,3,3,2,2,5,3,2,1,3,4
951,2,18,4,4,4,2,2,4,2,4,2,3,2,2,2,1,1,3,3
952,2,18,3,5,3,3,3,4,5,4,4,4,5,5,4,2,3,3,1
953,2,26,4,2,4,2,2,2,4,3,3,4,4,3,4,4,3,2,3
954,2,31,4,3,4,3,3,3,3,5,5,4,3,4,4,1,3,4,2
955,1,36,3,3,4,4,3,3,4,4,5,6,5,4,4,5,6,5,3
956,2,25,4,4,4,5,3,6,5,5,4,3,5,3,3,4,4,2,5
957,2,25,4,5,4,4,3,4,3,4,3,5,4,5,5,3,4,2,2
958,1,38,5,4,4,3,4,3,3,5,4,5,4,5,3,5,2,5,5
959,1,24,4,3,3,3,2,3,2,4,3,4,3,4,4,5,2,2,1
960,1,30,5,3,5,3,2,3,3,3,3,4,3,4,2,5,5,3,6
961,2,38,5,2,3,2,2,3,2,2,1,4,4,2,3,2,1,2,2
962,2,23,1,3,3,2,3,4,3,3,5,4,3,3,3,3,2,3,1
963,1,21,4,6,5,4,4,4,5,2,4,2,3,2,2,6,4,3,5
964,1,24,2,6,6,4,5,6,4,5,4,5,4,4,5,6,6,6,5
965,1,34,2,5,5,4,5,6,5,5,4,6,6,5,6,6,5,4,6
966,2,18,4,3,3,3,3,4,3,5,3,4,5,5,4,4,3,1,5
967,1,18,5,6,5,5,4,4,5,4,3,4,5,3,4,4,5,6,3
968,2,23,2,3,3,2,3,3,3,4,4,4,3,4,5,1,2,2,1
969,2,31,1,3,3,3,2,4,3,4,4,3,4,4,4,3,2,4,4
970,2,21,2,5,3,3,3,4,4,4,3,1,3,4,3,5,3,3,3
971,1,29,2,5,4,5,6,3,4,6,5,4,5,4,5,5,6,6,3
972,1,27,5,3,3,3,4,4,4,2,2,3,4,2,3,4,4,6,3
973,1,30,4,4,6,4,4,4,4,4,4,4,3,2,2,3,6,6,6
974,1,30,4,3,4,4,4,3,5,3,4,4,5,5,5,5,5,4,6
975,2,30,2,4,3,4,3,4,2,6,5,6,5,5,5,2,1,4,5
976,1,28,4,4,4,4,5,4,4,4,6,6,5,5,4,6,6,4,6
977,2,22,4,4,4,4,3,2,4,2,3,3,3,4,3,2,3,5,1
978,2,28,4,3,3,6,4,4,3,3,4,4,5,4,3,2,3,3,4
979,2,41,2,2,1,1,1,2,2,2,2,1,2,3,2,2,1,1,1
980,1,40,1,4,5,5,4,4,5,4,5,4,4,4,5,5,6,6,5
981,1,28,5,3,4,4,3,4,3,3,3,5,3,2,3,2,2,6,4
982,1,24,2,3,3,3,3,2,3,4,2,4,4,4,3,3,5,3,1
983,1,39,5,4,3,4,4,4,3,2,4,4,5,4,4,6,2,2,5
984,1,37,4,5,5,5,4,4,5,5,5,6,4,4,6,6,6,6,4
985,2,26,4,4,4,4,5,4,5,6,6,6,5,6,3,5,5,4,2
986,1,27,2,5,4,3,3,4,5,4,3,3,4,3,3,3,5,3,3
987,1,41,2,3,5,4,3,5,4,3,4,3,3,5,3,4,4,3,4
988,2,33,5,3,1,2,4,3,2,3,4,3,3,3,3,1,1,1,5
989,2,20,4,3,2,3,4,2,2,3,5,4,4,3,4,5,2,1,5
990,2,22,3,3,4,3,4,3,2,4,4,3,4,4,5,3,4,2,4
991,1,20,2,3,4,4,4,3,4,4,5,6,5,5,5,6,4,4,6
992,2,31,5,3,4,3,2,2,4,4,5,4,5,5,3,1,4,2,3
993,2,26,2,6,4,3,5,3,4,4,5,4,4,5,5,6,3,6,3
994,2,28,3,3,3,3,4,4,4,5,3,4,3,4,3,2,2,5,3
995,2,24,2,3,3,2,2,2,2,2,3,2,4,2,3,2,1,2,1
996,1,26,2,3,3,4,4,4,3,5,5,4,5,5,3,5,6,6,6
997,2,22,5,3,4,2,3,2,3,3,2,2,2,4,3,1,1,1,4
998,1,41,2,3,4,3,5,4,4,3,2,3,4,4,3,3,4,3,5
999,2,26,5,4,2,4,4,5,3,3,4,4,4,4,4,3,3,4,3
1000,1,34,4,4,5,4,3,3,3,5,5,5,4,5,6,6,5,6,3
1001,1,30,5,3,5,5,4,4,3,4,5,6,4,4,4,6,6,5,4
1002,2,26,4,4,4,3,4,5,4,4,4,4,4,4,4,4,4,1,3
1003,1,21,4,5,6,3,5,3,5,4,4,4,5,3,4,5,6,3,4
1004,2,25,4,5,5,5,6,4,4,4,4,5,5,4,4,4,5,6,6
1005,2,25,4,3,2,3,3,2,3,4,3,5,4,4,4,2,3,3,5
1006,2,30,5,3,2,2,2,3,2,4,3,4,4,4,2,1,1,1,1
1007,2,38,4,3,2,3,3,2,3,4,4,3,3,4,2,2,1,1,1
1008,2,26,4,2,1,1,2,1,1,4,2,3,3,3,3,1,1,1,3
1009,2,35,4,2,2,3,2,3,2,3,4,4,4,3,3,3,2,3,3
1010,1,37,4,3,5,5,5,4,3,3,3,5,4,3,3,5,5,6,6
1011,2,34,4,4,5,2,3,2,4,3,3,2,4,4,3,4,1,1,1
1012,2,29,3,1,3,1,2,1,2,4,4,3,4,3,4,2,1,1,2
1013,2,18,4,4,1,2,3,1,1,2,2,2,3,3,4,1,1,2,4
1014,1,26,4,4,3,3,5,2,3,3,4,4,3,4,4,3,3,3,4
1015,2,33,2,2,3,2,2,3,3,3,4,3,4,4,4,1,4,1,1
1016,2,35,4,4,2,4,4,4,3,4,2,2,2,3,4,1,3,3,1
1017,2,26,4,3,3,2,3,4,3,3,3,3,4,3,3,3,1,3,2
1018,1,30,5,2,4,2,2,3,3,3,3,3,4,2,4,4,2,2,2
1019,1,34,2,3,3,4,3,3,3,2,3,5,4,4,4,3,2,4,3
1020,2,34,4,2,2,2,4,4,3,5,4,4,4,3,4,3,2,3,2
1021,2,29,4,3,5,4,4,3,3,3,4,4,4,3,2,5,5,2,1
1022,1,27,5,5,3,4,4,3,3,4,4,5,3,4,4,3,6,5,3
1023,1,30,3,3,4,2,2,3,2,3,3,3,4,3,3,2,2,1,4
1024,2,34,5,2,1,2,2,2,1,2,2,2,2,3,4,1,1,2,2
1025,2,31,4,4,2,4,4,5,3,5,4,4,4,5,4,2,4,5,1
1026,2,19,4,3,4,4,3,4,5,3,4,2,3,2,3,2,2,1,3
1027,2,18,5,2,2,3,3,2,3,5,4,5,4,4,4,1,1,3,4
1028,1,25,4,4,5,3,5,4,6,4,5,5,4,5,4,6,5,3,5
1029,1,22,4,3,3,2,3,1,4,3,3,3,4,4,4,4,5,5,2
1030,2,36,4,1,1,2,2,2,3,5,3,3,3,3,3,2,1,1,3
1031,1,40,4,3,4,4,3,3,4,4,5,4,3,3,3,5,4,4,2
1032,2,27,5,2,1,2,2,2,3,3,4,3,4,5,5,1,1,1,3
1033,2,24,4,4,4,6,5,4,5,3,3,5,3,4,5,2,5,4,5
1034,1,41,2,5,3,4,4,3,3,3,3,3,5,4,3,2,4,3,4
1035,2,28,5,2,3,2,2,2,2,4,5,3,3,3,4,1,3,1,4
1036,1,28,3,5,3,4,5,3,3,4,5,4,6,4,4,2,4,6,6
1037,1,18,2,5,5,4,5,5,4,4,3,5,2,4,3,6,6,6,6
1038,2,25,4,3,4,3,3,3,4,4,2,3,4,2,3,2,3,4,1
1039,1,18,2,4,4,4,4,4,3,3,4,4,4,3,4,4,6,4,5
1040,1,30,2,4,4,3,5,4,5,4,5,4,4,4,4,5,5,6,2
1041,1,21,4,5,5,2,3,3,4,4,4,4,3,4,4,4,5,3,3
1042,2,24,4,3,3,4,4,3,3,6,5,5,6,5,5,2,3,1,5
1043,1,45,2,3,5,3,4,3,3,3,3,4,2,4,2,5,1,2,4
1044,2,19,4,2,2,3,3,4,4,3,3,3,2,3,4,2,2,4,4
1045,1,32,5,2,3,3,2,2,1,2,4,3,3,3,3,3,1,2,4
1046,2,24,5,5,4,4,5,4,3,3,4,4,3,3,4,1,3,1,2
1047,1,32,3,3,4,3,2,3,3,3,3,3,3,3,3,1,1,4,5
1048,2,18,4,2,2,3,3,3,3,4,2,3,3,2,3,3,1,5,2
1049,1,35,4,3,3,4,4,4,4,4,5,4,3,4,4,5,5,6,6
1050,1,38,4,4,3,3,3,3,2,4,4,4,3,4,4,5,3,2,1
1051,2,19,4,5,5,5,4,5,5,4,4,5,5,4,4,4,3,4,5
1052,2,33,3,4,3,3,4,4,3,3,3,2,3,2,4,1,3,4,4
1053,2,32,2,4,3,3,2,4,2,2,4,2,6,4,3,2,2,1,3
1054,1,28,2,3,3,4,1,3,4,3,4,2,3,3,3,5,4,4,4
1055,2,33,2,3,2,3,3,3,4,4,3,4,3,5,5,3,4,4,2
1056,2,25,4,5,4,2,3,3,5,6,5,5,4,5,6,4,6,2,2
1057,1,20,4,4,3,5,4,4,3,3,3,4,3,3,3,2,4,6,5
1058,2,32,2,3,4,3,4,4,5,4,3,3,2,4,4,3,5,2,1
1059,2,37,3,2,2,2,2,2,4,4,4,4,4,4,3,2,3,3,2
1060,2,32,3,4,2,3,4,3,3,4,3,2,1,3,4,1,4,1,3
1061,2,30,4,3,3,3,3,4,2,4,3,3,3,3,3,2,2,4,3
1062,2,18,2,1,1,1,2,2,2,5,4,2,3,3,2,1,1,2,1
1063,2,24,2,4,3,3,2,5,3,2,3,3,3,3,3,2,1,5,2
1064,2,19,2,4,3,5,4,4,4,3,6,4,4,5,4,3,4,4,6
1065,2,36,2,2,4,3,3,2,3,4,4,3,3,3,4,1,1,4,3
1066,2,25,2,5,3,4,4,5,4,6,4,5,4,4,5,3,4,2,6
1067,2,30,4,3,3,2,3,3,4,5,3,3,5,4,3,1,5,2,1
1068,1,34,4,3,2,3,2,1,1,2,3,5,3,2,2,2,1,1,2
1069,2,18,4,3,3,3,1,3,3,3,4,4,4,4,4,1,2,1,2
1070,1,18,2,4,3,4,2,5,3,4,4,5,4,4,4,6,5,6,6
1071,1,25,3,5,5,5,5,5,4,5,4,6,6,5,5,5,4,5,6
1072,2,18,2,4,2,3,4,3,2,4,4,2,4,3,4,1,3,3,1
1073,1,24,3,4,3,3,3,4,4,4,4,6,4,3,5,4,6,5,6
1074,2,18,3,2,1,4,3,2,2,2,3,4,4,3,2,1,1,4,1
1075,2,22,3,3,2,3,4,4,2,2,2,4,3,4,3,2,2,1,1
1076,1,41,5,4,5,5,4,4,3,5,5,6,4,5,5,2,6,4,4
1077,1,33,4,3,4,4,4,4,3,4,6,6,5,4,4,2,6,5,4
1078,2,29,4,4,3,4,3,4,4,3,3,2,4,3,3,3,3,3,2
1079,1,25,1,5,5,4,4,4,5,4,3,5,4,5,4,5,4,5,6
1080,2,36,3,3,2,2,3,2,2,3,3,3,3,3,2,1,1,1,3
1081,2,31,2,2,2,2,3,4,3,3,3,2,3,4,3,1,3,2,1
1082,2,30,3,5,3,4,5,5,4,4,5,4,4,5,4,5,5,3,3
1083,2,28,2,2,4,3,4,4,4,3,4,3,3,4,2,3,1,1,2
1084,1,23,2,3,4,4,4,5,5,5,6,5,4,5,3,5,3,6,4
1085,1,32,4,5,4,4,6,3,4,5,6,5,6,6,5,5,6,6,4
1086,2,18,2,4,3,3,4,4,4,5,4,5,5,4,3,6,2,5,1
1087,2,28,4,4,3,2,4,4,3,5,3,4,5,5,4,1,2,6,6
1088,1,18,2,4,5,4,4,4,5,5,4,5,5,5,4,4,4,4,6
1089,2,24,4,5,4,5,5,4,5,4,4,3,4,4,3,2,3,6,4
1090,2,22,4,2,2,2,3,3,2,2,2,2,2,3,2,1,1,2,2
1091,2,41,4,2,2,3,2,3,2,3,3,4,4,3,3,1,3,3,2
1092,2,19,3,2,3,3,3,3,4,5,3,5,4,4,4,1,1,4,2
1093,2,25,4,2,2,4,3,3,3,3,4,4,4,4,5,3,4,2,4
1094,2,21,2,2,5,2,4,1,4,2,3,4,2,2,3,1,2,1,3
1095,2,26,3,2,3,4,4,2,2,3,5,3,5,5,4,2,3,1,4
1096,2,29,3,3,4,5,3,4,4,4,4,4,3,3,5,2,1,4,2
1097,1,37,4,3,4,4,2,2,3,5,6,4,5,5,5,5,4,3,5
1098,2,38,1,4,2,2,3,3,3,3,3,2,2,3,3,1,1,1,3
1099,1,18,4,2,2,4,2,4,2,3,4,3,5,3,4,3,2,4,4
1100,1,20,3,3,4,3,4,5,4,3,4,4,5,5,3,4,5,4,4
1101,2,30,4,5,5,4,4,3,4,3,3,3,3,3,4,4,3,3,2
1102,2,40,4,3,1,4,4,4,3,4,4,4,4,5,4,1,2,4,4
1103,2,24,2,2,4,2,2,3,3,4,3,5,4,4,4,4,1,2,2
1104,2,31,4,5,4,2,5,4,2,3,5,2,3,4,4,2,2,2,3
1105,1,22,5,6,6,6,5,4,5,4,4,5,3,3,5,4,6,5,6
1106,1,30,4,4,4,4,3,4,4,4,5,3,4,3,4,6,5,5,6
1107,2,32,4,4,2,3,3,2,3,2,2,3,2,3,3,2,1,1,4
1108,1,18,4,4,5,2,5,4,6,4,4,4,4,2,3,5,6,5,6
1109,2,18,5,3,3,2,3,3,5,3,4,4,4,3,2,2,3,4,1
1110,1,36,4,4,4,4,5,4,5,5,5,4,6,5,4,4,6,5,5
1111,1,18,5,6,5,5,5,6,5,5,5,6,5,3,5,6,6,2,6
1112,1,20,5,3,3,3,2,3,3,3,3,3,4,3,1,2,2,4,3
1113,1,24,3,5,4,5,5,3,4,6,5,4,4,5,5,2,2,5,5
1114,1,35,4,4,4,3,3,2,3,4,5,4,5,4,4,3,5,5,2
1115,1,18,2,3,2,3,3,2,3,4,4,5,4,5,4,3,5,5,4
1116,2,35,2,4,3,5,4,3,3,4,5,4,5,5,4,5,3,6,3
1117,2,31,2,2,2,3,4,3,2,3,4,3,4,3,5,1,3,2,4
1118,1,21,2,4,3,4,4,3,4,2,2,3,4,3,4,2,2,4,5
1119,1,42,4,6,4,4,4,4,3,4,4,5,3,3,4,6,6,2,5
1120,1,28,3,4,5,4,3,3,3,5,4,4,5,4,5,6,3,4,5
1121,2,22,3,4,2,3,3,4,2,5,4,4,5,5,4,3,2,4,3
1122,1,35,1,5,5,4,4,5,5,4,5,5,4,3,2,6,6,6,4
1123,1,20,2,5,4,2,4,3,4,5,5,5,4,4,6,5,5,5,5
1124,1,33,4,3,4,3,4,3,4,5,5,6,5,6,5,4,4,6,5
1125,2,36,5,3,2,3,3,2,3,4,3,3,4,4,2,1,3,3,2
1126,1,19,2,4,4,3,3,3,4,6,5,6,4,5,5,6,5,2,5
1127,2,31,3,2,2,3,3,4,3,3,5,4,3,4,4,3,3,3,6
1128,2,29,4,3,4,3,1,1,3,5,4,5,4,4,4,2,3,2,1
1129,2,20,4,4,3,4,2,4,4,4,5,4,4,4,5,2,3,2,3
1130,1,27,1,3,4,4,3,4,4,5,3,4,4,3,3,4,3,5,4
1131,2,27,4,2,2,3,2,1,3,3,4,4,2,4,3,1,1,1,1
1132,1,27,4,1,4,4,4,4,4,3,3,3,3,3,2,5,2,2,3
1133,2,18,3,5,4,2,5,4,5,6,5,5,6,6,5,5,5,2,5
1134,1,49,2,5,6,5,4,5,4,4,6,6,4,5,4,6,3,6,6
1135,2,24,4,4,3,3,4,3,3,5,5,5,6,5,5,4,4,3,1
1136,1,28,3,5,5,4,4,5,6,6,5,6,6,4,5,6,6,6,5
1137,2,30,3,3,4,4,2,3,2,4,3,2,3,1,2,1,3,6,5
1138,1,28,4,5,4,6,4,4,4,4,3,4,3,4,4,4,6,2,4
1139,1,26,4,1,3,2,3,2,3,4,5,4,2,3,4,1,3,3,4
1140,2,34,4,4,3,3,4,4,4,5,5,4,5,5,3,4,4,5,2
1141,1,35,2,3,4,5,3,3,3,5,3,5,5,4,4,5,2,3,5
1142,2,23,4,2,2,1,1,2,3,3,3,3,3,5,4,1,1,1,2
1143,2,23,4,6,5,5,5,6,4,5,5,4,6,5,5,4,5,5,6
1144,1,38,3,3,4,4,3,3,5,4,5,5,5,5,4,6,6,2,4
1145,2,34,2,3,3,3,5,4,4,3,3,4,1,4,4,1,3,4,2
1146,2,28,2,3,3,4,2,4,3,3,5,4,3,4,4,3,4,4,2
1147,2,32,4,4,4,4,4,3,4,3,5,3,4,4,4,3,2,4,3
1148,1,23,5,3,3,2,2,3,3,4,5,4,3,4,4,4,6,3,2
1149,1,35,4,4,3,4,4,3,3,5,3,4,4,5,5,4,4,5,3
1150,2,25,4,2,3,4,3,2,4,2,4,3,3,3,3,2,2,2,1
1151,1,32,4,3,5,4,5,4,3,4,5,5,4,4,3,4,5,6,2
1152,2,18,4,2,2,3,2,3,3,4,4,3,3,4,4,1,4,2,2
1153,1,25,4,3,3,3,3,3,3,4,3,4,3,4,5,2,4,4,5
1154,2,30,4,3,4,3,3,2,4,4,4,4,3,3,5,2,2,2,5
1155,1,29,5,2,4,3,4,4,3,3,3,4,3,3,3,3,2,3,4
1156,2,27,3,3,5,5,4,4,4,4,5,5,5,5,4,5,2,2,5
1157,1,26,4,4,3,3,4,3,3,6,4,6,3,4,6,6,4,3,2
1158,1,36,2,2,5,4,4,4,4,4,2,3,3,3,4,2,6,6,2
1159,1,39,4,4,5,4,4,4,4,3,3,4,4,4,4,4,5,4,5
1160,2,36,1,2,2,1,2,3,2,3,3,3,2,4,3,1,1,3,3
1161,1,24,3,6,5,5,5,6,6,6,2,5,3,4,4,5,6,6,5
1162,1,24,3,3,3,3,3,2,2,2,3,5,5,4,2,2,4,4,2
1163,2,23,3,3,4,3,4,2,3,5,4,4,4,4,4,5,4,1,4
1164,1,27,1,5,3,6,3,3,4,4,5,4,4,6,4,5,5,4,6
1165,2,28,4,2,2,2,4,3,3,4,3,5,3,3,2,1,3,3,1
1166,2,40,3,3,4,3,4,3,3,4,3,3,3,5,4,1,2,2,4
1167,2,31,4,3,2,2,2,2,1,1,1,1,2,3,3,2,1,1,2
1168,1,25,2,3,4,4,3,4,4,5,5,5,4,5,6,5,5,5,6
1169,2,27,2,4,4,3,3,4,3,2,1,2,2,3,4,2,3,3,1
1170,2,24,2,4,4,4,4,3,5,5,4,4,6,5,5,4,4,2,5
1171,2,19,2,3,4,2,3,3,4,4,6,4,4,5,4,3,1,1,3
1172,1,18,4,5,4,3,5,3,5,5,5,6,4,5,6,6,6,6,6
1173,2,35,2,4,2,4,4,4,3,3,4,4,3,2,3,5,2,5,4
1174,2,36,3,3,3,3,4,4,4,5,4,4,5,5,5,2,5,3,2
1175,1,29,5,6,5,5,3,5,5,3,5,4,3,4,3,6,5,5,4
1176,2,18,4,2,1,3,3,2,3,3,5,3,3,4,4,3,2,2,2
1177,1,31,1,5,6,4,5,5,4,3,3,5,4,5,5,3,6,3,5
1178,2,18,4,3,3,2,3,3,4,4,4,4,6,4,4,2,1,1,2
1179,2,25,2,2,2,4,2,3,2,3,3,5,3,2,2,3,2,1,5
1180,1,33,5,6,6,4,6,4,5,4,5,5,6,5,4,6,6,6,5
1181,1,26,3,4,4,4,4,4,4,4,5,5,4,3,5,4,6,6,3
1182,1,27,4,5,5,4,4,4,5,4,4,4,4,3,4,6,6,4,6
1183,1,33,4,5,5,4,6,5,5,5,4,4,5,3,5,6,6,5,5
1184,2,28,4,3,3,3,2,3,4,3,3,3,2,4,2,1,4,3,1
1185,1,31,4,4,5,5,3,4,3,3,4,5,4,4,4,3,6,6,3
1186,2,27,3,4,2,4,4,4,4,5,3,4,4,5,4,4,4,1,5
1187,1,27,4,4,4,4,4,4,5,3,3,5,5,4,3,5,5,2,4
1188,2,31,2,4,2,2,2,2,2,3,3,3,2,3,2,1,2,2,1
1189,1,35,3,6,4,6,5,5,4,5,5,4,4,3,4,6,5,6,6
1190,2,26,3,5,5,4,4,5,3,6,4,4,4,5,5,6,5,3,5
1191,2,30,2,4,3,2,3,2,3,5,4,5,5,5,5,4,5,1,3
1192,1,32,4,4,4,4,5,3,3,5,6,4,4,3,4,6,6,5,6
1193,1,35,3,4,3,4,5,4,5,4,4,5,5,5,4,4,3,5,5
1194,1,27,4,4,6,3,4,3,3,4,4,3,4,5,4,5,5,6,5
1195,1,18,2,3,3,4,4,4,3,4,3,3,2,4,4,4,2,6,5
1196,2,38,4,2,2,3,1,2,2,3,3,3,4,3,4,1,1,2,3
1197,2,32,2,5,3,5,3,4,4,5,5,4,5,5,5,4,4,4,6
1198,2,19,5,3,4,3,5,2,3,3,3,2,3,3,3,3,3,1,2
1199,2,26,2,4,5,3,5,4,4,4,5,3,3,4,4,5,3,3,6
1200,2,25,5,4,3,5,3,3,3,5,6,4,4,5,5,4,1,3,2
