id,gender,age,ses,ca1,ca2,ca3,ca4,ca5,ncc1,ncc2,ncc3,ncc4,ncc5,ncc6,sdo1,sdo2,sdo3,sdo4,sdo5,sdo6,smu1,smu2,smu3,smu4,vote1,vote2,vote3
1,1,33,2,15,12,16,15,7,2,3,3,3,4,4,6,5,5,5,5,5,3,5,4,3,6,9,7
2,1,40,4,13,12,17,11,14,3,3,3,4,3,4,5,4,5,4,3,3,4,3,4,2,3,2,6
3,1,52,1,6,8,14,7,7,3,4,2,5,3,3,5,5,3,4,6,4,3,2,4,3,8,7,4
4,1,36,2,15,10,12,14,9,3,3,3,3,4,4,5,5,4,5,4,4,2,2,3,2,5,9,6
5,1,43,1,9,9,10,9,5,3,3,3,3,3,2,4,5,5,3,4,5,2,2,2,3,8,6,6
6,1,43,2,14,11,12,13,11,3,3,3,4,2,3,5,4,4,5,5,6,3,4,3,5,9,6,6
7,2,35,1,11,7,3,8,11,3,1,2,2,2,3,4,5,4,3,6,4,3,3,4,4,5,5,4
8,1,24,3,13,9,10,12,14,4,3,4,3,3,3,3,5,4,3,4,3,3,4,3,3,6,7,4
9,2,18,2,10,9,10,14,7,2,3,3,3,2,1,4,4,4,4,3,3,5,5,4,5,7,5,7
10,2,22,1,6,0,9,5,1,5,3,3,5,4,3,4,3,4,5,4,4,3,2,3,3,5,5,6
11,2,25,4,13,13,15,13,13,3,4,3,2,3,3,4,5,4,3,3,4,4,3,4,3,7,6,8
12,2,35,4,16,9,13,7,11,3,2,3,3,2,3,5,6,4,4,5,5,4,3,2,2,8,6,7
13,1,20,4,15,13,17,10,20,2,2,1,2,3,3,4,4,3,5,5,4,3,3,3,4,5,4,9
14,1,26,2,13,9,14,12,11,4,5,5,4,4,4,5,5,4,4,5,4,3,3,4,4,6,7,7
15,2,38,3,9,8,10,7,10,3,4,4,2,2,5,4,5,4,5,4,4,3,3,2,2,4,6,4
16,2,32,3,10,15,14,17,13,4,2,3,4,3,4,5,4,4,4,3,3,4,3,3,3,4,5,5
17,2,43,4,10,10,8,11,14,3,4,4,4,4,3,2,4,4,3,3,3,3,3,4,2,5,8,8
18,1,28,4,12,7,6,9,6,4,3,3,5,4,2,4,4,4,4,4,3,4,3,3,3,7,6,9
19,1,33,4,13,12,13,8,7,3,3,3,2,3,3,5,6,6,5,7,5,3,5,4,3,8,9,9
20,1,20,3,2,4,2,9,4,4,4,3,4,5,4,6,6,6,5,6,4,3,2,2,3,8,5,7
21,1,42,1,9,13,5,14,14,3,3,3,4,5,4,4,4,4,4,4,4,2,3,2,3,7,7,7
22,1,38,3,5,11,9,9,5,4,4,3,4,5,3,3,4,3,4,3,3,3,4,2,3,6,7,5
23,2,27,1,12,10,11,8,11,2,3,4,3,4,3,3,4,4,5,4,4,2,2,2,4,9,6,8
24,1,32,4,10,8,8,6,14,4,4,2,4,3,3,2,4,4,2,4,3,4,2,2,3,8,7,7
25,1,37,2,10,9,4,10,9,5,4,3,5,3,4,5,4,4,4,4,5,4,3,3,3,8,9,10
26,1,29,1,9,2,1,3,6,2,3,4,4,3,3,6,5,5,6,4,6,3,3,2,2,6,5,6
27,2,28,4,14,17,18,16,15,5,5,4,3,4,5,4,4,4,4,4,4,3,4,2,2,4,5,4
28,1,22,1,10,9,12,10,13,4,4,4,4,4,3,2,4,6,4,5,4,3,3,4,4,8,7,7
29,2,49,4,11,6,8,9,10,3,5,3,3,3,4,5,2,3,4,3,3,3,4,2,3,4,6,4
30,2,24,3,12,13,13,12,12,3,4,3,5,3,4,5,4,5,5,4,6,2,3,2,2,5,5,6
31,2,25,1,6,10,3,9,9,3,3,4,4,3,4,6,5,5,4,5,4,2,3,2,1,5,5,4
32,2,35,1,9,2,9,9,3,4,4,4,5,5,4,3,3,4,5,5,4,2,2,2,3,6,6,8
33,1,24,2,9,8,9,6,4,5,5,3,3,4,4,5,5,4,5,4,5,5,4,4,5,8,8,7
34,2,33,3,17,15,18,11,13,4,5,5,5,4,4,4,3,4,4,5,4,3,3,3,4,5,7,7
35,2,43,2,9,15,15,15,15,2,2,2,2,2,2,3,3,3,3,3,3,4,3,4,3,5,3,6
36,2,32,4,10,13,13,15,9,4,4,4,4,4,3,4,4,4,5,5,5,3,2,3,1,4,8,4
37,2,37,2,7,12,8,8,14,3,3,4,4,4,1,3,3,4,3,3,4,4,3,3,4,9,9,9
38,1,34,3,8,7,11,9,9,4,3,4,4,3,4,6,6,6,5,5,4,3,4,2,2,9,10,9
39,1,30,2,8,8,7,11,8,2,3,3,2,3,2,2,3,3,5,4,2,4,5,4,4,5,5,4
40,2,36,1,7,8,15,15,10,4,3,4,3,3,3,4,3,3,2,3,3,3,3,2,3,3,3,6
41,1,30,1,6,6,10,8,7,4,2,3,4,4,3,7,7,5,6,7,5,3,3,3,4,10,10,9
42,2,25,1,6,10,8,6,7,3,3,3,3,3,2,3,4,5,4,5,5,4,3,4,4,6,5,5
43,2,38,4,11,6,8,6,6,6,4,5,5,4,5,3,4,5,4,5,4,4,3,3,3,8,8,6
44,1,33,3,10,11,9,8,9,5,4,4,4,4,4,6,5,3,4,5,3,3,2,2,2,3,8,5
45,1,34,2,10,4,4,8,2,4,3,3,3,4,4,4,4,3,4,3,4,3,2,2,2,3,6,6
46,2,26,1,4,5,0,12,7,5,5,4,5,4,6,3,2,4,5,4,4,3,2,3,2,5,4,6
47,2,34,3,7,10,7,8,8,4,3,4,3,4,4,2,3,3,3,3,4,4,2,3,3,6,4,5
48,2,27,3,9,5,10,7,7,2,2,3,2,1,3,2,3,3,5,2,3,3,3,4,4,5,6,7
49,2,26,2,3,12,9,8,10,5,4,3,4,5,3,3,2,4,3,4,4,4,4,3,3,6,6,7
50,2,50,3,9,18,14,18,11,3,3,3,3,3,4,3,4,4,4,3,4,3,3,3,3,7,6,6
51,2,36,1,3,7,7,7,4,4,4,6,4,5,4,5,6,5,4,5,4,4,3,4,4,10,8,10
52,1,37,1,11,10,4,15,10,3,2,2,1,3,1,4,5,4,4,4,6,3,3,1,2,6,8,6
53,1,28,2,15,15,19,13,16,3,3,1,3,3,3,3,3,3,4,4,4,2,2,1,3,8,8,6
54,1,46,3,10,11,9,5,8,5,4,3,3,3,4,5,4,5,6,4,4,3,3,2,3,8,7,7
55,2,44,3,11,13,15,6,12,4,5,4,4,4,4,4,3,4,5,4,4,2,2,3,2,5,5,4
56,2,35,1,9,7,4,8,12,4,4,4,4,4,4,3,4,4,3,4,4,4,4,4,4,9,10,8
57,1,28,2,6,8,11,12,5,5,4,4,5,4,4,5,4,4,6,5,5,2,4,2,4,8,4,5
58,1,35,4,9,11,11,8,9,2,3,2,3,3,2,2,3,3,3,1,2,5,4,3,3,6,6,5
59,2,25,3,10,9,14,13,12,2,3,4,3,2,3,3,5,4,5,4,6,2,2,4,3,5,3,4
60,2,29,2,13,12,11,10,16,5,4,4,3,4,4,5,5,5,6,4,6,4,4,3,3,8,7,8
61,2,29,1,12,11,12,14,12,3,4,3,2,4,2,3,3,2,3,2,3,2,3,3,3,5,6,3
62,2,47,4,9,9,11,5,9,4,4,5,4,4,5,5,5,7,5,6,6,4,4,3,4,10,10,10
63,2,29,4,10,12,14,11,14,2,3,2,2,3,3,2,3,4,4,3,3,3,3,3,4,3,5,4
64,1,41,1,13,11,12,5,10,3,2,3,4,4,4,5,4,5,4,4,4,3,3,3,4,6,6,5
65,2,42,3,13,14,12,9,14,3,4,3,2,2,3,4,3,3,3,4,3,3,4,4,2,4,2,5
66,2,31,4,12,13,6,5,10,5,4,3,3,4,4,3,4,4,4,1,3,3,4,2,3,6,3,4
67,1,28,1,14,12,4,11,15,3,4,5,3,5,3,4,5,6,3,4,5,3,3,2,3,5,7,5
68,2,27,1,4,10,10,10,4,4,3,4,4,3,4,5,6,5,5,6,5,4,4,3,4,6,6,5
69,1,38,4,11,6,8,12,10,4,4,3,3,3,5,4,3,4,3,5,3,4,5,3,4,3,3,7
70,1,28,2,11,10,8,4,7,3,5,5,5,5,3,6,4,4,4,6,6,2,3,4,4,8,9,7
71,2,24,1,2,7,6,7,8,4,5,2,4,4,4,4,5,5,4,4,4,3,3,3,3,7,7,9
72,2,30,4,10,16,13,10,10,3,2,4,3,3,3,3,3,2,3,3,3,3,4,4,3,7,7,7
73,1,32,1,7,5,7,8,5,3,4,3,2,3,3,4,4,5,4,5,6,2,3,3,3,9,6,9
74,1,29,3,8,8,5,10,12,4,4,4,3,4,3,3,4,4,4,3,5,2,1,3,3,2,5,6
75,1,35,3,15,16,17,17,10,4,3,3,3,4,4,3,3,5,3,3,4,2,3,3,4,6,6,7
76,1,23,1,5,10,15,7,13,4,3,4,2,2,3,5,5,5,5,4,4,3,4,4,4,10,9,5
77,2,38,4,11,3,11,7,14,4,4,5,5,4,4,4,5,2,3,3,3,3,2,2,3,3,4,5
78,2,39,2,14,14,10,12,15,2,3,2,3,2,3,2,2,4,2,2,3,3,3,2,3,4,1,3
79,2,27,2,10,10,4,11,18,5,3,4,5,5,4,4,4,4,4,4,4,3,3,2,3,8,7,6
80,1,40,2,12,7,11,3,12,3,4,3,4,4,3,5,4,4,4,4,5,3,2,3,3,5,4,6
81,1,37,2,10,7,11,15,11,3,4,5,3,4,3,5,4,4,4,4,5,3,3,3,3,4,4,7
82,2,24,1,11,9,8,10,9,3,4,4,2,2,3,3,4,3,5,3,3,4,3,3,4,8,5,5
83,1,39,1,13,7,10,8,11,4,4,4,3,4,4,3,6,4,7,6,4,2,3,3,3,3,6,5
84,1,29,1,10,4,8,9,6,4,2,3,4,3,3,6,4,6,6,6,4,2,2,2,3,9,6,7
85,1,37,2,7,15,13,7,5,3,3,3,4,4,4,4,4,4,4,4,4,4,3,2,4,5,3,5
86,1,37,3,13,17,17,13,12,6,3,3,4,4,4,6,4,3,5,5,5,3,3,3,1,4,3,5
87,2,36,1,0,4,4,1,0,4,3,6,3,4,3,4,3,2,5,4,4,5,4,3,5,8,7,7
88,2,29,4,15,13,10,15,15,4,3,4,4,3,3,4,4,5,5,2,4,3,2,2,2,6,5,6
89,1,25,2,10,9,7,8,2,5,4,3,3,2,5,4,4,4,5,4,5,4,3,4,3,5,4,5
90,1,30,3,9,13,10,9,10,3,4,3,3,3,2,4,5,2,5,4,4,3,3,2,2,7,5,3
91,1,22,1,11,9,6,7,11,3,4,3,4,2,4,4,5,4,5,4,4,3,3,4,3,2,5,5
92,1,30,4,10,9,8,9,12,3,3,2,3,4,3,5,5,6,4,4,3,3,3,4,4,5,6,7
93,2,29,2,13,6,7,10,9,5,5,4,4,4,3,4,6,5,5,4,3,4,3,3,3,4,4,7
94,1,34,3,17,19,13,10,14,3,5,4,3,4,2,2,5,3,4,5,3,3,3,4,4,8,7,8
95,2,28,1,14,14,11,11,13,4,5,3,4,4,3,4,4,3,3,2,4,2,3,2,3,4,5,1
96,1,30,3,6,1,6,6,5,4,3,3,4,5,4,2,5,4,4,3,5,4,3,4,4,5,6,6
97,2,28,2,9,12,9,11,4,3,4,5,3,4,5,4,2,5,5,4,4,4,5,4,4,8,9,6
98,2,39,2,12,9,14,13,13,4,2,3,3,3,3,3,4,3,4,3,4,3,4,4,3,4,8,5
99,2,44,1,5,7,4,10,11,1,3,3,3,3,4,4,5,4,4,5,4,3,4,5,4,6,3,6
100,1,32,4,15,13,13,12,12,4,3,5,3,3,3,4,4,6,4,4,5,3,3,5,3,5,6,3
101,2,29,4,16,20,13,19,15,3,3,4,3,3,3,2,3,2,2,2,1,3,2,2,2,2,2,3
102,1,29,1,11,10,9,9,11,4,3,4,3,3,4,6,6,5,5,6,7,1,2,2,2,8,8,7
103,1,37,1,7,8,5,7,12,3,2,3,3,2,3,6,4,4,5,5,4,4,4,3,3,9,9,9
104,1,25,2,15,14,15,10,10,3,1,1,2,2,1,4,4,2,3,3,1,2,1,1,3,4,2,1
105,1,29,1,1,4,11,7,5,5,4,4,4,5,5,3,4,4,4,5,4,4,4,4,5,6,6,8
106,2,28,4,13,10,10,9,10,1,2,2,2,1,1,3,3,2,3,4,3,3,1,2,2,2,4,1
107,1,26,3,12,10,8,12,13,5,3,3,4,4,4,5,6,4,4,5,5,4,3,3,2,8,6,8
108,2,41,1,6,4,7,1,13,4,3,3,4,4,5,6,6,5,4,6,4,3,3,2,3,6,9,5
109,2,46,2,12,19,13,9,12,4,3,3,3,3,2,2,4,4,4,3,5,2,3,4,3,5,2,4
110,2,26,2,6,13,12,9,6,3,3,3,2,2,4,4,4,5,4,4,4,2,3,4,2,4,4,5
111,1,30,1,10,19,12,10,14,3,3,5,3,4,4,6,4,4,5,4,6,1,2,3,2,7,3,5
112,1,32,2,14,11,13,8,14,4,5,5,4,4,5,6,4,5,3,5,4,3,3,3,4,7,3,5
113,1,33,3,9,11,1,9,12,4,4,4,3,4,3,3,4,3,4,4,3,3,3,3,2,4,3,3
114,1,29,3,11,12,8,13,9,3,3,4,2,3,3,3,5,3,5,3,3,2,2,3,2,6,7,3
115,2,39,4,11,13,12,7,15,3,4,4,4,3,5,4,4,4,2,6,4,3,3,3,2,6,6,9
116,2,26,3,6,8,6,8,12,3,4,4,6,4,4,3,5,4,4,4,3,4,4,4,3,6,7,8
117,2,21,4,10,13,12,8,13,2,4,3,2,3,2,5,3,5,4,4,4,4,3,3,2,6,5,6
118,2,37,3,9,15,7,9,16,5,5,4,3,4,5,6,5,5,4,6,4,3,4,3,3,6,7,7
119,1,35,4,10,14,10,10,12,4,3,3,4,2,3,5,3,7,4,4,5,3,3,2,3,5,6,5
120,1,20,3,15,15,14,10,9,2,3,4,3,5,5,4,6,7,5,4,5,4,3,2,2,9,8,6
121,2,41,2,4,7,7,3,6,5,3,3,5,4,3,7,5,6,7,6,5,3,3,4,2,7,9,7
122,1,29,1,3,5,1,5,3,5,4,4,5,5,4,6,4,4,4,6,6,4,3,3,3,7,8,6
123,1,22,2,3,10,9,7,10,4,1,2,2,3,2,3,2,2,2,3,3,1,4,3,3,6,4,5
124,1,29,4,18,18,19,17,15,3,3,2,3,3,3,3,4,2,3,4,4,3,3,1,2,5,4,7
125,2,36,2,10,14,8,7,10,5,5,4,5,5,5,4,2,3,4,3,6,3,3,4,2,7,6,5
126,2,31,4,17,17,14,17,12,2,3,3,1,2,2,4,2,2,2,3,4,2,3,2,3,5,5,8
127,1,26,4,15,17,20,13,6,3,3,3,3,3,2,6,5,5,5,6,6,1,1,3,1,6,3,5
128,2,40,3,10,8,8,13,8,4,4,4,3,4,4,4,4,3,4,5,3,2,2,2,1,6,1,2
129,2,47,3,11,11,13,14,10,4,3,3,4,4,3,3,3,3,4,2,4,4,2,4,4,5,5,5
130,2,46,1,3,3,0,1,0,5,6,5,5,5,6,6,7,4,6,4,4,4,4,3,3,9,9,7
131,1,30,3,11,16,10,14,13,2,4,3,2,3,3,3,3,4,2,3,5,3,3,4,4,5,8,6
132,1,30,2,7,11,7,10,8,3,3,2,3,2,3,4,4,4,6,6,5,4,3,3,5,6,7,7
133,2,30,2,10,15,16,15,14,4,5,5,4,4,4,6,4,5,6,3,4,3,2,2,3,6,5,5
134,2,35,2,7,9,8,12,11,5,4,3,4,4,3,1,3,4,2,4,2,3,2,3,3,4,4,6
135,1,26,3,9,7,10,2,8,3,2,2,3,2,1,4,3,5,2,4,2,2,3,3,2,5,6,7
136,1,44,4,6,9,5,8,11,4,3,4,5,3,4,3,4,5,5,4,3,3,2,2,1,4,6,6
137,2,33,1,9,5,7,10,12,5,3,4,4,4,4,2,3,3,3,3,3,3,1,2,2,7,4,4
138,1,23,4,16,12,11,17,17,4,5,4,3,4,4,6,4,6,6,5,5,4,5,4,3,5,7,7
139,1,27,4,14,13,16,20,18,2,2,2,3,2,1,3,4,4,2,4,3,4,2,2,3,3,5,5
140,2,42,2,5,10,8,11,7,5,4,6,5,5,3,6,6,6,6,6,7,4,3,3,2,8,8,6
141,2,28,2,7,11,7,5,11,4,4,3,4,3,3,3,4,5,4,4,5,3,2,2,3,4,5,5
142,2,33,3,8,14,6,13,12,1,2,3,2,3,2,3,3,3,2,5,2,3,4,4,3,3,5,5
143,2,32,3,19,12,13,13,16,2,2,1,2,2,1,3,2,4,4,5,3,2,1,3,2,1,1,1
144,2,24,3,11,7,8,9,10,5,4,5,3,6,6,3,4,3,4,3,3,3,3,3,3,5,5,5
145,1,30,4,16,6,13,13,14,3,2,3,3,3,2,5,4,4,4,5,5,4,3,3,3,6,2,4
146,1,25,4,7,10,9,8,10,3,3,3,4,3,2,7,6,6,4,4,5,4,2,2,2,8,8,9
147,2,26,1,7,12,18,15,10,5,4,5,5,3,4,5,3,4,4,3,5,2,4,4,3,5,8,6
148,1,25,4,19,8,15,13,14,5,5,4,4,3,3,4,5,4,3,6,3,2,2,2,1,4,5,5
149,1,31,1,11,9,8,8,10,4,6,4,4,4,6,6,5,4,2,4,3,3,2,3,3,9,6,4
150,1,36,1,5,4,10,7,8,4,4,4,4,3,3,5,4,6,5,6,7,3,4,3,3,8,9,8
151,2,40,3,9,6,11,4,7,5,4,5,4,2,3,3,2,3,3,2,1,4,3,3,4,6,7,9
152,2,36,4,7,11,12,13,9,4,4,3,3,2,4,2,2,3,2,3,3,3,3,3,4,3,1,5
153,2,45,3,8,7,7,12,10,4,5,5,4,5,6,4,5,4,4,2,5,3,3,2,3,7,5,6
154,2,40,3,12,10,5,6,7,5,5,4,4,5,6,4,5,4,5,4,3,3,2,3,3,6,6,7
155,2,33,4,15,16,19,13,11,4,4,5,6,3,5,4,4,6,4,5,6,3,3,3,1,8,8,5
156,1,29,3,7,10,15,11,14,2,3,4,3,3,3,2,4,3,3,4,2,4,3,3,2,5,3,4
157,1,20,4,8,11,15,10,12,1,2,1,1,1,1,3,4,3,4,4,4,4,3,3,3,4,5,5
158,1,24,1,10,12,11,10,5,3,5,3,5,4,4,4,4,5,3,5,4,5,5,4,4,9,8,8
159,1,39,3,15,9,8,11,14,2,3,2,2,3,2,6,6,5,7,6,5,3,3,3,4,5,7,4
160,1,39,1,7,7,11,5,10,3,3,3,4,2,4,4,5,5,4,4,4,4,4,3,3,6,7,5
161,2,24,1,5,12,9,18,18,3,3,3,4,4,3,5,4,6,4,5,6,3,3,3,4,9,9,9
162,2,41,4,8,14,16,11,14,4,3,4,4,4,4,5,5,4,4,4,4,1,2,2,1,6,2,3
163,2,26,2,4,8,10,10,3,4,4,4,3,4,5,4,4,6,4,5,5,3,3,4,4,6,5,5
164,2,49,3,14,15,14,10,11,1,4,2,3,3,5,3,3,1,1,1,2,2,2,2,2,3,2,4
165,2,31,1,7,7,8,14,12,3,4,3,4,3,4,3,3,4,3,4,3,3,2,4,4,4,3,6
166,2,42,3,4,5,8,4,0,4,3,4,6,3,3,3,3,2,3,4,4,3,4,3,3,4,5,3
167,2,25,1,6,3,4,2,10,3,4,3,3,3,4,5,6,5,6,5,6,3,4,3,3,6,7,6
168,1,28,1,11,9,11,12,13,4,5,4,3,5,4,4,4,6,3,4,5,3,3,3,3,4,8,6
169,1,33,1,5,4,8,4,10,4,4,5,3,4,5,4,5,6,5,6,6,3,5,4,4,7,9,7
170,2,21,2,11,9,10,7,5,2,3,2,3,2,4,3,4,3,3,4,4,3,1,3,3,7,5,4
171,1,29,4,17,15,15,18,17,4,2,4,4,3,2,5,4,5,5,3,6,4,3,4,3,4,3,6
172,2,24,3,9,5,10,3,7,5,3,3,3,4,4,5,4,5,2,3,3,3,3,4,2,7,6,7
173,2,30,3,8,12,12,10,9,4,3,3,2,4,3,5,5,6,5,5,5,4,3,3,4,7,6,5
174,1,25,1,0,3,7,10,2,3,4,3,5,5,4,6,5,6,5,5,4,3,1,3,3,7,8,7
175,1,24,1,14,5,6,17,7,3,4,5,5,4,4,4,3,3,4,3,3,3,3,3,3,6,8,7
176,1,24,2,10,9,9,14,6,4,3,2,4,3,3,5,6,2,5,6,5,3,4,4,3,8,8,8
177,2,32,1,13,9,12,14,7,4,3,3,3,3,6,3,5,4,3,2,3,3,2,2,4,6,6,8
178,1,43,3,16,16,11,9,14,4,2,2,3,2,3,5,6,5,4,3,5,2,3,4,2,5,5,5
179,1,23,1,0,3,0,5,0,4,6,5,5,6,5,6,7,6,6,6,6,5,5,4,5,10,9,10
180,2,28,1,7,6,10,10,8,3,4,4,4,4,4,3,5,4,1,2,2,4,4,4,4,4,5,5
181,2,33,3,8,13,19,12,12,2,3,2,3,2,2,3,4,4,3,3,3,3,2,2,3,3,2,1
182,2,26,3,11,14,13,10,6,4,3,4,3,2,3,5,3,3,4,3,2,3,3,3,3,8,6,9
183,1,33,4,10,12,9,14,16,4,4,4,3,4,2,4,4,4,6,3,4,2,2,3,2,4,5,5
184,1,43,1,2,2,1,0,4,5,5,5,4,5,5,7,7,7,7,7,5,3,3,3,4,9,8,9
185,1,31,3,8,9,8,9,9,4,6,5,3,4,4,5,6,6,5,4,5,3,2,3,3,4,4,5
186,2,26,4,14,8,13,16,15,4,4,4,3,4,2,4,3,2,3,4,2,2,2,2,2,7,6,7
187,1,27,2,10,5,10,8,8,3,4,3,3,2,3,4,3,4,3,5,3,3,3,4,4,7,5,4
188,1,37,2,6,4,11,8,11,5,3,4,3,3,3,3,3,5,4,5,3,1,2,2,4,4,4,3
189,1,35,1,7,4,9,5,5,5,6,4,5,6,5,5,6,7,4,6,6,4,4,4,4,9,10,8
190,2,22,1,3,6,3,9,12,3,3,4,3,2,4,4,4,5,5,3,3,4,1,4,2,8,7,8
191,2,27,3,9,11,10,7,10,4,4,4,5,2,3,2,2,3,4,3,3,3,3,2,3,5,4,5
192,2,37,3,11,12,10,13,12,3,4,5,4,3,3,4,2,3,2,3,3,4,3,3,3,6,5,4
193,1,29,4,12,10,14,6,9,4,5,4,5,4,4,6,5,5,6,6,6,4,4,3,5,8,8,7
194,1,37,3,5,14,8,10,11,3,4,3,3,5,5,3,4,5,5,3,6,4,4,4,5,8,9,7
195,1,38,2,13,13,8,6,14,4,2,3,4,3,2,6,5,6,5,4,6,3,2,2,2,6,7,7
196,1,29,1,10,0,8,3,12,4,4,5,4,6,4,6,2,5,3,4,5,3,2,3,2,8,9,7
197,2,33,2,11,19,10,16,15,3,3,2,2,1,2,4,3,3,3,4,4,3,3,3,4,3,3,2
198,2,43,3,8,11,8,10,10,4,5,5,4,3,4,2,3,4,3,4,3,4,4,3,3,7,7,5
199,1,34,2,10,5,6,7,8,4,5,4,4,3,3,4,4,5,3,2,5,3,4,3,3,9,7,7
200,1,39,2,16,18,14,12,10,4,4,4,3,2,3,3,2,4,5,3,5,3,3,4,2,4,4,7
201,2,43,3,17,14,11,17,17,3,3,4,3,5,3,4,5,3,4,2,2,1,2,1,2,3,1,5
202,2,38,2,13,10,14,10,11,4,5,4,5,4,3,4,3,1,4,5,4,3,1,3,2,8,7,7
203,2,21,1,10,14,11,13,11,3,4,3,4,4,4,3,1,3,4,2,5,3,3,4,4,6,5,7
204,1,41,4,6,8,7,11,13,4,3,4,4,4,3,4,4,5,3,4,3,2,4,4,4,6,5,7
205,2,28,1,5,6,9,2,5,2,3,4,3,3,2,3,4,3,4,4,4,5,3,3,2,5,6,9
206,2,30,3,14,11,12,12,12,4,4,5,4,5,4,4,3,4,4,5,4,2,2,2,1,6,6,7
207,1,35,1,15,11,10,16,15,3,2,2,2,3,2,2,3,4,3,4,6,2,2,3,1,3,4,6
208,1,23,1,5,5,8,8,4,5,4,4,5,4,5,5,4,5,5,4,4,3,4,5,4,5,6,5
209,1,56,4,11,12,5,6,13,2,4,4,4,3,3,4,5,4,6,5,4,4,2,3,2,5,6,5
210,1,35,3,13,11,11,12,15,3,3,4,3,4,5,2,4,5,3,4,2,3,3,2,3,7,6,6
211,1,42,4,12,8,11,12,5,2,3,3,4,1,2,4,3,5,4,5,5,4,2,4,3,6,4,4
212,2,33,2,8,8,11,11,9,6,5,5,4,5,4,3,4,2,3,3,3,4,3,2,3,6,5,6
213,1,37,2,13,13,12,9,13,3,3,4,4,4,4,4,5,5,4,3,4,3,2,4,3,4,6,3
214,1,36,2,11,6,12,10,7,5,5,4,4,4,4,5,5,5,5,5,4,3,4,4,3,5,7,8
215,1,39,2,17,11,15,11,12,4,3,3,3,3,3,3,3,3,3,2,3,2,3,2,3,2,2,4
216,1,22,3,5,4,13,9,8,4,4,2,3,3,3,2,3,4,2,3,4,4,3,4,5,6,5,4
217,2,22,1,10,12,3,6,4,4,4,5,4,3,4,5,5,4,6,5,5,5,4,4,4,5,5,7
218,2,23,4,7,12,13,4,9,4,5,3,4,5,4,4,4,4,3,3,4,3,4,4,5,6,5,5
219,1,27,4,15,12,14,17,14,3,3,4,3,3,4,7,6,6,5,6,6,4,3,4,4,7,5,5
220,2,31,4,15,8,13,15,10,3,4,2,3,2,3,3,3,2,3,3,2,3,2,2,2,5,2,4
221,2,46,1,12,8,8,8,6,4,2,5,4,4,5,4,3,3,4,3,3,3,3,3,3,5,6,7
222,2,28,2,8,3,6,12,10,4,3,4,4,4,3,4,3,4,4,3,4,5,3,3,4,7,5,3
223,1,29,1,14,12,17,14,14,3,5,4,3,3,4,4,5,2,4,2,5,3,3,4,2,5,2,5
224,2,34,4,9,10,8,14,13,3,3,2,3,3,3,2,2,2,1,2,4,3,3,2,3,4,3,4
225,1,23,1,3,5,5,6,5,2,4,3,3,5,3,3,2,4,4,4,5,4,4,4,3,5,8,6
226,2,24,2,11,12,12,11,16,5,3,4,4,5,3,6,7,5,6,5,5,3,3,4,4,10,7,8
227,2,34,3,19,16,17,14,13,3,4,4,3,3,2,2,3,2,3,3,2,2,3,3,3,6,4,4
228,1,25,3,19,13,16,20,20,2,4,2,3,4,3,2,4,2,2,3,2,3,1,2,3,8,8,7
229,1,31,3,17,20,15,18,12,3,2,2,3,2,2,3,1,3,3,1,4,3,4,4,3,4,3,4
230,2,41,3,7,7,7,10,7,4,5,4,4,4,5,5,3,5,4,4,5,4,2,3,3,7,5,6
231,2,26,2,10,11,6,9,7,3,4,3,3,4,4,3,4,3,2,3,3,4,2,3,3,3,4,5
232,1,38,3,13,19,15,13,16,4,4,4,3,2,3,4,5,5,3,3,4,3,2,2,2,4,6,6
233,2,36,3,12,9,11,11,10,4,3,4,3,3,4,6,5,5,6,4,6,3,3,3,3,6,6,5
234,1,21,4,7,11,7,8,17,2,4,3,3,3,2,5,6,4,6,5,6,3,3,3,3,6,6,7
235,1,29,3,13,16,10,15,14,3,3,3,2,3,2,4,3,5,6,5,6,2,2,2,3,5,6,4
236,1,23,4,16,11,12,10,13,3,4,2,3,2,1,2,3,3,3,2,4,3,1,2,2,4,3,4
237,2,19,3,12,3,14,7,10,3,2,4,4,3,4,4,4,3,3,3,3,2,2,3,3,4,4,5
238,1,31,3,14,17,16,13,20,4,3,4,4,2,4,4,4,4,4,4,3,3,4,5,4,5,7,6
239,2,30,4,8,6,11,12,13,4,4,5,4,4,6,3,5,4,4,4,5,4,4,4,3,5,4,6
240,2,26,3,10,15,11,11,16,3,4,3,2,3,3,1,2,3,3,2,2,3,5,3,3,4,4,3
241,2,33,3,10,7,8,6,18,4,6,4,4,6,5,6,6,5,5,4,4,3,3,3,3,7,7,6
242,1,26,3,11,9,11,10,9,3,3,3,4,3,4,6,5,5,4,6,6,3,3,3,3,4,7,6
243,2,33,2,5,14,11,9,12,6,5,4,4,4,4,4,5,4,6,4,4,3,3,2,3,2,4,2
244,2,31,3,16,15,16,13,18,1,3,2,3,2,2,1,2,1,1,1,1,3,3,3,4,4,3,6
245,1,36,1,13,7,8,7,11,4,3,4,4,3,5,5,4,5,4,3,4,4,3,4,4,7,8,8
246,1,27,2,10,10,8,8,13,3,4,3,4,6,4,6,5,5,4,5,5,2,2,2,2,7,8,6
247,1,37,4,11,7,5,10,7,4,4,4,3,3,4,4,4,5,4,5,4,3,2,4,3,9,8,9
248,2,36,3,8,14,13,7,9,2,2,2,2,1,2,3,4,4,5,5,3,4,3,4,4,7,6,7
249,1,29,1,13,9,4,5,12,4,4,4,3,4,3,2,4,5,4,2,4,4,3,3,3,7,6,6
250,2,23,2,6,9,9,3,3,3,5,4,5,3,6,3,5,3,4,2,4,2,3,2,3,6,9,8
251,2,30,3,12,14,12,11,13,3,4,3,4,4,4,4,2,4,3,3,3,3,4,3,4,5,5,7
252,2,23,1,7,2,1,6,4,3,3,3,3,3,2,4,3,4,3,3,5,4,4,5,2,6,3,7
253,1,35,3,7,6,13,8,5,3,4,3,2,4,4,5,5,7,5,5,5,2,1,1,1,8,5,7
254,1,31,2,6,4,6,4,5,4,4,4,4,4,4,5,5,4,4,4,6,4,4,3,4,7,7,8
255,1,36,2,12,10,6,11,10,4,2,3,2,3,3,5,4,4,5,6,4,5,4,4,4,5,7,7
256,1,42,1,7,12,13,18,10,2,4,3,3,3,4,3,4,4,3,3,4,5,4,5,5,7,8,5
257,2,36,3,8,8,6,11,14,3,3,3,4,4,2,5,3,3,5,3,3,4,4,3,4,6,6,9
258,2,50,2,3,6,12,10,10,4,3,3,4,2,4,4,5,5,5,5,5,2,4,4,3,8,8,8
259,1,42,1,7,12,6,9,3,4,4,5,5,5,4,7,6,6,4,6,6,4,3,2,3,8,9,9
260,2,39,1,6,9,6,12,7,4,5,5,5,5,4,4,4,3,4,3,5,3,3,2,3,7,5,3
261,2,31,1,6,5,6,11,10,3,4,3,5,3,2,6,4,4,2,4,5,3,2,3,3,2,3,6
262,1,29,4,10,7,9,9,5,3,4,4,3,3,5,2,3,2,2,1,2,3,2,2,2,6,5,6
263,2,32,2,15,5,11,8,8,3,5,3,4,4,3,4,4,4,5,4,3,2,4,4,4,4,5,6
264,1,42,1,2,4,3,4,3,2,3,2,5,3,3,6,4,5,3,3,5,3,3,4,4,4,4,5
265,1,31,2,7,10,4,11,14,2,2,2,3,3,3,3,4,3,5,5,5,4,4,4,4,8,8,5
266,1,34,1,11,10,5,5,6,3,4,3,4,3,4,3,5,5,5,5,5,4,5,5,4,6,10,8
267,1,32,1,8,2,9,6,9,3,3,3,2,2,3,5,4,5,5,5,4,3,3,3,3,6,6,10
268,2,34,4,8,12,10,15,8,4,3,3,4,3,3,2,3,3,1,2,3,3,4,3,3,5,6,6
269,2,36,4,13,14,15,12,13,3,4,4,4,3,4,3,4,4,3,3,4,4,3,4,3,6,8,8
270,2,26,4,9,7,13,11,13,3,5,4,5,5,5,5,5,6,7,6,6,3,2,2,1,7,5,8
271,1,31,4,12,10,10,6,10,5,3,5,4,5,4,6,6,5,6,4,5,2,3,3,4,10,10,9
272,1,23,1,10,6,10,8,7,1,2,3,3,3,2,6,6,5,6,6,7,2,4,4,3,9,7,7
273,2,27,2,8,4,12,9,10,4,4,4,4,4,3,1,4,2,4,1,3,4,3,4,3,7,5,3
274,2,25,3,12,4,12,12,8,2,4,3,3,4,4,2,2,1,1,2,3,3,4,3,2,6,3,4
275,1,32,1,6,7,8,12,9,3,3,3,2,3,3,5,5,6,5,3,5,3,4,3,4,4,7,3
276,1,31,2,10,18,10,12,9,4,4,5,3,5,4,6,7,7,6,6,4,3,3,5,4,1,5,2
277,1,46,4,19,12,7,14,13,3,4,1,1,5,2,2,3,2,4,4,2,3,3,5,3,4,5,2
278,2,24,4,10,11,10,14,11,3,4,3,4,3,4,5,4,5,3,4,4,4,4,2,3,6,7,6
279,1,30,2,7,4,8,8,8,4,3,4,4,3,4,3,3,2,4,3,4,3,3,3,3,7,5,8
280,2,26,2,6,8,4,8,6,5,4,6,5,4,5,5,5,5,5,4,6,3,3,3,4,6,7,7
281,2,30,4,10,8,5,4,12,5,6,6,6,4,6,5,4,4,5,4,4,3,3,4,3,5,7,7
282,2,30,2,11,13,8,11,11,3,3,3,4,2,4,3,3,3,5,4,4,3,3,2,3,3,4,4
283,2,48,3,10,17,13,11,14,3,5,4,4,4,5,4,5,5,5,4,4,2,2,2,2,6,4,8
284,2,35,3,18,14,14,13,15,3,4,3,3,4,3,1,3,3,4,2,2,2,3,3,2,3,3,3
285,2,30,2,9,10,8,11,10,4,4,5,3,2,3,3,3,3,3,4,4,3,3,3,4,3,5,6
286,2,34,1,9,10,6,15,5,4,4,4,4,4,4,5,6,7,7,7,7,3,3,4,3,6,8,8
287,1,39,4,11,13,15,13,14,3,3,3,2,3,3,5,3,3,4,3,4,2,2,2,3,5,6,4
288,1,37,4,6,13,8,13,8,3,2,4,4,3,3,5,5,5,5,3,5,4,4,4,4,7,7,6
289,2,34,1,6,4,3,8,11,3,4,2,4,3,3,3,4,4,4,4,4,3,4,3,1,7,5,7
290,2,28,2,9,11,3,15,11,6,4,5,5,4,5,4,3,4,4,3,5,3,2,4,3,3,6,6
291,2,30,3,9,15,13,11,14,3,4,4,4,5,3,4,4,5,4,4,5,3,3,3,3,8,9,9
292,1,32,1,6,7,3,5,8,3,2,4,3,3,3,5,6,7,5,7,5,3,3,2,2,9,10,10
293,1,25,2,4,10,8,10,6,3,3,2,4,4,4,4,4,4,5,5,4,3,2,3,3,5,6,7
294,1,45,3,10,11,18,11,14,5,5,4,4,4,5,5,3,5,5,5,2,4,3,2,3,8,5,7
295,1,28,4,11,11,18,11,17,3,3,4,4,4,3,4,4,4,3,4,4,3,3,2,4,4,6,5
296,2,29,3,13,13,8,12,17,1,2,2,2,4,3,2,3,3,2,3,4,3,3,4,3,1,3,4
297,1,35,1,6,10,11,6,13,3,5,4,3,2,4,6,7,7,4,4,6,2,3,2,2,8,9,10
298,1,32,2,11,14,12,6,8,3,4,3,4,3,2,5,5,4,4,3,3,4,2,3,3,6,6,7
299,2,37,4,15,16,10,9,16,4,4,5,4,4,4,6,4,3,4,5,4,3,2,3,3,3,3,6
300,1,41,1,1,0,11,6,2,2,3,4,3,3,4,3,5,4,4,4,3,2,3,3,3,4,5,4
301,2,42,4,7,8,12,15,12,2,3,4,3,3,4,2,4,2,3,3,2,2,3,2,2,6,6,6
302,2,33,2,11,12,10,12,14,2,2,2,4,4,3,3,2,1,2,2,3,3,3,4,3,2,4,4
303,2,23,1,6,11,6,11,10,2,2,3,3,3,3,6,3,5,5,2,4,4,3,2,3,5,7,5
304,2,39,2,11,8,11,11,6,3,2,3,3,3,3,3,4,4,4,3,3,3,3,2,3,5,6,6
305,1,41,2,9,10,9,2,4,3,3,6,4,3,3,5,5,5,4,4,4,4,3,4,4,5,7,6
306,2,50,3,20,19,18,14,17,3,3,4,3,4,4,1,2,3,1,1,3,3,3,4,3,6,4,4
307,1,38,1,9,10,9,4,12,4,4,2,3,4,3,4,4,3,4,4,3,3,4,3,3,6,6,4
308,2,40,2,11,9,12,11,14,3,4,2,3,4,4,4,4,6,5,4,4,3,2,4,3,6,8,6
309,1,22,2,9,9,14,7,12,2,4,3,3,4,4,4,3,3,4,5,4,4,3,4,4,9,6,6
310,1,45,2,12,12,16,13,7,4,4,4,4,4,4,3,3,4,2,3,4,3,3,3,3,8,7,6
311,2,30,4,5,6,16,10,16,3,3,3,3,4,3,2,4,2,2,3,3,5,4,5,4,7,8,2
312,2,41,3,11,14,13,11,11,3,3,4,3,2,2,5,5,5,5,4,4,1,2,2,1,6,7,7
313,2,31,4,11,5,8,14,11,5,4,3,4,4,2,3,4,3,5,4,3,3,2,4,4,6,6,8
314,2,35,4,11,14,13,13,9,4,4,4,5,4,4,3,2,3,2,5,4,3,4,2,2,4,5,4
315,2,24,4,17,9,11,13,14,4,3,3,4,3,3,4,4,3,4,4,4,3,3,2,4,5,4,3
316,1,29,2,12,12,11,13,7,2,3,2,4,2,2,4,3,5,2,4,4,2,3,2,3,7,3,5
317,2,35,1,11,13,16,12,17,3,3,3,1,2,3,2,3,2,3,3,5,5,3,5,3,2,4,1
318,2,30,1,8,14,9,8,8,3,4,4,3,3,4,3,3,4,4,3,4,3,3,3,2,1,4,5
319,1,35,1,7,5,8,5,8,5,4,5,6,4,6,5,5,5,6,5,5,4,3,2,4,7,7,8
320,2,23,2,7,12,5,12,9,6,5,4,4,4,6,4,3,2,6,4,3,5,3,4,3,7,8,8
321,2,27,3,8,12,10,9,7,2,4,3,3,3,3,4,4,3,3,4,5,3,3,2,3,4,4,7
322,2,28,3,12,8,8,5,7,4,4,4,5,3,3,5,4,4,4,5,3,3,3,2,3,6,5,5
323,2,37,2,6,8,7,4,6,5,4,4,4,4,3,3,4,3,4,3,4,3,3,3,3,9,4,8
324,2,29,4,5,11,13,11,16,4,4,4,3,3,3,3,1,3,3,3,4,3,3,2,3,5,4,6
325,2,21,2,6,6,9,7,4,2,3,3,3,3,4,2,3,4,3,4,5,2,2,2,3,6,7,6
326,2,51,2,11,11,13,12,9,4,4,4,3,4,2,4,3,5,3,4,5,4,3,4,4,7,6,5
327,1,34,1,4,3,4,5,8,4,5,3,3,4,5,4,3,5,3,4,1,3,3,4,2,5,6,4
328,1,26,4,9,8,13,8,10,4,3,3,3,3,3,5,4,4,4,4,4,3,2,2,2,6,8,5
329,2,25,3,11,9,8,8,11,3,5,3,4,5,3,2,4,5,4,4,3,3,2,2,3,7,6,4
330,2,23,4,12,18,14,17,16,3,4,3,4,4,3,3,3,3,4,4,5,4,3,3,4,5,7,6
331,2,40,4,16,12,13,19,15,4,3,3,4,4,3,3,4,3,2,3,4,3,4,3,3,3,3,4
332,2,37,3,9,7,5,11,6,5,5,5,5,5,4,4,4,5,5,4,6,2,1,1,2,6,10,7
333,2,27,3,9,17,12,13,16,4,3,4,4,2,3,2,2,4,5,5,4,3,3,3,4,8,7,6
334,1,44,3,17,14,15,9,14,4,4,3,3,4,3,3,3,2,5,1,3,2,3,2,3,5,4,3
335,2,38,4,12,14,20,9,15,2,3,2,3,2,4,3,3,3,4,4,2,3,2,2,3,5,4,5
336,2,27,1,6,9,10,6,7,3,3,2,3,3,3,4,3,3,3,4,3,2,2,2,2,7,6,8
337,2,24,4,7,15,3,10,6,3,4,4,4,4,3,4,5,5,4,4,3,3,3,3,2,5,5,5
338,1,47,2,6,12,4,7,11,3,3,4,3,2,4,5,5,5,4,5,4,3,3,3,3,6,4,7
339,1,24,3,10,17,15,8,8,4,4,5,4,4,4,2,4,3,3,3,3,2,2,3,3,6,5,5
340,2,34,1,7,7,7,9,5,3,4,2,4,3,4,3,3,3,5,3,3,3,3,3,3,5,5,4
341,1,33,1,8,11,16,8,12,4,3,4,3,4,3,5,5,3,3,4,5,4,5,3,4,6,6,5
342,2,21,2,7,6,7,12,7,4,4,4,4,2,3,5,6,5,4,5,5,4,3,3,2,4,3,7
343,2,44,2,16,13,17,13,12,2,2,4,1,4,2,4,4,4,6,4,3,2,2,4,3,5,8,6
344,1,28,1,3,7,3,5,7,5,2,4,3,4,3,3,4,4,6,5,5,2,4,2,4,6,7,7
345,1,45,2,2,12,4,10,4,2,3,3,3,4,3,4,5,4,5,6,4,4,4,4,3,4,7,7
346,2,36,2,8,12,10,10,5,4,3,4,4,4,4,3,3,6,6,4,5,4,4,3,5,5,4,6
347,2,28,4,10,9,12,11,7,5,5,4,4,4,4,4,4,4,4,5,3,3,2,3,2,7,8,5
348,1,27,4,14,17,18,16,12,5,4,4,3,3,3,4,4,3,4,4,3,4,2,4,2,4,3,4
349,2,35,3,10,7,8,8,10,3,4,2,3,3,4,4,5,5,4,5,3,3,4,4,2,3,6,5
350,1,36,4,16,12,7,15,11,4,4,2,3,2,3,4,6,4,6,5,4,3,3,3,2,6,4,3
351,2,44,3,10,11,6,12,15,3,2,2,3,3,4,3,3,3,5,4,3,3,2,3,2,6,4,3
352,1,27,2,9,12,7,12,7,3,3,4,3,4,4,7,6,5,5,5,5,2,3,3,1,5,6,6
353,1,37,1,4,10,12,9,8,3,3,4,3,4,1,5,4,5,6,5,6,3,5,3,4,7,8,9
354,1,19,1,10,14,8,12,12,3,4,2,4,3,3,4,4,6,3,6,4,2,2,2,2,4,5,4
355,1,25,3,6,11,12,9,10,5,6,4,6,5,6,5,6,6,4,5,5,2,2,2,2,5,6,7
356,1,31,3,7,6,7,13,14,3,3,4,4,3,3,4,4,4,4,4,5,3,2,2,2,6,4,4
357,2,30,2,9,8,7,10,6,4,6,4,5,4,4,4,5,5,5,5,6,3,4,4,4,7,6,7
358,2,27,1,9,10,8,5,8,4,5,4,4,5,6,6,5,4,6,4,5,2,2,2,2,7,5,8
359,2,24,3,13,11,13,13,9,4,3,4,4,2,4,5,4,5,4,4,4,4,4,3,5,5,8,8
360,1,34,4,9,10,14,14,10,4,2,2,4,3,4,3,3,3,3,4,4,1,1,2,1,4,5,5
361,1,36,3,17,15,14,19,19,3,4,4,4,5,5,2,2,1,2,2,3,3,3,4,4,6,4,3
362,1,38,2,8,5,5,10,3,4,5,5,5,4,5,4,5,5,5,6,5,3,2,3,3,6,5,5
363,1,29,2,15,12,11,6,15,2,2,4,4,3,3,3,3,2,2,1,4,3,3,3,2,5,5,2
364,2,35,2,8,10,10,11,9,3,3,3,4,2,2,3,3,2,1,1,2,2,4,2,2,3,5,4
365,1,31,1,5,7,4,4,9,4,5,4,5,4,5,5,5,4,4,5,5,2,2,2,3,8,9,10
366,1,36,4,9,15,13,17,12,5,4,5,4,5,5,4,4,5,5,5,5,3,2,2,3,4,5,5
367,2,34,2,11,9,6,9,3,4,3,3,3,3,4,5,4,3,3,6,4,3,1,3,2,8,5,7
368,1,28,4,7,8,9,9,4,5,5,4,5,5,4,4,4,2,3,4,4,1,1,1,1,5,1,4
369,2,19,4,15,12,13,14,14,3,3,3,4,3,3,4,3,4,3,4,5,1,1,2,1,3,1,1
370,2,34,2,13,8,10,7,5,5,5,5,5,5,4,3,4,4,5,4,5,3,3,3,3,8,6,8
371,2,31,4,13,14,10,11,17,3,2,2,3,3,4,5,4,3,4,3,3,5,4,2,4,6,6,7
372,2,46,1,10,5,2,10,8,2,3,3,3,2,3,5,4,5,3,4,6,2,2,3,3,7,6,5
373,1,42,3,9,9,10,8,13,5,5,3,5,5,4,7,7,6,7,7,6,2,3,3,1,9,10,9
374,2,31,4,7,12,13,4,13,3,4,5,5,5,4,5,5,5,5,6,6,4,2,3,4,6,6,6
375,1,34,2,3,0,3,6,4,4,4,3,3,2,3,2,3,4,2,4,4,4,4,3,4,2,6,6
376,2,34,2,10,11,6,12,15,3,3,3,4,3,3,4,5,5,3,4,3,4,4,4,4,7,7,7
377,2,29,4,9,6,10,12,13,2,4,3,3,3,3,3,4,3,5,4,3,3,4,4,4,4,2,5
378,2,32,4,7,6,12,12,7,5,6,4,5,5,4,3,3,2,3,3,3,5,4,4,4,7,5,6
379,1,35,4,12,11,12,14,6,4,3,3,4,3,4,4,4,3,3,5,4,1,1,3,2,6,2,4
380,1,32,1,12,7,7,10,6,4,4,5,5,6,4,5,5,6,7,6,6,2,3,2,3,9,9,7
381,2,38,4,13,10,4,7,8,4,4,4,4,4,4,4,5,4,4,4,5,3,3,3,4,6,7,6
382,1,36,4,13,11,7,8,8,4,3,3,4,4,3,2,2,3,3,5,2,3,2,2,3,3,1,3
383,1,31,1,9,10,14,9,15,4,3,2,4,3,3,5,5,6,4,4,6,2,1,1,3,4,5,5
384,1,26,2,8,13,14,6,14,5,3,3,3,4,2,6,5,3,4,3,6,2,2,3,3,7,7,7
385,2,26,4,5,10,5,13,11,3,3,3,5,4,3,5,4,5,6,5,6,3,4,4,3,6,7,8
386,1,30,1,10,18,8,14,6,3,4,4,4,5,4,3,4,4,4,4,2,2,3,2,2,5,3,5
387,1,24,1,12,9,14,7,13,2,2,4,4,4,3,7,5,5,5,6,4,2,1,1,1,4,4,6
388,1,36,4,11,14,10,16,7,4,6,4,4,5,5,5,5,3,5,5,4,3,3,2,3,10,6,7
389,2,39,1,12,12,13,12,14,3,3,4,2,4,4,3,4,5,2,5,4,3,4,3,3,7,4,6
390,2,49,1,11,8,14,14,11,2,3,3,3,3,3,3,4,4,6,5,5,3,3,4,3,5,5,7
391,2,21,2,3,6,4,9,8,4,4,3,5,3,4,5,4,4,5,6,4,3,4,3,4,7,8,7
392,2,28,3,14,16,12,14,15,4,5,4,4,3,5,3,3,3,4,3,3,2,3,3,4,4,4,4
393,1,21,3,14,18,9,17,17,3,4,4,3,3,4,1,4,3,3,1,3,4,3,3,3,5,3,3
394,2,32,3,10,13,15,11,16,3,2,3,2,2,3,3,5,4,3,5,3,4,3,2,3,5,1,4
395,2,34,3,8,9,9,8,13,4,3,3,5,3,2,3,3,5,2,4,5,3,3,3,2,5,6,7
396,1,26,4,8,5,1,8,9,4,3,3,4,3,3,4,4,5,4,6,3,2,3,3,4,7,7,8
397,2,33,1,7,10,12,10,1,4,4,4,4,4,4,3,4,5,6,4,5,3,3,3,3,4,4,5
398,2,30,4,12,11,10,18,14,2,3,3,4,3,3,3,4,4,2,4,4,2,2,3,3,4,5,5
399,1,31,4,14,13,9,8,12,4,4,3,4,4,3,6,5,5,6,5,4,3,4,3,4,8,9,9
400,1,28,1,11,4,9,5,6,2,5,3,3,3,4,5,5,4,5,5,5,3,3,3,3,8,8,4
401,2,27,4,5,8,7,9,8,5,5,5,4,4,4,3,3,2,4,3,4,3,5,4,3,5,6,4
402,2,26,2,12,11,11,10,11,3,4,3,3,3,4,2,3,2,2,4,3,4,3,2,2,4,4,5
403,1,38,3,15,14,9,13,7,4,4,4,5,4,4,7,6,6,4,3,5,3,3,4,2,9,7,5
404,1,41,3,8,12,14,12,13,3,4,3,4,4,4,4,5,7,6,5,6,3,2,2,3,6,6,8
405,2,28,4,11,11,13,11,13,5,4,4,5,5,4,5,5,6,5,7,6,3,2,2,3,9,8,9
406,1,25,1,14,14,10,8,12,4,3,3,4,5,4,5,4,5,4,5,5,3,4,3,4,6,7,6
407,1,23,1,2,5,3,10,5,3,4,4,4,5,4,3,4,4,3,4,3,2,3,3,3,6,6,4
408,1,42,2,4,1,7,8,11,3,4,4,4,3,4,4,5,6,4,5,5,3,3,3,3,9,6,8
409,2,21,1,5,5,10,3,13,4,5,4,5,5,4,5,6,4,6,6,5,2,2,1,3,7,7,9
410,2,25,4,10,12,9,14,11,3,3,3,4,2,3,4,2,3,1,4,3,1,3,1,3,7,8,7
411,2,26,4,12,11,8,8,9,2,2,4,5,3,5,4,2,3,5,5,4,3,3,3,3,8,7,3
412,1,20,1,9,9,5,7,11,4,5,3,2,2,4,6,5,6,5,6,5,5,4,4,3,8,8,9
413,2,26,2,10,10,13,11,7,2,3,4,4,2,3,3,4,3,3,3,2,3,3,4,4,1,1,1
414,1,26,4,7,8,8,9,9,3,4,4,4,4,3,5,5,4,4,5,4,4,4,2,3,6,9,8
415,2,30,3,13,15,15,10,11,4,5,3,3,3,4,3,3,3,3,4,4,3,1,2,2,3,3,2
416,1,20,3,10,5,9,7,7,4,4,3,4,4,3,4,4,3,4,3,5,3,3,3,2,5,6,5
417,2,39,4,13,13,16,18,16,3,3,2,2,2,2,2,3,1,3,3,4,2,3,2,2,3,3,5
418,2,42,4,14,15,8,12,9,2,3,3,3,3,4,5,4,3,3,6,5,3,3,4,4,5,5,3
419,2,29,4,12,9,14,10,11,3,3,4,3,4,4,4,4,5,5,5,4,4,4,4,4,8,7,7
420,1,41,4,11,11,14,13,17,3,3,2,3,2,3,2,4,2,3,3,3,4,3,3,4,7,6,6
421,1,23,2,8,6,8,5,9,5,4,4,5,4,4,3,4,3,3,3,2,2,2,3,3,8,7,6
422,2,32,2,16,18,10,8,8,5,2,3,4,5,4,4,3,2,3,4,3,1,1,1,2,3,7,6
423,2,23,2,9,7,14,12,9,3,3,3,3,3,3,3,3,4,3,4,3,2,1,2,2,8,3,8
424,1,27,1,2,3,10,4,3,2,4,3,3,2,3,3,4,4,4,4,4,4,4,4,3,3,6,4
425,1,28,1,5,6,6,0,6,4,4,4,4,4,4,7,6,6,5,6,6,3,2,3,2,7,10,8
426,1,33,2,5,11,8,7,7,1,3,4,4,3,2,5,5,6,6,5,5,3,3,4,4,7,8,9
427,2,32,3,9,10,8,8,9,3,4,2,4,4,4,4,3,4,2,2,3,4,4,4,4,2,5,4
428,1,37,4,11,14,11,10,12,4,4,4,4,4,2,5,4,4,5,6,6,1,3,4,2,8,8,9
429,2,38,1,11,10,3,13,11,2,3,3,3,2,2,4,5,4,5,5,3,3,2,2,3,6,5,7
430,1,27,1,4,3,4,5,6,2,3,4,5,3,3,5,6,5,5,6,5,2,2,2,2,9,10,6
431,2,24,1,9,15,6,12,7,4,4,4,4,3,5,4,3,4,4,3,4,4,3,2,2,4,5,8
432,1,25,4,10,9,10,10,13,4,4,4,5,4,4,7,6,5,5,6,6,2,3,3,4,7,5,10
433,1,20,2,13,10,9,7,8,4,4,4,5,5,3,4,6,6,4,4,6,2,4,3,3,7,8,8
434,2,24,2,11,11,10,9,13,3,5,2,3,4,4,3,4,3,4,4,3,4,4,5,3,5,7,5
435,1,29,4,11,14,11,13,18,2,1,2,1,2,2,4,4,3,5,4,4,3,4,3,5,6,5,4
436,2,24,2,7,9,8,8,5,5,3,3,2,3,3,3,4,2,2,4,3,3,4,4,5,1,3,2
437,2,26,1,8,6,2,4,9,4,3,3,3,4,4,4,5,4,3,6,4,2,3,2,3,6,6,5
438,2,23,3,12,5,11,9,9,3,4,3,4,4,5,3,4,2,3,3,3,5,3,4,3,6,5,6
439,2,43,2,9,5,13,9,13,4,3,3,5,3,4,2,4,2,3,5,2,2,3,1,3,5,4,5
440,1,44,1,10,13,8,8,7,3,3,2,2,2,2,5,6,4,4,3,4,4,4,4,3,7,7,6
441,2,22,2,4,7,6,7,9,4,3,4,5,4,4,3,6,4,4,4,5,3,2,3,3,6,7,6
442,1,32,1,12,14,14,8,13,3,2,3,2,2,2,3,4,3,4,4,4,3,2,3,2,1,4,3
443,2,22,3,7,7,6,6,11,4,6,4,4,5,5,4,5,4,5,5,5,4,2,3,4,8,8,8
444,2,33,4,11,11,14,20,9,3,3,3,2,3,3,5,4,5,3,5,3,2,1,2,1,5,7,6
445,1,25,2,4,2,4,10,9,3,3,3,3,5,3,2,3,5,3,4,4,2,4,3,4,4,5,5
446,2,34,3,9,11,11,11,14,4,3,4,3,3,2,4,2,5,4,4,3,3,2,2,3,4,5,6
447,1,21,3,12,9,11,9,12,4,4,4,5,5,5,6,4,5,6,3,4,1,2,2,2,6,6,4
448,1,33,1,6,5,4,10,4,2,2,4,4,3,3,3,3,5,2,4,3,3,3,4,3,4,6,3
449,2,32,2,8,10,11,5,8,4,3,3,3,2,2,5,4,5,6,5,5,3,2,3,3,6,8,8
450,1,38,3,9,6,11,12,6,3,1,3,2,3,2,4,3,2,3,3,3,3,4,4,5,8,4,5
451,1,34,4,7,10,9,12,9,4,3,4,4,3,2,3,4,4,4,3,3,3,3,3,4,5,8,5
452,1,20,1,11,12,11,11,11,3,5,4,3,3,4,3,4,3,4,4,2,3,3,2,2,4,4,4
453,2,22,3,13,12,9,6,13,3,3,5,3,3,5,6,4,6,4,3,4,3,3,3,3,5,8,7
454,1,48,4,7,7,7,11,11,3,3,5,4,3,5,6,6,4,4,5,5,2,3,2,3,5,5,7
455,2,40,4,14,13,13,10,20,2,3,2,2,2,3,3,2,3,3,3,3,4,4,3,4,2,1,2
456,2,37,4,13,12,11,9,11,3,4,6,3,3,5,4,5,3,4,4,3,3,2,3,3,7,7,6
457,2,31,2,9,8,9,7,8,4,3,4,3,3,3,2,3,2,3,2,1,3,3,4,4,7,8,9
458,1,24,3,9,5,6,8,5,4,5,3,4,4,4,6,5,6,4,5,5,3,2,2,2,6,7,4
459,2,30,3,10,7,7,6,12,4,3,4,3,3,4,3,3,4,4,3,3,1,2,2,2,6,3,3
460,2,31,3,18,11,8,13,9,4,4,3,5,5,5,4,5,5,5,6,4,3,4,3,3,8,8,8
461,2,27,3,12,8,9,6,4,4,4,4,4,4,3,3,3,4,3,3,3,1,2,1,1,7,6,7
462,2,41,1,15,12,5,6,8,4,3,4,3,4,3,2,3,3,2,1,2,3,3,3,3,3,5,6
463,2,41,1,14,8,8,7,10,3,3,3,3,3,4,3,4,4,3,3,4,2,2,3,3,5,6,5
464,1,22,2,7,8,9,11,13,4,5,3,3,3,4,4,4,4,5,4,5,3,2,3,3,8,8,7
465,1,31,1,2,9,4,3,7,4,3,3,3,3,3,4,5,5,5,4,4,3,4,2,3,9,8,7
466,2,29,3,13,16,12,10,11,5,5,4,5,4,4,4,3,4,5,4,5,4,4,4,4,7,7,6
467,2,28,1,11,8,11,6,9,3,3,4,3,5,3,4,5,2,1,4,3,3,4,3,4,5,5,7
468,1,25,1,6,5,7,6,9,2,4,4,2,2,3,7,6,6,6,6,6,3,2,3,4,9,9,10
469,2,28,4,14,5,12,12,11,6,4,5,6,5,6,3,2,4,4,2,4,2,3,3,2,1,4,5
470,2,24,4,14,19,11,9,15,2,3,3,5,3,4,3,4,4,5,5,4,3,3,4,4,4,5,7
471,1,30,3,3,8,15,8,14,4,4,4,5,4,4,4,2,3,4,4,3,3,2,3,2,6,4,6
472,2,27,3,11,16,6,5,10,2,3,1,2,3,3,3,3,4,4,3,3,3,3,4,4,4,2,2
473,2,39,2,7,14,5,10,12,3,3,4,3,2,4,4,5,4,5,4,3,4,4,4,4,5,7,7
474,2,33,1,0,2,3,1,3,2,3,3,3,4,4,4,4,3,3,2,4,3,4,3,3,6,7,4
475,2,28,2,16,17,13,16,14,4,4,2,3,4,3,4,5,4,5,3,3,3,3,3,3,5,4,3
476,2,49,2,8,10,9,11,14,5,5,5,5,5,5,5,4,2,4,4,3,3,3,2,3,7,4,6
477,2,25,3,12,12,12,11,11,6,6,5,4,5,5,4,4,4,4,3,3,3,2,2,4,6,5,5
478,1,36,3,8,9,13,11,6,4,4,5,4,5,3,3,3,5,3,4,2,4,4,3,4,5,5,3
479,1,22,1,11,14,10,14,14,4,2,3,4,4,4,5,6,4,5,6,4,3,4,3,3,6,6,5
480,1,31,2,9,4,5,10,7,5,4,4,5,4,3,5,5,5,5,5,6,3,4,4,2,7,6,6
481,2,23,3,17,13,16,18,18,4,4,3,3,5,3,5,4,5,4,6,5,3,2,3,3,5,5,6
482,1,27,1,4,6,7,6,9,3,4,3,3,3,4,6,5,3,2,5,4,2,4,4,3,3,5,4
483,1,27,3,18,14,9,14,16,4,3,4,3,2,2,5,5,3,4,4,4,3,2,3,3,4,3,4
484,2,29,1,2,9,14,5,10,4,3,4,6,3,5,4,3,3,4,3,2,3,3,4,4,8,7,6
485,1,31,2,5,5,8,10,6,5,5,5,4,4,4,4,3,3,3,6,4,2,3,3,3,7,8,9
486,1,38,3,12,14,9,8,11,4,3,2,2,2,1,3,4,5,5,4,5,1,2,3,2,6,5,4
487,1,43,3,11,19,15,13,17,3,3,3,2,4,2,2,3,3,2,3,4,4,3,4,4,4,5,7
488,2,25,2,10,11,16,15,14,4,4,4,5,3,5,5,5,6,5,4,6,2,2,3,2,6,5,8
489,2,37,4,12,20,17,18,12,4,4,5,6,5,4,2,4,4,2,4,2,2,3,1,1,3,4,2
490,2,26,4,12,10,16,15,15,4,4,3,3,4,3,4,5,5,5,3,4,3,3,3,3,6,5,6
491,1,21,1,13,12,9,12,14,3,4,3,4,3,3,5,4,5,5,7,7,3,4,4,5,6,6,7
492,1,22,1,8,9,8,7,9,4,4,4,3,5,5,3,4,5,5,5,3,4,4,4,4,8,5,5
493,2,30,4,10,12,11,15,8,3,3,3,4,4,2,4,5,3,5,4,4,4,4,3,3,7,4,9
494,2,39,1,5,7,8,6,7,5,5,4,5,5,5,5,3,5,5,3,4,3,3,2,3,7,6,7
495,1,34,1,5,13,11,9,15,4,4,4,4,4,4,4,4,5,4,5,5,3,2,3,3,5,7,7
496,1,36,2,5,6,3,3,13,2,4,3,3,4,2,3,4,3,1,4,3,4,4,3,4,8,7,6
497,2,32,2,10,13,10,6,9,3,2,2,4,2,2,3,3,4,4,4,3,3,2,2,2,7,5,5
498,2,44,1,10,11,14,12,11,3,4,5,3,4,4,6,6,5,4,4,4,3,3,4,3,6,8,7
499,2,36,3,7,6,15,9,8,3,3,4,3,4,4,2,4,2,3,3,3,3,3,2,2,6,6,6
500,1,19,1,4,8,9,6,2,5,2,3,4,4,3,4,3,2,4,2,4,4,3,2,3,4,6,7
501,1,23,3,9,13,4,9,14,2,3,4,3,3,3,2,3,3,2,4,2,2,2,4,2,4,4,6
502,1,25,1,13,12,13,7,9,4,4,5,5,5,3,5,5,5,7,6,6,3,3,4,2,7,7,6
503,2,23,1,6,8,8,4,12,3,4,4,5,3,4,4,3,4,4,3,3,2,2,2,4,7,4,3
504,2,41,1,12,9,8,11,5,3,3,3,3,4,3,2,2,3,2,2,3,3,3,3,3,7,5,7
505,2,26,1,1,2,3,6,12,5,4,4,5,4,4,5,5,4,5,5,5,4,4,3,4,9,10,9
506,1,29,3,17,15,14,11,14,1,2,2,2,1,2,2,3,3,1,3,3,4,4,4,3,4,3,2
507,1,23,1,13,9,5,8,13,3,3,4,3,2,2,4,3,3,4,2,3,4,2,3,2,8,5,7
508,2,28,4,15,13,14,13,15,3,3,2,3,1,3,3,5,4,3,4,4,2,2,2,3,7,6,7
509,1,32,3,8,10,5,9,7,5,3,3,5,4,4,3,4,5,5,3,5,4,4,4,4,9,8,9
510,2,30,2,13,8,11,8,11,3,4,4,4,4,5,3,3,5,3,3,4,3,3,3,4,4,4,6
511,2,36,1,11,7,15,9,8,4,4,4,5,4,4,3,3,3,5,2,2,2,4,3,3,3,6,3
512,1,31,2,10,13,8,7,7,3,5,4,4,3,4,3,4,3,4,2,4,4,3,4,2,2,3,3
513,1,42,1,10,11,8,12,6,3,3,3,4,3,4,5,5,5,3,4,3,4,3,4,4,5,5,6
514,1,32,4,7,3,4,5,10,4,3,3,2,3,4,4,5,5,4,4,4,3,3,3,4,6,8,10
515,2,29,1,6,12,9,7,4,4,5,5,4,4,4,4,5,4,7,5,5,4,5,4,4,8,7,6
516,1,34,3,13,8,14,12,13,4,4,3,3,3,3,5,4,4,5,5,3,3,4,3,2,6,4,5
517,2,28,1,15,12,12,12,12,3,2,2,2,2,2,2,2,2,2,1,2,2,3,3,1,1,5,1
518,2,30,4,11,14,11,13,15,3,3,5,3,3,3,3,4,3,2,4,2,4,3,4,2,5,3,5
519,1,41,4,15,9,13,15,14,4,2,3,3,3,2,5,3,5,4,3,4,3,3,5,3,9,7,8
520,2,33,3,13,12,9,15,7,5,4,4,3,4,3,3,4,5,6,5,4,4,4,4,3,2,6,4
521,1,37,2,2,10,9,6,8,3,4,4,4,4,5,4,4,3,4,5,4,2,3,2,2,8,8,8
522,1,49,4,11,15,11,10,11,1,3,3,3,2,2,3,4,4,3,3,3,3,3,4,3,7,7,5
523,1,37,2,6,8,11,7,9,3,3,4,3,4,3,3,3,3,5,3,4,2,2,1,2,7,4,5
524,2,42,2,12,17,6,11,12,5,4,4,5,3,4,5,4,4,5,6,4,4,3,2,2,8,7,8
525,2,34,1,10,10,9,6,10,4,5,5,3,5,4,5,6,5,6,5,5,2,2,2,3,7,7,7
526,1,38,4,10,10,11,13,13,2,1,1,2,1,1,4,5,5,3,2,4,2,1,3,1,3,4,5
527,1,37,2,7,7,15,13,4,4,4,2,4,3,3,5,5,3,4,3,5,4,4,4,4,6,7,6
528,2,25,3,16,6,10,15,8,3,3,5,4,3,3,4,6,5,5,5,4,4,4,4,4,8,8,4
529,1,28,4,5,5,5,4,8,3,3,3,3,4,3,4,6,5,5,4,5,3,2,3,5,7,6,5
530,2,26,3,11,14,11,10,16,5,5,5,5,5,5,6,5,6,7,6,6,3,2,2,3,8,10,7
531,2,27,4,14,14,12,14,16,2,2,3,3,3,3,4,2,2,3,2,3,2,2,3,4,5,5,2
532,1,23,1,13,8,8,10,6,4,4,4,3,2,3,4,4,5,5,4,5,5,5,4,4,6,9,7
533,1,27,4,9,8,19,12,9,5,3,3,4,3,3,3,4,3,3,3,5,2,3,2,2,2,2,4
534,1,42,1,7,7,7,7,5,3,3,3,4,3,3,5,5,5,3,4,3,3,3,3,3,2,5,4
535,2,36,2,11,7,6,12,13,2,3,3,3,4,3,3,6,5,6,4,5,4,3,3,4,7,6,8
536,2,33,1,11,5,6,9,0,3,6,4,2,3,3,5,4,6,5,6,5,4,4,4,3,7,8,7
537,2,43,1,9,10,12,4,5,3,3,4,2,3,4,4,3,3,5,2,4,3,3,3,3,3,6,3
538,2,21,4,13,8,6,11,12,3,2,3,3,3,2,3,2,2,2,2,2,4,3,4,4,1,1,2
539,1,34,1,4,7,8,7,11,3,3,1,3,3,2,4,5,3,3,4,6,3,3,4,4,3,6,6
540,2,45,2,18,15,10,10,12,5,4,5,5,4,4,4,4,3,4,4,2,3,3,2,3,6,6,4
541,2,36,3,13,17,16,16,7,2,3,2,1,4,3,3,2,2,5,2,2,2,3,2,2,6,2,5
542,1,37,1,4,1,0,0,3,3,4,3,3,4,4,2,5,2,3,5,3,2,3,3,2,6,5,8
543,2,31,1,11,9,6,14,8,3,4,4,3,4,4,3,3,4,3,2,4,2,2,3,2,4,5,1
544,1,31,3,8,3,6,11,2,3,3,3,3,4,2,6,5,6,5,5,6,2,3,4,3,6,6,4
545,1,44,2,11,12,12,10,9,3,2,3,1,3,2,5,4,5,5,5,5,3,3,4,4,5,5,4
546,1,34,1,11,10,8,13,9,4,4,4,4,4,3,3,4,5,6,4,5,1,2,1,1,7,7,7
547,2,32,2,16,15,8,11,11,3,5,5,4,3,2,3,2,4,4,3,5,4,3,4,3,4,9,5
548,2,31,1,4,9,4,6,8,5,5,4,6,6,5,6,5,6,7,6,5,4,4,4,4,9,9,8
549,2,21,2,10,13,13,14,16,2,2,3,3,3,2,4,2,3,2,3,3,4,5,4,3,1,4,5
550,1,24,1,11,3,3,8,5,2,4,3,3,3,3,4,4,4,3,4,3,4,3,3,4,10,10,8
551,1,29,1,10,9,10,7,9,3,3,3,4,3,3,5,3,3,4,4,5,4,4,4,3,7,7,9
552,2,27,3,9,9,9,14,14,2,2,2,2,3,1,1,2,2,3,5,3,2,3,3,3,2,4,4
553,1,21,3,14,16,14,16,12,3,4,4,2,3,3,5,6,5,3,5,5,2,3,3,3,4,4,5
554,2,27,4,3,4,6,1,12,4,3,3,3,3,3,6,5,4,5,4,6,4,3,4,3,7,7,7
555,1,47,2,3,4,4,6,4,4,6,4,6,4,3,6,4,6,6,5,7,3,4,4,4,7,8,9
556,1,37,2,10,8,15,11,14,3,4,4,4,4,3,4,2,4,3,5,4,4,3,2,3,3,3,4
557,1,39,1,8,4,8,0,7,3,4,4,4,3,4,5,6,5,5,4,5,2,2,3,4,9,10,8
558,1,25,2,9,6,4,7,5,2,2,3,2,4,3,4,4,4,4,4,3,3,4,4,3,5,5,5
559,2,43,3,13,13,12,14,11,4,4,3,4,3,5,6,4,7,5,4,5,5,4,4,4,5,4,5
560,2,28,4,11,12,12,18,13,4,2,3,4,4,4,3,2,3,3,1,2,3,4,2,3,4,7,4
561,2,39,2,11,11,9,9,12,3,3,3,4,4,4,2,3,3,3,2,3,1,2,2,2,6,6,5
562,2,25,2,8,6,4,10,5,4,3,3,4,3,4,6,4,4,4,4,5,2,3,4,2,8,9,7
563,2,35,1,6,6,5,7,5,2,3,4,3,3,4,3,3,4,4,3,4,5,3,2,4,9,9,8
564,1,38,1,12,10,11,8,15,4,4,3,4,3,3,5,4,5,6,5,4,3,3,3,2,6,7,5
565,1,44,2,10,5,7,5,7,2,4,2,4,5,4,6,3,3,4,3,3,2,2,3,2,7,7,6
566,1,34,2,15,8,12,11,4,4,5,3,3,3,2,4,3,2,3,3,4,3,3,4,3,6,6,6
567,2,31,2,14,12,9,13,5,3,4,5,4,5,3,4,5,3,4,4,3,1,3,3,3,1,3,5
568,2,39,1,6,6,9,10,3,4,4,4,4,3,4,4,4,4,3,4,3,5,4,3,3,5,6,5
569,1,29,4,7,5,7,12,11,3,4,3,3,3,4,3,2,2,4,4,1,4,2,2,3,5,6,5
570,1,23,3,6,16,9,16,11,3,5,4,4,3,2,4,3,6,3,4,4,3,3,3,3,7,5,8
571,2,34,2,9,8,4,8,10,5,4,5,4,3,6,5,5,6,4,4,5,3,3,4,3,7,8,9
572,1,27,3,16,10,16,14,14,4,3,4,3,5,5,6,4,4,5,4,5,2,2,2,3,9,7,6
573,2,44,3,11,10,14,10,9,3,3,2,2,2,2,4,4,4,4,4,4,4,5,2,4,7,7,8
574,2,41,3,7,8,2,11,5,3,2,3,2,2,2,3,3,3,4,3,3,3,3,3,2,6,6,6
575,1,27,4,9,5,6,10,13,4,5,5,5,5,4,4,4,5,5,4,6,4,5,3,3,5,4,5
576,2,23,2,18,13,16,12,17,3,2,1,2,2,2,4,5,4,4,3,3,3,2,2,2,4,4,5
577,2,44,2,9,12,6,14,15,5,4,4,5,4,4,3,4,4,4,5,4,3,4,4,4,7,5,7
578,1,25,3,6,14,10,7,14,3,3,2,4,3,2,3,3,2,2,4,3,1,2,3,2,3,1,5
579,2,23,4,10,11,20,18,15,3,3,3,4,3,3,3,3,4,5,5,3,2,4,2,2,6,5,6
580,1,44,2,7,8,9,7,10,3,2,2,2,3,3,4,4,3,3,4,3,3,2,3,4,5,3,2
581,2,40,4,6,6,9,5,9,5,5,3,4,4,4,4,3,4,4,4,4,3,4,3,3,9,10,9
582,2,29,2,10,12,10,10,13,4,3,4,4,5,4,5,3,3,4,5,3,3,3,4,3,7,8,8
583,2,30,2,13,14,11,14,9,4,3,2,4,4,4,3,6,5,3,5,4,3,4,3,3,6,6,5
584,1,37,4,18,20,13,15,14,2,3,5,3,4,3,5,4,4,4,3,4,4,3,2,3,6,9,7
585,1,30,3,9,9,8,8,5,4,4,3,4,3,4,4,6,4,5,4,5,3,2,3,4,6,5,5
586,2,27,1,0,4,8,9,9,4,4,4,5,3,4,3,4,2,4,3,3,2,3,2,2,7,4,6
587,1,35,3,5,9,11,10,11,3,3,3,2,2,3,1,3,2,2,4,3,5,2,2,3,4,6,4
588,2,34,1,10,11,11,11,9,4,3,5,4,4,4,3,4,5,5,3,5,5,5,3,4,8,9,8
589,1,51,1,4,6,0,3,9,4,4,4,5,5,5,3,4,4,4,5,5,2,4,3,3,10,7,8
590,2,32,2,7,9,10,8,11,5,2,3,4,2,4,5,4,6,5,4,5,4,3,4,3,7,7,7
591,1,19,1,7,9,9,17,5,4,4,3,4,4,4,4,5,6,5,3,5,4,3,3,3,3,4,2
592,2,23,2,16,9,18,10,10,3,4,3,4,5,4,4,3,4,4,4,4,1,3,3,2,5,8,6
593,2,35,4,12,11,10,11,7,4,4,3,5,4,4,5,5,4,5,5,6,4,4,3,3,7,5,5
594,1,26,2,9,3,8,15,15,3,3,3,3,3,3,3,4,4,5,5,4,3,4,1,3,6,5,5
595,2,27,2,10,11,9,10,9,6,4,2,6,5,4,4,3,3,4,5,6,4,5,4,4,9,7,6
596,2,30,2,10,1,7,5,8,4,3,2,4,4,3,4,3,3,4,4,4,1,2,3,2,6,3,5
597,2,35,1,14,13,15,10,11,4,3,4,3,4,4,4,5,4,5,3,5,2,3,3,3,5,5,6
598,2,35,3,14,10,15,11,16,3,2,2,3,2,1,2,3,4,2,3,3,2,1,3,2,2,2,2
599,1,31,1,7,12,10,9,3,4,4,3,3,5,5,5,5,5,5,6,5,4,4,5,4,9,10,7
600,2,37,1,8,6,4,13,8,4,4,5,4,4,4,3,4,4,3,4,3,3,3,3,4,6,6,6
601,2,36,1,11,11,11,14,12,6,5,4,4,4,5,4,4,4,4,3,4,4,4,3,4,4,6,7
602,1,39,1,8,12,12,9,10,2,2,3,2,3,3,2,4,4,4,4,4,3,4,4,3,6,5,6
603,1,23,3,14,10,14,11,13,2,2,3,2,2,2,5,5,5,6,6,5,2,2,3,2,6,4,5
604,1,33,3,11,11,14,13,14,3,3,2,2,4,4,4,5,2,3,3,4,3,3,2,3,3,5,7
605,1,32,4,5,9,10,16,14,3,2,3,2,2,3,4,3,4,3,5,4,3,3,4,3,4,4,4
606,1,30,1,0,3,1,0,1,4,3,3,4,4,3,5,5,5,6,3,4,3,3,3,3,6,7,9
607,1,38,2,15,8,12,10,8,4,3,4,4,4,3,3,4,4,4,6,5,3,2,3,3,4,5,7
608,1,39,1,16,19,11,9,12,3,4,5,5,3,4,5,4,4,4,5,2,3,3,2,4,6,6,2
609,1,30,2,10,11,6,8,9,3,5,3,5,4,4,4,3,4,3,3,3,4,4,4,4,8,10,8
610,1,23,4,13,7,9,11,9,4,3,4,4,4,3,6,4,5,6,6,4,2,2,4,2,8,6,9
611,2,42,4,14,20,16,18,17,2,3,2,3,4,3,5,4,5,4,5,3,3,4,4,4,7,6,5
612,1,37,3,1,10,3,4,4,4,3,4,4,3,4,2,4,3,4,5,4,3,3,3,2,10,8,7
613,2,29,3,12,11,10,9,7,5,4,3,4,4,4,3,4,4,3,4,4,2,3,2,3,5,3,5
614,2,44,2,9,6,5,5,9,3,3,3,3,4,3,3,3,4,2,3,2,2,2,3,3,4,5,2
615,2,32,4,14,11,11,11,12,4,4,3,4,3,4,4,3,4,3,2,4,3,3,3,3,4,5,4
616,2,44,2,5,9,11,9,11,4,3,3,4,4,4,3,3,2,2,2,3,3,3,3,1,4,2,3
617,2,18,4,7,9,12,12,7,3,3,3,2,2,3,5,3,3,3,3,4,2,2,4,3,3,4,4
618,1,39,1,8,9,8,11,12,4,3,4,4,3,3,4,6,7,5,4,4,3,3,2,2,4,6,7
619,1,27,2,7,5,12,11,15,5,4,5,6,3,3,4,3,3,3,3,4,3,3,3,3,8,7,7
620,2,30,2,11,13,11,13,8,5,4,3,3,4,3,1,5,4,4,3,2,3,4,3,3,10,6,6
621,1,32,2,10,12,11,11,14,4,3,2,3,3,3,4,4,4,3,4,4,3,3,4,3,6,8,7
622,1,32,4,11,7,8,6,8,5,4,4,4,3,5,4,5,4,4,4,5,4,3,3,3,8,9,9
623,2,35,4,5,6,11,9,11,3,3,4,3,3,2,4,4,3,4,4,3,3,3,4,3,4,6,5
624,2,33,1,10,18,9,7,4,3,4,3,4,4,4,3,3,3,4,3,3,4,3,4,3,6,4,5
625,1,20,2,9,9,11,11,13,4,5,5,4,4,4,3,4,5,5,4,5,4,2,3,2,5,8,3
626,2,28,3,12,13,13,9,7,3,4,4,4,3,4,2,2,2,4,4,3,3,4,2,2,3,2,2
627,2,43,3,10,7,12,8,8,3,5,3,5,4,4,2,3,2,2,2,3,2,3,3,3,7,6,5
628,2,23,1,17,12,11,12,13,4,4,1,3,3,4,3,3,3,3,4,5,3,3,4,3,7,7,6
629,2,35,1,9,9,7,13,10,4,4,4,4,5,3,4,4,2,4,4,3,3,2,2,1,5,5,5
630,1,45,3,12,13,7,9,9,3,3,4,3,4,2,5,6,4,2,3,5,3,3,4,4,9,6,9
631,1,22,3,11,5,11,10,6,2,2,3,4,3,3,5,5,5,5,5,5,2,3,3,3,7,6,7
632,2,26,2,10,11,13,17,10,4,3,4,3,4,4,2,3,2,5,3,4,3,4,2,2,7,6,5
633,2,26,4,13,14,12,13,11,2,3,2,3,3,5,4,3,3,4,5,2,1,2,3,2,3,1,4
634,2,31,3,10,8,15,13,12,5,5,3,4,5,5,4,3,4,5,4,4,3,3,1,3,1,4,2
635,2,52,3,9,13,15,12,11,4,3,3,3,4,4,4,5,3,5,5,5,4,4,3,3,4,5,6
636,1,21,2,11,9,9,10,5,3,3,3,2,2,4,3,4,2,3,3,2,4,4,4,4,4,5,3
637,1,31,4,14,11,11,17,9,3,4,5,3,2,3,6,5,6,6,5,4,4,2,3,3,10,7,7
638,2,23,3,8,7,7,5,4,4,3,5,5,6,5,3,3,4,5,3,3,2,3,2,2,7,7,8
639,2,48,3,8,12,7,11,10,4,5,4,4,4,4,4,4,4,3,5,3,3,3,2,4,7,6,4
640,2,29,2,7,14,11,5,8,4,3,3,5,4,3,4,5,5,3,5,3,3,2,3,2,7,6,3
641,2,36,2,10,14,13,10,10,4,3,4,2,3,3,4,4,6,5,4,6,2,4,3,3,4,7,6
642,2,28,2,9,14,10,8,10,2,4,3,4,3,3,3,3,4,5,5,5,3,2,4,3,3,6,4
643,2,27,3,13,13,15,13,10,3,3,3,3,3,4,2,5,1,2,4,2,3,4,2,4,4,3,6
644,1,25,1,8,14,11,10,16,4,4,4,2,3,3,3,4,3,3,3,4,3,4,3,5,4,3,4
645,2,28,1,8,10,8,12,10,3,4,2,2,2,3,4,5,4,4,5,4,3,2,2,4,6,3,3
646,2,32,3,10,11,12,8,16,5,6,3,5,3,4,4,4,3,4,5,5,2,3,2,3,5,7,5
647,1,37,4,8,15,16,17,12,2,2,2,3,2,2,4,5,5,4,6,4,5,4,3,4,4,5,6
648,2,27,4,18,13,14,19,15,3,4,3,4,4,3,3,3,3,3,3,3,1,3,2,2,3,2,2
649,2,36,2,5,11,6,13,12,3,3,3,2,3,2,3,2,2,3,2,4,5,3,3,3,6,6,4
650,2,34,1,10,5,7,13,12,2,3,2,2,2,3,5,6,3,5,3,4,3,2,2,2,6,6,7
651,1,33,3,5,4,3,6,5,4,6,4,5,3,6,3,5,4,3,3,2,3,4,2,4,5,5,7
652,2,25,3,12,8,15,9,12,2,3,3,3,4,2,2,3,2,2,2,4,2,3,3,3,4,4,4
653,1,22,4,12,12,13,12,9,1,2,3,3,3,3,4,3,5,4,4,3,4,3,3,2,5,8,6
654,1,21,2,13,12,11,12,14,2,4,4,3,5,3,5,4,5,5,5,4,3,2,4,2,6,5,8
655,1,40,2,13,12,8,11,8,3,2,4,2,2,4,5,3,4,4,3,3,3,4,4,2,3,2,4
656,1,23,2,3,15,9,15,13,2,3,3,1,3,3,3,3,4,3,3,4,3,2,3,2,4,3,4
657,2,36,4,11,8,15,9,5,4,3,5,2,2,4,2,3,4,2,2,1,3,5,4,3,2,5,2
658,2,24,3,9,11,10,7,7,5,4,5,4,3,3,5,4,5,5,6,6,4,3,3,2,7,10,9
659,1,40,2,15,13,14,15,16,4,5,6,5,3,5,4,4,4,5,4,2,3,3,3,3,5,6,6
660,2,32,4,16,14,14,13,12,4,4,4,4,4,3,3,3,3,2,3,2,3,3,3,3,4,6,3
661,1,28,4,14,8,15,9,11,3,3,3,3,3,4,4,4,4,5,4,3,3,2,3,2,5,5,7
662,2,27,1,11,12,10,8,7,2,3,4,3,4,4,2,3,4,3,3,5,2,3,4,3,6,6,9
663,2,28,2,12,9,12,9,6,2,3,4,2,4,4,2,2,3,2,3,5,3,4,3,3,5,7,3
664,2,27,4,12,11,12,9,15,4,3,4,4,5,3,3,5,4,4,3,2,2,2,2,3,5,8,5
665,2,37,1,7,13,7,12,5,4,4,2,3,4,3,5,6,4,4,6,1,3,3,2,4,4,4,6
666,1,26,2,7,1,3,8,3,3,4,3,4,3,5,3,5,3,4,3,3,3,3,2,3,7,4,8
667,1,41,2,17,11,9,18,17,4,3,2,4,4,3,2,3,4,4,5,4,2,3,3,3,3,4,4
668,2,25,3,9,11,9,8,10,3,4,4,3,3,5,3,4,1,3,3,5,4,3,3,2,8,6,6
669,2,36,2,3,5,0,8,6,3,5,4,4,5,3,5,5,5,6,5,5,3,3,3,2,9,9,9
670,1,27,2,12,3,7,6,2,3,2,3,2,3,2,3,3,3,4,3,3,4,4,2,4,5,6,5
671,1,23,3,11,12,10,13,9,3,3,3,3,3,3,5,3,6,3,3,4,4,3,4,4,9,7,10
672,2,29,4,13,10,16,12,11,3,3,3,3,4,2,4,2,4,6,5,6,2,3,3,3,7,5,4
673,2,29,3,17,20,7,15,17,3,3,3,4,2,3,3,2,3,4,2,5,3,3,3,2,2,4,4
674,2,30,4,6,3,8,9,8,3,3,3,3,3,3,6,4,5,4,5,5,3,3,2,3,5,7,8
675,1,26,2,7,11,8,12,8,4,4,4,4,3,3,4,3,6,4,4,5,3,3,2,2,7,4,8
676,1,33,3,5,9,5,12,8,3,4,3,3,3,3,4,4,5,4,5,4,2,2,3,1,5,6,5
677,2,38,2,3,10,8,5,6,4,4,4,5,5,4,5,4,5,5,6,5,2,4,3,3,7,5,9
678,2,22,3,7,6,12,15,9,4,4,4,4,3,3,4,5,5,5,5,5,3,3,4,3,6,7,4
679,1,46,1,14,8,11,12,8,2,1,3,1,2,2,3,3,3,4,4,3,3,4,4,4,5,3,7
680,2,36,3,16,13,12,15,17,3,3,3,3,3,2,6,4,5,4,4,6,4,3,2,3,7,4,5
681,2,23,1,11,15,8,11,11,4,3,2,3,3,2,4,5,5,4,3,4,4,3,3,3,7,4,8
682,1,45,3,4,7,13,4,8,3,4,3,4,3,4,4,4,4,3,4,5,4,3,3,3,4,5,4
683,2,48,3,9,10,8,8,7,3,4,4,4,3,2,4,4,4,4,1,5,3,2,2,2,5,4,7
684,2,27,3,10,12,12,12,7,5,5,4,5,5,4,4,2,3,4,5,4,2,3,3,4,6,7,5
685,2,56,4,8,12,2,11,8,3,3,5,5,5,4,5,4,4,5,5,5,3,3,2,1,6,7,6
686,2,37,4,7,13,6,10,16,2,3,1,2,3,2,3,2,2,2,2,4,3,3,2,2,4,1,1
687,2,28,4,13,11,12,14,17,3,3,3,3,2,4,4,2,3,3,3,3,3,3,4,3,5,5,7
688,1,37,1,1,7,9,8,5,6,5,5,6,4,5,6,5,7,6,6,6,4,2,4,3,7,10,9
689,1,25,2,11,14,14,7,15,3,4,3,2,4,3,5,4,5,4,3,4,2,5,5,4,8,7,5
690,1,26,2,6,8,5,8,12,3,4,3,4,4,3,4,4,3,5,5,4,3,3,3,3,7,5,7
691,2,37,4,15,10,11,12,14,3,5,4,3,3,3,2,2,4,2,2,2,4,5,5,4,3,6,4
692,2,32,1,14,16,11,16,15,2,3,3,3,3,3,3,4,4,3,4,4,3,4,3,4,8,9,7
693,1,28,1,5,4,7,3,4,3,2,4,2,3,3,4,3,3,4,5,4,3,3,3,3,7,9,7
694,2,29,4,12,6,9,11,9,4,4,5,5,4,4,3,3,3,3,4,3,5,4,5,4,8,7,9
695,1,26,2,13,10,6,11,10,5,4,4,4,4,5,4,5,4,5,5,4,5,4,5,4,7,8,6
696,2,23,2,9,12,12,12,3,4,4,4,3,3,4,3,2,3,6,5,4,4,3,4,3,8,6,7
697,2,31,1,10,11,12,3,5,5,5,5,5,4,4,3,3,5,4,4,6,3,3,2,3,8,7,10
698,1,43,4,14,16,11,15,12,4,4,4,4,4,4,5,5,4,5,3,4,1,2,1,1,6,6,5
699,2,33,4,13,9,7,9,11,4,3,4,4,4,3,5,5,4,3,3,3,4,4,3,4,7,6,8
700,1,36,1,10,10,5,7,3,4,4,4,4,4,2,4,3,2,5,4,6,4,3,4,4,8,9,7
701,2,31,2,6,10,11,10,9,4,5,4,4,4,4,5,5,5,5,6,5,2,5,4,3,7,6,6
702,1,27,1,9,8,7,4,10,2,4,4,3,4,1,3,3,3,2,3,2,3,3,2,4,5,8,9
703,2,31,4,12,12,13,15,15,3,4,2,1,2,4,5,3,6,5,3,5,2,2,2,2,6,4,4
704,1,31,4,10,8,12,10,6,3,3,5,4,3,4,5,5,6,4,5,5,3,3,2,3,6,4,3
705,2,30,4,9,10,8,11,15,3,3,1,4,4,3,4,5,3,5,5,3,4,3,3,3,4,6,5
706,1,31,4,16,14,14,14,12,4,3,2,3,4,2,3,3,3,4,5,2,4,3,2,3,6,7,5
707,1,22,1,6,7,4,8,3,4,5,5,5,6,6,6,3,5,5,5,5,3,3,3,3,10,8,10
708,1,40,1,9,3,9,6,7,4,5,5,4,4,3,4,5,4,5,5,4,2,2,2,2,10,8,9
709,2,40,4,15,15,14,17,13,3,2,3,3,2,4,4,3,4,3,3,4,3,4,3,2,3,4,2
710,1,31,3,15,11,9,12,6,4,3,2,2,3,2,6,5,6,6,6,5,3,4,3,4,9,10,8
711,1,23,4,16,17,12,17,20,2,2,2,2,3,4,3,3,4,4,5,4,3,4,3,3,5,5,4
712,1,25,4,14,14,14,12,7,3,3,3,3,5,2,3,4,4,5,4,2,3,4,4,4,7,7,7
713,1,33,3,12,15,10,16,15,3,3,3,3,4,4,4,5,4,4,4,4,4,3,3,3,5,5,6
714,1,29,2,8,13,6,10,12,3,4,3,4,2,3,4,4,2,4,5,2,3,4,2,3,3,3,4
715,2,37,1,11,4,12,4,8,3,2,2,3,3,2,4,3,3,3,4,2,3,3,4,3,4,3,6
716,2,27,1,0,6,7,4,2,5,5,5,4,3,5,4,5,6,6,5,4,3,3,2,3,7,7,10
717,2,37,3,10,13,7,15,10,5,3,4,4,3,4,2,3,2,2,3,4,3,3,3,3,3,5,3
718,2,40,4,9,8,11,11,11,3,3,3,4,4,5,5,4,3,5,4,5,1,3,3,3,7,7,5
719,1,27,4,6,3,7,9,8,4,4,3,3,3,4,4,6,4,5,5,4,3,3,3,2,1,4,5
720,2,39,1,7,7,10,9,8,4,4,2,3,5,3,5,5,4,4,5,5,3,3,3,3,10,9,8
721,2,23,3,13,13,12,11,11,4,5,5,4,4,4,3,3,2,2,3,3,4,5,3,5,6,7,6
722,2,26,2,6,8,7,3,16,3,2,3,4,3,4,2,4,6,3,3,4,2,2,2,2,4,5,6
723,1,29,2,11,8,18,9,10,3,3,3,3,3,2,4,4,5,4,4,4,4,3,3,3,5,9,6
724,2,36,1,12,14,7,18,14,4,4,4,4,3,4,2,3,2,3,1,3,3,3,4,3,5,7,4
725,1,38,3,7,10,7,13,11,4,3,2,3,4,2,5,5,6,3,4,5,3,4,3,3,7,6,7
726,2,24,4,13,13,14,19,17,5,4,4,4,4,5,4,4,4,4,2,2,3,4,4,3,5,3,2
727,2,27,4,11,15,11,17,14,3,3,6,4,3,6,6,5,5,4,5,4,4,4,4,4,7,6,7
728,2,39,1,7,10,11,9,14,4,3,2,3,4,4,4,4,3,3,3,3,3,4,3,4,5,5,4
729,2,35,2,8,2,11,12,13,4,3,3,4,4,5,4,5,4,3,3,2,2,2,3,4,8,4,6
730,2,27,1,2,6,9,4,7,3,4,3,3,3,4,3,3,3,3,3,4,3,3,3,2,8,7,5
731,1,34,2,13,12,11,12,16,4,5,4,4,4,4,4,5,5,4,3,5,3,3,4,3,6,6,7
732,2,30,4,16,9,8,17,12,2,5,4,3,3,3,2,2,4,3,2,3,3,3,3,2,5,4,7
733,1,25,4,17,14,14,17,12,3,3,4,2,3,3,3,5,4,3,4,4,4,2,2,2,5,8,6
734,2,28,1,5,9,4,8,9,4,5,4,5,5,4,6,6,6,7,5,7,3,3,2,3,7,10,6
735,1,24,4,13,8,11,14,14,4,3,4,4,3,4,4,4,4,3,4,4,5,4,4,4,5,5,2
736,2,38,2,9,9,15,6,11,4,5,4,4,3,4,4,3,4,4,3,5,2,2,1,2,5,8,5
737,1,37,2,13,20,14,15,12,5,3,2,5,6,5,4,5,6,6,6,4,4,2,3,3,6,6,6
738,2,23,4,13,9,15,11,15,4,3,3,4,4,5,5,5,4,4,5,5,2,3,4,2,5,7,6
739,1,30,4,12,9,10,10,15,4,4,4,3,4,4,5,6,5,3,4,5,2,3,3,2,6,7,5
740,1,37,4,14,12,8,9,9,3,5,3,4,4,2,2,3,4,4,4,2,1,1,2,2,9,6,7
741,2,34,4,9,8,11,11,13,3,5,3,4,3,4,3,7,5,5,5,5,5,5,5,5,7,6,6
742,1,38,4,6,10,7,9,5,6,5,5,6,5,5,4,6,5,7,5,5,2,3,2,3,5,3,2
743,2,27,2,7,6,15,13,6,3,4,4,3,3,3,4,4,3,2,4,3,3,4,2,4,3,4,3
744,2,20,4,13,14,14,20,20,4,4,4,4,4,3,4,4,4,5,4,4,3,3,3,3,4,6,4
745,2,35,3,11,11,9,11,8,3,3,3,3,3,2,3,4,2,5,4,3,3,3,4,3,5,5,4
746,2,38,2,11,12,12,10,7,4,4,4,4,4,4,5,5,6,6,6,6,3,3,4,5,8,8,5
747,2,35,4,10,4,10,7,4,6,6,5,5,5,6,5,5,4,4,3,2,3,3,3,3,10,7,6
748,2,32,3,10,15,14,10,12,3,4,3,4,3,2,3,5,4,4,2,4,5,5,4,4,1,4,4
749,2,37,2,8,10,13,13,8,3,4,3,3,5,5,3,4,5,3,5,3,4,4,3,3,1,4,4
750,1,26,2,10,9,7,7,7,5,4,5,6,4,5,4,3,7,4,5,4,3,3,2,2,8,8,7
751,1,32,4,11,12,14,8,10,4,3,3,4,5,5,4,4,2,2,4,4,2,3,3,3,3,2,2
752,2,28,3,11,9,2,10,11,3,3,5,3,3,4,4,2,2,2,3,2,3,3,2,2,6,3,6
753,2,35,1,9,5,11,15,10,2,3,3,3,3,2,2,3,3,1,3,3,3,2,3,3,6,3,7
754,1,30,1,8,5,8,5,8,3,3,3,5,4,4,5,5,4,6,4,5,4,3,3,3,8,8,6
755,2,37,4,10,5,6,13,9,5,6,5,4,4,4,5,6,7,5,7,6,4,3,5,3,10,8,8
756,2,45,4,11,12,13,10,11,4,3,4,3,5,4,4,4,3,3,3,2,4,4,3,4,2,2,4
757,1,30,2,5,10,3,9,9,4,4,3,4,4,4,3,4,5,4,4,5,4,5,4,5,4,7,7
758,1,29,4,8,10,10,8,11,2,2,3,3,2,3,2,4,3,3,4,4,3,3,3,2,3,4,4
759,2,23,2,7,11,5,10,8,4,3,4,4,5,2,4,4,4,4,3,5,4,3,5,4,7,8,7
760,2,23,3,10,13,17,10,14,4,3,3,4,3,5,2,4,4,5,4,2,3,2,3,3,6,4,5
761,2,33,1,6,10,13,8,10,4,3,5,5,3,4,3,2,3,2,3,4,2,3,3,2,8,7,9
762,1,27,1,10,14,13,4,9,5,3,4,4,4,5,3,3,4,4,4,5,2,2,3,3,4,3,5
763,1,26,4,20,15,18,16,15,3,2,3,3,3,2,3,3,4,3,3,3,2,3,3,3,4,7,4
764,2,28,1,11,12,5,10,10,3,4,3,3,4,4,6,3,3,5,6,5,4,4,3,5,8,8,6
765,2,36,3,5,12,7,5,9,3,2,4,4,2,4,3,2,2,3,3,2,3,4,3,4,2,3,5
766,2,31,4,16,16,17,17,15,4,2,2,3,3,2,3,2,2,4,2,2,2,2,3,3,3,3,5
767,1,31,1,11,10,8,13,12,3,3,2,2,4,3,3,3,4,5,4,5,3,3,4,3,7,5,6
768,1,24,2,16,6,13,10,8,5,3,3,4,4,3,3,6,4,2,4,3,4,5,4,4,5,4,7
769,2,32,1,2,7,8,7,6,4,4,3,3,3,4,5,5,4,3,6,4,4,4,3,3,6,8,9
770,2,18,2,10,14,10,11,9,3,2,4,3,4,3,3,1,2,2,3,3,3,3,4,3,3,1,4
771,2,35,4,7,10,12,4,10,2,3,2,3,4,3,5,5,4,5,3,5,3,2,2,2,8,8,9
772,2,40,3,12,13,17,9,6,3,3,4,3,4,3,4,4,5,4,4,4,4,2,3,2,5,5,5
773,1,35,3,12,12,10,7,14,3,3,2,4,2,2,4,3,5,4,5,5,4,3,3,4,3,5,7
774,1,32,2,7,12,8,5,7,3,2,2,2,3,2,4,4,4,4,4,4,3,4,2,2,3,5,5
775,2,20,4,8,6,6,8,10,2,4,4,3,3,2,5,5,4,5,5,3,4,4,2,3,7,8,6
776,2,29,2,5,11,9,8,9,4,3,4,4,4,3,3,4,3,5,2,4,2,3,2,3,3,4,5
777,2,18,3,11,4,12,10,13,4,5,3,5,4,5,3,4,3,4,4,4,1,2,2,1,6,8,8
778,2,25,4,15,13,10,15,14,4,3,4,3,4,3,3,4,2,1,3,4,4,4,4,4,2,4,3
779,2,32,4,8,8,4,7,6,4,3,3,4,3,2,7,6,7,5,6,6,2,4,3,3,9,9,9
780,1,29,3,6,10,9,9,13,4,2,4,3,2,4,5,5,5,5,4,5,4,4,3,3,6,7,6
781,2,40,2,8,3,3,0,1,5,5,3,4,4,6,6,4,6,4,3,4,4,3,3,3,9,6,5
782,1,28,2,7,7,5,5,5,3,2,3,2,3,2,2,2,4,2,4,4,3,2,4,3,5,2,2
783,2,42,1,9,2,9,7,5,4,4,4,4,3,4,4,5,4,5,5,4,3,4,4,3,7,10,8
784,1,38,3,9,18,17,13,11,2,3,3,2,4,4,5,4,5,5,4,4,3,3,2,4,8,7,6
785,2,37,4,8,10,11,13,6,3,3,4,4,4,4,4,3,3,3,4,4,2,2,1,2,4,6,5
786,2,36,3,13,10,10,12,11,3,2,2,2,4,3,2,3,3,4,3,3,2,1,2,2,4,3,5
787,1,38,2,10,12,16,14,10,5,3,4,4,3,4,4,3,4,4,4,3,5,5,4,4,7,8,7
788,1,41,2,11,8,13,9,11,4,3,4,3,5,3,5,5,5,5,4,6,4,4,4,2,6,5,8
789,1,32,3,15,11,12,9,7,4,4,4,2,4,4,4,4,3,3,3,4,4,3,3,4,2,4,5
790,1,30,3,12,9,13,14,11,4,3,3,3,4,4,3,4,4,4,3,4,3,3,3,2,6,7,5
791,1,30,2,9,4,7,3,4,5,4,4,4,3,4,4,4,4,4,4,3,4,3,3,3,5,9,7
792,2,26,1,2,7,11,7,7,5,4,4,4,4,5,6,5,6,5,4,5,2,3,2,3,9,8,10
793,2,30,2,9,10,5,7,10,4,3,2,2,4,3,3,2,4,2,2,2,3,2,3,3,4,3,4
794,1,33,4,11,11,9,10,12,4,5,2,4,3,4,2,4,2,4,4,5,2,4,4,2,8,8,9
795,2,46,3,11,13,13,10,5,3,5,5,4,5,4,5,5,5,5,4,5,4,2,2,3,7,7,5
796,2,28,4,17,6,10,12,11,5,4,5,4,3,4,5,3,5,4,4,4,4,3,4,3,3,4,7
797,1,26,2,7,8,10,12,4,4,5,6,4,4,4,5,5,5,5,5,4,2,1,2,3,7,9,9
798,2,25,2,11,13,18,8,12,1,2,3,2,4,1,4,5,4,5,4,5,4,2,2,2,6,5,5
799,1,34,3,9,8,8,9,5,3,2,3,3,3,2,2,4,4,4,4,3,5,5,4,5,4,5,6
800,1,42,2,13,13,11,5,7,3,3,3,3,3,2,6,6,5,6,6,5,3,3,2,3,6,5,4
801,2,41,4,11,14,14,15,13,4,2,3,2,2,3,4,4,2,2,4,1,4,3,3,4,3,4,3
802,1,38,3,12,12,14,15,13,3,2,2,3,3,2,5,2,6,5,5,4,2,4,3,3,4,7,7
803,1,28,3,18,16,13,9,8,4,3,5,4,4,3,5,6,4,4,4,5,4,4,4,4,6,6,7
804,2,20,2,11,9,9,5,10,4,3,4,4,3,4,5,6,4,5,4,6,2,2,3,2,4,6,6
805,1,28,4,14,10,5,11,14,3,4,2,2,2,3,5,4,3,3,5,5,3,3,3,3,6,7,6
806,2,28,4,8,8,9,10,12,4,6,4,4,4,5,4,5,3,3,4,3,3,2,3,3,5,6,3
807,1,26,3,10,14,12,13,10,1,2,3,1,2,2,4,2,2,3,3,2,2,2,2,2,4,6,4
808,1,38,3,8,7,12,7,5,4,4,4,4,5,3,5,6,7,6,6,5,3,4,2,3,5,5,5
809,2,45,4,15,12,12,11,12,4,3,4,4,4,5,3,3,5,5,5,4,3,2,2,3,7,7,8
810,1,21,4,11,10,7,8,8,4,5,4,5,3,6,7,6,6,6,6,7,2,3,3,3,10,6,10
811,1,35,2,12,11,7,6,5,4,5,4,4,4,4,4,4,6,6,4,5,3,3,3,2,4,5,7
812,1,26,3,12,13,12,9,12,3,4,4,4,3,3,4,6,5,4,4,3,4,3,3,4,5,4,3
813,1,26,1,6,8,8,13,6,4,3,5,4,5,4,4,5,5,3,2,6,5,5,4,3,6,5,7
814,2,36,2,2,1,10,10,8,4,3,3,5,4,3,2,5,4,5,4,4,2,4,3,2,5,5,7
815,2,31,1,5,6,7,7,12,3,4,4,4,2,4,4,4,3,4,3,3,4,3,4,3,6,5,6
816,2,33,3,6,12,13,14,15,4,5,4,3,4,4,4,4,3,6,5,5,2,3,3,3,6,7,6
817,2,32,1,4,8,10,8,8,4,4,6,5,4,4,3,4,4,3,4,5,2,2,3,2,6,7,8
818,2,32,3,3,13,14,6,10,3,5,4,4,3,4,6,5,5,4,4,7,2,1,3,3,4,3,4
819,1,34,4,14,12,17,14,10,2,3,3,3,1,3,5,4,5,4,4,4,4,2,4,3,4,3,6
820,1,37,1,8,8,6,4,9,4,4,5,3,5,4,5,4,4,5,5,4,3,3,2,2,6,7,5
821,1,26,4,17,11,13,7,14,4,4,3,3,3,4,4,5,5,3,5,6,3,3,2,3,5,5,5
822,1,37,2,12,11,9,10,6,5,5,5,3,2,6,7,6,5,7,6,7,3,4,4,4,9,10,8
823,2,35,1,8,10,6,2,7,4,2,4,4,5,5,6,7,7,5,6,7,3,3,4,4,7,8,8
824,1,29,2,6,8,9,5,9,3,1,3,3,2,2,2,5,4,5,4,4,3,4,3,4,4,4,6
825,1,23,3,13,13,8,11,12,3,4,3,2,4,3,5,6,6,5,5,6,3,3,4,4,6,6,4
826,2,33,4,10,15,10,13,11,2,2,2,2,3,3,2,3,1,1,3,2,2,4,2,2,7,1,5
827,2,38,3,13,9,11,13,11,3,4,3,3,3,3,5,3,4,4,4,3,5,4,4,4,5,4,6
828,2,29,3,16,10,6,7,11,3,2,2,2,3,3,3,4,4,2,2,2,3,3,4,2,6,7,4
829,2,24,4,7,10,8,8,9,3,3,3,3,3,5,5,6,3,5,5,5,3,3,2,3,4,5,4
830,1,35,1,7,13,9,12,4,4,3,3,2,3,1,6,5,6,4,5,6,3,2,2,3,5,5,2
831,1,38,2,11,12,11,5,10,3,5,4,4,3,3,3,3,2,4,4,2,4,4,4,4,6,5,6
832,1,25,3,6,7,6,5,2,5,4,4,3,3,4,7,6,7,7,5,5,4,4,4,4,10,8,4
833,2,35,3,4,5,2,0,5,5,4,5,4,4,3,4,5,5,4,4,4,3,3,3,3,6,7,8
834,1,27,2,1,9,9,12,1,3,2,4,4,3,3,5,6,7,4,5,5,3,4,4,4,8,9,9
835,2,28,2,14,13,13,14,14,1,3,3,2,3,4,5,3,4,3,4,3,2,3,4,3,3,4,3
836,2,32,2,9,5,8,12,5,4,3,3,2,4,2,2,3,2,3,2,1,3,4,3,4,4,6,3
837,2,20,1,9,3,6,6,5,4,3,4,2,3,3,3,2,3,3,2,2,3,3,3,4,4,5,8
838,2,42,1,10,7,8,11,12,3,1,2,4,3,3,2,2,2,2,4,3,2,3,3,3,2,4,3
839,1,36,2,6,7,9,6,5,3,3,3,3,3,3,3,3,4,4,5,4,4,3,3,3,3,7,6
840,2,19,3,13,7,8,6,8,4,4,5,4,6,4,6,5,6,5,5,5,3,3,2,4,4,7,6
841,1,26,3,13,15,8,10,6,4,3,4,4,4,5,4,4,4,4,4,5,3,3,2,3,6,6,7
842,2,27,4,10,4,11,11,10,5,2,3,4,2,4,3,4,5,2,5,3,3,3,3,4,6,7,6
843,1,34,1,7,8,10,6,9,4,2,2,2,2,3,3,4,3,3,3,4,4,4,2,4,3,4,1
844,1,25,3,13,12,10,14,10,3,3,3,4,3,2,4,4,5,3,5,4,2,2,3,3,6,10,8
845,2,27,3,9,7,8,6,9,3,4,4,4,6,5,5,4,5,4,5,4,2,2,2,3,8,7,9
846,2,32,3,7,9,12,10,9,5,5,5,3,4,3,6,5,6,5,3,6,2,2,3,3,6,6,6
847,2,25,2,10,7,3,5,5,3,3,3,3,5,4,3,5,3,5,4,3,3,4,3,3,5,3,3
848,1,26,3,9,12,13,13,15,3,4,2,3,3,4,3,4,4,3,4,3,3,3,4,3,5,8,5
849,1,21,3,13,4,3,7,8,2,3,3,4,4,4,3,5,4,5,4,4,4,4,4,3,5,6,8
850,2,24,2,9,7,7,13,11,5,3,4,4,4,5,2,4,4,5,2,3,2,2,3,3,4,6,2
851,1,31,1,5,10,4,12,6,4,4,4,3,3,4,3,5,4,4,3,4,4,5,5,4,8,8,6
852,1,39,3,8,12,10,8,9,3,4,2,3,3,4,3,4,3,3,3,3,2,2,2,3,6,7,6
853,2,27,2,16,12,9,13,13,4,5,3,3,3,4,5,4,7,5,4,6,3,3,4,3,7,8,8
854,2,30,4,13,10,10,12,12,4,3,4,4,4,3,4,2,5,4,2,2,2,2,1,1,6,6,6
855,2,26,3,10,9,12,11,14,3,3,4,3,3,3,3,2,3,3,4,4,4,4,4,4,8,5,6
856,2,28,1,13,11,10,8,12,3,4,4,5,4,3,3,3,4,3,5,5,2,3,3,3,10,10,9
857,1,29,1,5,7,10,5,10,3,3,1,2,2,2,4,4,4,4,3,3,3,2,3,3,6,7,7
858,2,28,2,11,11,5,12,11,3,2,2,5,3,4,5,3,4,3,3,4,3,2,2,3,4,7,5
859,1,34,3,6,11,8,12,10,4,5,3,4,5,4,4,5,4,5,5,4,3,2,3,2,5,7,7
860,2,38,2,12,15,10,9,11,2,2,4,2,3,3,2,4,4,3,4,2,3,3,4,3,3,4,5
861,2,43,1,9,9,9,9,9,4,4,3,3,4,4,4,4,4,6,3,4,4,4,4,4,7,6,5
862,2,24,3,16,16,16,14,14,2,3,2,2,2,2,5,3,4,4,5,4,4,3,3,3,7,8,4
863,1,43,1,11,5,8,8,7,4,4,4,4,5,3,5,5,4,5,3,5,3,2,2,3,6,6,7
864,2,25,2,12,11,12,8,8,5,5,4,4,5,5,6,6,5,5,5,4,4,4,3,3,9,10,9
865,1,42,3,15,8,18,12,14,3,3,3,4,3,4,3,2,4,3,2,3,3,3,2,4,7,8,5
866,2,29,4,8,11,12,7,10,4,4,4,4,5,4,2,3,4,2,2,4,3,3,2,3,6,8,5
867,2,39,4,12,12,13,10,10,3,5,4,3,3,4,3,4,3,2,3,1,5,4,5,3,9,10,10
868,2,27,4,16,15,11,6,10,5,5,5,5,5,5,5,4,5,5,5,4,2,1,2,2,6,5,5
869,2,53,3,15,12,15,17,10,4,4,3,5,5,4,3,4,5,4,4,3,2,2,3,3,6,6,3
870,1,29,2,11,10,9,5,8,4,4,4,3,4,5,5,4,4,5,3,3,5,4,4,4,3,6,6
871,1,30,4,13,10,10,12,11,2,4,2,3,3,4,4,4,5,4,5,4,3,4,3,4,5,6,8
872,1,36,3,11,11,11,11,12,3,4,3,3,3,3,4,4,5,3,3,4,2,3,3,3,7,7,6
873,2,33,3,9,10,10,11,13,4,3,4,5,4,3,3,4,3,3,3,3,3,3,1,3,5,4,3
874,2,28,2,15,14,12,16,15,3,3,2,4,2,3,4,3,1,2,3,2,3,4,3,3,6,6,6
875,1,42,3,13,11,12,9,9,2,2,3,2,3,2,1,3,2,3,2,2,3,2,3,1,2,2,3
876,1,29,3,13,14,11,11,12,5,5,4,4,4,4,5,5,7,4,4,4,3,3,4,2,6,5,7
877,2,46,1,14,13,12,14,10,3,3,3,4,5,2,5,5,5,3,4,4,3,3,2,3,5,5,3
878,2,42,4,10,4,10,10,7,3,4,4,4,4,3,2,3,3,4,2,3,3,4,4,4,5,6,5
879,1,25,3,7,4,4,9,4,5,4,4,4,5,4,5,5,5,5,6,7,2,2,2,3,8,9,8
880,2,30,4,17,16,15,16,16,3,4,4,4,4,3,5,4,4,4,4,4,2,4,2,3,4,5,4
881,2,42,1,10,9,7,8,6,4,4,4,4,4,5,2,4,3,2,3,4,4,4,4,3,4,4,4
882,2,26,1,12,12,10,10,11,4,4,5,3,5,4,4,4,4,3,4,4,3,2,2,3,9,6,5
883,2,19,4,13,9,11,9,10,3,4,4,3,3,3,5,3,4,2,5,4,4,2,2,3,6,5,2
884,2,35,4,16,12,11,15,10,4,3,3,4,3,3,2,3,3,3,3,4,4,3,2,3,7,9,5
885,2,24,4,19,13,11,12,15,2,3,3,3,2,4,4,2,2,2,4,3,4,3,3,4,6,5,5
886,2,24,1,10,11,5,9,7,3,4,3,3,2,3,2,3,3,3,4,4,5,3,4,4,4,7,5
887,2,35,1,7,8,4,9,9,5,5,5,4,4,5,3,4,4,2,1,3,3,3,3,2,7,6,3
888,2,25,4,11,11,13,11,12,5,3,4,4,4,3,3,4,3,3,4,4,4,4,4,3,8,8,6
889,1,25,2,8,6,10,9,9,3,3,4,3,2,3,6,6,5,7,5,6,3,1,3,3,3,4,5
890,1,35,4,8,16,13,11,8,4,3,4,4,4,5,4,4,5,4,3,4,3,3,2,4,7,2,4
891,1,34,2,10,7,11,8,14,4,4,5,3,3,4,5,3,5,5,5,6,2,2,3,3,7,8,9
892,1,41,2,11,11,15,14,16,3,5,4,3,2,3,3,4,3,2,2,2,2,2,3,3,5,6,7
893,2,51,1,9,9,8,6,5,3,4,3,4,3,4,3,5,5,4,4,4,4,3,3,3,5,3,5
894,1,47,3,17,18,10,19,11,4,3,3,2,5,3,5,5,5,5,4,6,3,3,3,2,5,8,8
895,1,36,3,9,11,4,9,16,4,3,5,3,3,3,5,5,3,5,5,4,4,5,4,3,4,6,4
896,2,27,1,8,8,6,6,7,4,4,3,3,4,4,5,6,5,5,5,6,3,3,3,3,9,8,10
897,1,32,2,7,10,9,8,6,6,6,4,4,6,6,5,5,4,5,4,6,3,3,3,3,8,5,5
898,1,35,4,15,18,18,10,17,3,3,4,4,5,3,3,3,3,3,3,2,3,3,3,3,4,4,3
899,1,29,2,6,12,13,9,12,4,5,4,3,4,2,3,4,4,3,4,3,2,2,2,2,4,6,4
900,1,32,1,6,6,9,12,4,4,3,3,3,4,3,5,3,5,4,5,5,3,3,5,4,6,7,6
901,1,27,4,9,10,8,12,11,3,2,3,3,5,3,4,2,3,4,3,3,2,2,3,3,4,2,6
902,2,32,4,8,8,7,11,10,4,3,3,3,4,3,4,4,4,5,4,4,4,2,3,2,6,5,4
903,1,43,2,18,12,12,11,6,2,2,3,3,4,4,3,4,4,5,4,5,1,3,3,3,8,7,7
904,2,21,1,11,14,11,10,13,1,4,3,3,4,3,4,4,5,5,4,4,3,3,3,3,8,5,6
905,1,47,1,4,1,0,2,4,3,4,4,4,4,4,5,6,5,6,5,6,5,5,3,4,6,5,5
906,1,23,3,13,7,10,10,7,2,3,1,3,2,3,4,6,4,4,4,4,4,3,3,3,3,3,5
907,2,41,2,8,1,4,5,9,5,5,2,3,4,4,3,3,5,3,4,2,3,3,3,2,6,5,4
908,1,22,1,9,10,11,10,11,5,3,2,5,4,3,4,4,3,5,4,3,3,3,3,4,4,4,6
909,2,34,4,11,11,11,8,9,4,4,4,4,3,3,4,3,4,4,3,4,4,5,3,5,6,6,5
910,1,26,3,11,9,7,9,11,4,5,3,4,4,3,5,5,5,5,5,5,3,2,1,1,8,4,6
911,1,27,1,4,6,5,5,0,2,2,3,1,1,2,4,3,4,4,5,5,4,3,3,3,6,7,6
912,1,31,3,14,11,19,10,12,2,3,4,2,4,4,4,4,5,6,5,4,3,4,3,5,6,7,6
913,2,41,3,13,12,16,13,9,4,4,5,5,5,5,4,3,4,5,4,4,3,2,4,3,5,5,4
914,2,21,3,9,5,10,7,10,4,4,2,3,3,3,4,4,3,3,3,4,3,2,4,4,7,8,8
915,2,33,4,14,8,13,6,16,5,4,3,3,3,2,5,4,5,5,5,5,3,3,2,3,7,8,8
916,1,39,2,17,11,7,8,12,3,2,3,3,4,4,3,3,3,3,4,5,3,3,5,5,3,5,4
917,1,28,4,12,9,10,10,5,3,1,4,2,2,3,4,3,4,4,3,6,3,2,3,3,3,5,2
918,2,28,2,11,15,11,12,12,5,3,4,3,3,3,4,5,4,4,4,4,2,2,2,3,5,6,5
919,2,25,1,10,8,18,10,8,4,4,5,3,4,4,4,3,2,4,3,2,3,2,4,3,4,8,3
920,2,29,1,8,8,10,11,11,4,4,4,4,3,3,4,5,5,4,4,5,3,4,4,3,8,7,6
921,1,20,1,5,7,4,6,5,4,2,4,3,3,3,3,3,4,4,6,4,4,4,4,5,4,8,6
922,2,33,1,5,0,8,2,0,5,4,4,5,4,4,4,3,3,5,5,4,3,3,3,3,7,6,8
923,2,53,1,14,9,10,11,12,3,4,3,4,4,3,2,3,2,3,2,5,3,2,3,2,6,4,4
924,1,26,3,13,16,15,11,8,5,4,4,5,5,4,5,5,4,5,3,6,2,2,2,3,4,1,6
925,2,44,2,10,13,12,4,12,2,2,4,3,2,3,3,4,3,3,3,3,1,1,2,2,1,1,3
926,2,27,3,6,8,13,8,2,3,4,4,5,3,3,4,6,5,5,5,5,3,3,2,2,7,7,10
927,2,33,2,9,7,16,11,9,3,3,4,2,4,5,1,2,3,1,3,2,3,3,3,3,3,2,3
928,1,32,2,8,6,11,11,12,2,3,1,3,5,4,4,3,4,4,4,4,2,2,4,2,6,6,4
929,2,38,4,9,15,13,12,14,4,4,2,4,4,3,5,4,5,3,4,3,4,3,4,3,9,7,7
930,1,37,1,5,7,11,12,8,3,3,3,2,3,4,4,3,4,4,3,3,3,4,2,4,5,6,6
931,1,35,1,10,9,8,12,11,4,4,4,4,4,4,6,6,6,5,6,5,3,4,3,3,8,7,5
932,2,36,2,5,7,11,5,7,5,5,4,5,4,4,5,4,5,4,7,4,4,4,4,5,7,6,9
933,2,39,4,11,8,7,6,17,4,3,4,2,4,5,3,4,3,3,4,4,1,1,1,2,2,3,3
934,1,27,1,11,15,13,9,10,3,4,3,3,2,3,6,3,6,4,4,4,3,3,3,3,10,10,6
935,2,25,2,13,9,13,11,7,3,3,3,3,2,2,2,2,2,1,2,3,4,4,3,5,2,5,7
936,2,25,2,2,1,4,3,2,5,6,6,5,6,5,4,5,5,5,4,5,2,4,2,3,9,8,8
937,2,44,4,7,11,13,17,13,4,3,3,4,3,3,3,3,4,3,3,3,2,2,3,2,6,4,1
938,2,32,4,14,12,10,7,7,4,4,4,5,4,4,4,4,2,5,4,5,2,3,4,3,7,8,7
939,1,26,2,13,11,8,13,13,3,5,4,3,3,5,5,4,6,3,4,3,3,3,3,4,5,6,4
940,1,32,1,3,4,5,9,11,4,4,5,4,4,5,4,3,2,3,4,3,4,4,4,4,4,7,4
941,2,26,4,4,9,12,6,5,4,3,4,4,3,4,4,4,5,4,3,4,3,3,3,2,7,7,7
942,2,30,2,9,11,10,9,10,4,4,5,5,5,6,5,5,5,5,6,4,3,2,3,4,8,9,7
943,2,32,2,12,12,8,10,13,5,5,3,5,4,3,3,4,2,4,4,5,4,4,4,3,6,3,6
944,2,30,3,9,10,13,11,5,2,4,4,3,4,4,5,5,4,4,4,4,4,3,4,3,5,5,6
945,1,26,4,11,12,11,13,9,3,4,3,3,3,3,2,3,3,4,3,2,3,3,2,1,2,2,3
946,1,28,4,10,13,19,13,14,2,3,3,4,2,3,3,3,4,2,3,3,4,3,2,3,5,5,4
947,1,28,1,9,4,10,6,5,4,5,5,4,4,3,4,4,4,5,3,5,4,2,4,3,5,8,7
948,2,26,3,11,8,5,12,14,5,4,4,5,3,4,5,5,4,3,4,6,3,1,1,2,6,7,8
949,2,43,4,17,9,12,9,13,4,3,4,2,5,3,2,3,1,2,3,3,3,3,3,3,1,3,3
950,1,32,1,9,7,8,10,5,3,4,5,4,5,5,5,5,5,5,5,5,5,3,3,5,5,7,6
951,2,47,2,16,15,11,10,16,3,4,2,3,3,3,3,3,3,3,3,4,3,3,3,2,6,4,4
952,1,37,1,7,5,4,1,6,4,4,5,5,5,4,3,4,4,4,4,4,4,3,3,3,7,8,9
953,2,29,4,17,15,12,9,20,5,4,4,4,4,5,3,2,3,3,2,1,4,5,4,3,6,6,3
954,1,35,2,6,11,6,10,10,4,4,4,3,4,3,4,3,4,4,2,6,2,4,4,4,4,6,6
955,1,36,2,8,12,12,11,11,4,3,3,3,6,4,5,6,6,6,5,5,4,3,3,4,9,9,7
956,2,45,3,15,15,12,12,11,5,6,5,5,4,4,4,4,4,4,6,4,3,1,3,3,8,8,10
957,2,23,4,12,7,11,14,11,4,5,5,5,6,5,5,5,4,5,6,6,4,4,5,3,8,10,9
958,2,28,1,12,8,11,8,6,3,3,5,4,3,3,5,3,4,3,4,4,3,3,3,4,5,6,6
959,1,30,1,4,9,11,7,7,4,3,3,2,4,4,5,2,3,4,4,5,2,3,2,3,5,5,5
960,1,39,3,11,10,10,15,9,4,3,3,3,4,2,5,6,5,5,4,5,4,3,4,3,7,8,9
961,2,22,1,8,7,7,5,2,4,3,3,3,4,4,3,4,3,4,4,2,4,3,4,3,6,7,8
962,1,34,2,11,8,8,13,11,5,5,5,5,5,4,5,5,4,4,5,4,3,4,4,4,8,8,8
963,1,24,2,9,11,7,10,11,3,3,4,3,3,4,4,5,5,4,4,6,2,3,3,2,8,6,5
964,2,33,1,7,5,8,8,6,3,3,3,2,3,2,4,5,2,2,4,3,2,1,3,3,4,4,4
965,2,39,1,4,13,10,9,16,5,4,5,6,4,5,4,5,5,5,5,6,5,3,3,3,8,8,9
966,1,27,4,7,8,9,7,4,3,2,1,2,2,2,5,3,3,4,2,4,3,4,3,2,8,6,5
967,1,37,2,18,11,16,11,12,2,2,2,3,3,2,3,2,3,3,4,3,1,3,3,2,6,4,8
968,2,48,4,10,10,3,3,8,3,4,3,3,3,3,5,3,5,5,4,5,1,1,1,2,4,7,7
969,2,37,2,6,10,13,6,13,5,5,5,6,5,5,5,7,7,6,5,4,3,3,3,2,7,7,8
970,2,26,4,12,11,10,11,15,4,3,4,3,4,4,3,4,5,3,4,4,2,3,3,2,5,3,3
971,2,40,3,11,13,7,17,8,3,2,3,4,2,1,3,5,4,4,4,3,3,3,2,3,6,5,4
972,2,21,2,4,13,6,7,3,5,5,5,5,6,5,6,6,7,5,5,6,2,1,1,2,8,8,10
973,1,38,4,12,13,11,12,14,4,3,5,4,4,4,4,5,3,4,5,6,2,1,2,1,4,5,5
974,2,25,2,14,15,11,11,11,4,5,5,5,4,5,4,3,4,2,4,5,4,2,3,3,6,9,5
975,1,26,3,1,6,9,7,6,4,4,3,4,4,4,7,5,6,6,6,4,3,2,4,2,7,7,7
976,2,26,1,12,4,7,8,6,3,2,3,3,3,2,4,3,5,4,5,5,3,2,3,3,7,9,6
977,2,31,1,8,11,7,7,10,5,6,4,5,4,3,5,3,4,5,3,4,2,3,3,3,3,8,5
978,2,25,4,19,19,15,13,20,4,3,4,3,3,3,3,4,3,3,4,5,3,3,2,4,6,4,5
979,2,31,4,6,4,7,3,9,4,5,4,3,3,4,4,3,5,3,4,4,2,1,3,4,7,8,6
980,1,28,1,6,11,14,8,4,2,4,4,4,4,3,4,4,4,4,4,4,3,3,2,3,6,7,4
981,1,27,4,11,9,7,9,9,3,5,2,3,3,4,4,6,4,5,4,5,3,4,4,2,6,6,5
982,1,42,1,6,9,13,7,14,5,5,5,5,4,5,5,5,5,5,2,6,3,2,3,3,4,5,5
983,1,22,3,5,7,6,7,14,2,2,3,1,2,2,3,3,2,2,2,3,2,2,3,4,5,6,4
984,1,31,4,9,12,12,11,8,5,4,4,4,2,4,4,6,5,4,4,4,2,3,4,2,5,4,6
985,2,25,2,9,6,5,3,6,3,2,4,3,4,3,3,3,2,4,5,3,3,3,2,2,5,3,2
986,1,27,1,10,10,5,9,5,2,3,3,3,4,3,5,5,5,7,5,4,2,2,2,3,7,8,7
987,2,26,1,9,10,3,8,6,4,4,3,5,4,4,4,5,5,3,4,3,5,4,4,4,6,6,6
988,2,31,1,10,9,8,9,9,2,4,3,4,3,3,6,3,4,4,4,5,3,5,3,3,6,3,4
989,1,20,3,15,19,18,14,12,3,4,3,4,3,3,4,3,2,5,4,3,3,3,2,3,7,4,4
990,1,18,4,17,17,6,17,12,2,2,2,2,2,2,4,3,3,5,3,4,4,5,4,4,7,6,4
991,2,34,2,2,5,11,5,7,4,3,4,3,4,4,3,4,3,3,3,4,2,2,3,3,8,9,9
992,1,21,3,9,8,9,9,11,3,3,4,2,3,3,4,3,3,2,2,3,4,3,4,3,5,2,2
993,2,31,2,10,11,13,8,11,6,4,4,5,4,4,5,4,4,6,5,4,3,3,3,3,4,7,7
994,1,48,4,16,10,14,7,11,5,3,4,4,4,3,5,6,5,5,6,5,3,2,3,2,1,5,4
995,1,31,3,4,11,8,12,14,3,2,4,3,2,2,3,3,4,3,2,5,3,4,3,3,3,3,5
996,1,25,3,14,16,16,16,18,2,3,2,4,2,3,3,4,4,5,3,3,2,2,3,2,8,9,6
997,2,19,2,11,14,6,9,11,3,4,4,3,3,2,6,5,5,4,4,5,4,3,3,2,3,5,4
998,1,32,1,6,6,10,11,10,3,3,3,3,4,3,5,4,5,5,5,5,3,2,3,2,6,4,6
999,1,21,2,4,7,5,7,7,3,3,5,4,4,5,4,6,5,6,4,3,3,4,5,3,5,7,5
1000,1,22,4,10,10,9,15,7,4,4,4,4,5,3,4,4,4,5,4,6,4,3,5,5,10,7,9
1001,2,42,4,11,7,13,6,11,1,1,1,1,2,1,3,3,2,2,3,4,3,3,2,3,1,5,5
1002,2,32,1,11,8,11,5,12,4,5,5,3,3,4,4,6,4,4,3,4,3,3,2,3,6,4,5
1003,2,21,4,4,15,10,9,11,4,5,4,5,3,4,3,3,3,2,4,5,3,3,5,3,8,5,5
1004,2,28,2,10,9,11,8,10,3,4,4,4,4,3,5,6,5,5,6,4,2,2,4,4,6,6,7
1005,2,48,2,10,9,6,10,8,3,3,3,4,3,3,4,3,4,5,3,3,2,2,2,4,6,6,8
1006,1,29,4,14,12,12,10,12,3,2,2,3,2,2,3,4,3,3,3,3,3,3,3,2,7,4,3
1007,2,28,3,14,4,12,5,6,5,5,5,6,6,4,4,5,4,5,4,4,2,2,2,1,6,4,3
1008,1,24,1,12,5,9,7,7,2,4,3,4,3,3,5,4,4,5,3,6,3,4,3,3,7,6,8
1009,2,31,4,9,20,14,14,10,5,4,5,5,4,5,4,5,5,5,4,6,4,2,2,1,5,4,5
1010,1,37,1,10,7,9,8,7,3,3,3,3,4,3,5,5,6,5,5,3,3,3,3,3,8,7,6
1011,1,41,4,15,20,14,14,16,1,2,1,1,2,1,4,2,4,3,2,3,2,2,2,3,3,4,6
1012,2,32,3,10,10,8,11,10,4,4,4,2,3,3,4,4,4,5,4,4,2,4,3,3,8,6,8
1013,2,50,3,10,9,13,11,9,3,2,2,3,3,4,4,5,4,5,5,5,3,2,4,3,7,7,7
1014,1,35,1,9,9,9,11,9,4,3,3,4,3,3,4,5,4,6,4,5,3,3,4,3,3,4,6
1015,1,31,2,10,7,10,5,16,4,5,3,3,5,3,4,5,5,3,3,5,3,4,4,3,7,4,6
1016,2,50,2,3,9,9,6,7,3,2,3,3,4,4,4,4,5,4,2,4,2,3,4,3,8,9,8
1017,1,35,4,17,13,11,10,10,4,5,4,4,3,4,4,5,4,5,6,4,3,2,2,2,4,6,4
1018,1,30,2,9,10,14,10,9,5,4,5,4,2,5,5,5,5,3,4,3,1,3,3,3,9,7,6
1019,2,23,2,5,11,6,5,10,6,3,5,4,3,5,4,4,5,4,4,5,4,3,3,4,10,7,7
1020,2,34,4,9,12,12,8,12,4,2,3,3,3,4,5,5,5,3,5,5,3,4,3,4,6,7,6
1021,1,21,1,11,11,8,8,13,4,5,3,4,4,4,5,4,5,5,7,5,4,3,4,4,10,9,7
1022,1,23,3,13,17,13,12,10,2,3,3,2,2,4,4,4,3,5,4,4,2,3,2,1,7,5,6
1023,1,52,3,11,9,8,11,14,3,4,3,3,3,3,3,2,4,4,4,3,3,3,4,2,6,7,10
1024,2,23,2,8,12,11,10,13,4,4,4,5,4,5,3,2,3,3,3,4,2,2,2,2,8,9,7
1025,1,18,3,4,10,9,6,8,5,4,4,4,4,3,6,5,5,5,6,6,4,4,3,4,5,9,10
1026,2,44,3,12,7,18,10,13,4,5,4,4,4,5,4,4,3,3,3,4,4,2,2,3,4,7,6
1027,1,27,1,12,8,11,12,11,3,3,2,3,3,2,3,4,4,3,3,4,2,3,3,2,3,5,3
1028,1,35,3,11,14,15,8,14,3,4,4,4,3,4,5,5,5,4,5,4,4,3,3,3,5,5,7
1029,1,23,2,7,8,12,11,14,5,5,4,3,4,5,4,3,4,6,4,4,3,4,4,3,2,7,4
1030,2,29,1,6,2,10,4,9,5,4,4,4,4,5,4,4,4,4,4,3,3,3,3,3,9,6,5
1031,1,22,2,10,7,5,11,7,4,3,2,3,4,3,4,2,4,5,3,4,3,3,2,3,6,5,5
1032,2,26,4,15,12,9,12,9,2,4,3,3,4,3,4,4,6,5,4,5,3,3,3,2,7,5,8
1033,2,36,4,8,12,10,12,7,4,4,4,4,6,5,5,6,6,5,5,7,2,2,2,3,6,9,6
1034,2,30,4,10,11,18,20,16,4,4,3,3,4,3,4,3,3,4,4,6,2,2,3,3,5,7,7
1035,2,27,4,11,9,11,8,11,4,3,3,4,3,3,5,5,6,4,5,5,3,2,3,3,6,9,6
1036,2,21,1,6,4,9,6,5,4,4,3,5,4,5,4,5,4,4,4,6,3,3,4,3,9,10,9
1037,2,22,2,9,7,9,9,13,3,3,4,5,3,5,5,5,4,5,4,4,2,3,3,3,8,8,7
1038,1,31,2,12,16,14,11,13,3,2,2,3,3,3,4,4,5,4,3,6,3,2,2,3,6,7,4
1039,2,41,4,14,18,15,16,17,3,3,3,4,3,4,3,3,2,4,1,4,2,2,3,1,2,6,6
1040,1,32,1,7,9,5,4,4,3,2,5,2,2,2,5,4,3,4,4,4,4,3,4,3,8,9,10
1041,1,38,2,13,9,10,15,8,3,3,3,4,2,3,4,4,3,4,2,2,2,1,1,1,2,2,3
1042,2,30,2,11,9,8,10,18,5,5,3,5,5,4,5,4,5,6,5,6,2,3,4,3,8,8,7
1043,2,41,2,13,6,5,7,6,2,3,3,2,3,2,4,4,5,3,3,3,3,4,4,4,4,3,4
1044,1,34,4,10,14,11,11,13,3,3,2,3,4,3,5,5,2,3,4,5,2,3,3,2,7,7,6
1045,1,33,2,11,9,7,14,15,3,4,5,4,4,3,4,4,4,5,4,4,3,2,3,3,6,5,5
1046,1,40,1,12,7,7,10,8,3,4,4,4,2,5,6,6,5,5,5,5,2,2,2,2,7,6,5
1047,1,38,3,9,5,12,13,9,2,3,1,1,2,4,3,3,3,4,4,4,2,1,2,2,6,3,5
1048,2,19,3,12,13,11,14,11,3,4,3,2,4,4,4,3,4,5,5,5,4,4,4,3,8,9,9
1049,2,40,3,11,8,9,13,9,2,3,2,3,3,2,3,2,4,3,3,4,3,2,2,3,6,5,6
1050,1,22,1,11,10,10,4,9,3,4,3,4,5,3,4,3,4,2,3,2,3,3,4,3,6,6,5
1051,1,40,4,13,17,16,17,19,3,2,4,3,2,3,4,4,3,5,4,4,3,3,3,4,7,8,4
1052,1,43,2,13,12,14,12,8,3,2,3,4,3,3,6,4,5,5,4,4,2,3,4,3,8,4,6
1053,1,27,2,16,13,11,12,13,4,3,3,3,3,4,4,3,3,4,4,2,3,4,2,2,5,4,4
1054,2,32,1,6,10,9,7,11,5,5,4,4,4,2,4,4,3,4,2,5,4,4,3,3,6,8,7
1055,2,33,3,14,13,10,12,18,3,2,1,2,2,3,4,5,6,4,6,5,3,3,4,3,2,3,3
1056,2,34,1,4,2,7,7,5,4,4,5,4,6,3,3,5,5,5,6,5,2,3,3,3,6,5,6
1057,1,38,2,2,6,4,5,8,4,2,3,5,5,4,4,4,4,4,5,4,2,3,2,3,7,6,6
1058,2,34,1,2,5,5,3,4,3,3,4,4,3,4,4,2,4,5,5,4,3,3,3,3,6,6,5
1059,1,28,3,0,8,6,6,3,3,3,4,3,3,3,2,2,3,4,4,3,3,3,2,3,6,5,6
1060,1,35,3,10,7,6,11,6,3,4,4,4,5,3,4,4,5,5,5,5,3,4,4,3,8,6,7
1061,2,43,4,12,11,15,15,13,4,3,3,3,5,3,3,2,3,2,3,2,4,2,3,3,5,6,5
1062,1,26,1,15,16,14,16,10,2,5,2,3,3,2,7,6,5,4,5,5,2,2,2,2,4,7,7
1063,1,45,3,10,12,12,12,11,3,3,3,4,4,4,4,4,3,4,4,3,2,2,1,1,4,3,3
1064,2,27,2,5,6,14,5,11,3,2,3,3,3,3,3,4,5,3,3,3,2,3,3,2,4,7,5
1065,2,22,2,7,6,15,7,11,3,3,3,4,2,3,2,2,3,1,2,3,2,3,2,2,3,4,3
1066,1,35,2,8,10,4,7,11,4,4,3,4,4,5,5,5,6,4,5,4,3,4,3,3,9,8,5
1067,1,35,3,5,9,9,10,4,3,2,3,3,4,3,4,4,5,5,3,4,1,2,2,2,4,3,2
1068,1,38,4,8,9,8,12,12,3,4,3,3,4,1,4,4,4,4,4,5,3,4,4,3,7,4,8
1069,2,42,2,5,9,8,10,2,5,4,5,5,3,5,6,5,5,5,5,4,2,2,4,4,8,8,7
1070,2,27,3,6,4,3,7,4,4,4,3,4,4,5,2,3,2,3,3,3,3,2,3,3,4,7,7
1071,2,35,4,5,9,9,13,10,5,4,5,5,5,4,4,3,4,5,5,4,3,4,5,3,6,8,6
1072,1,38,1,3,10,8,8,9,3,3,2,2,3,2,4,4,4,5,5,5,3,5,4,4,7,8,7
1073,1,28,4,14,16,8,12,17,4,3,4,5,4,4,4,5,4,5,5,5,3,3,4,3,7,6,6
1074,2,36,2,18,18,20,12,13,3,4,5,4,2,4,3,4,6,3,4,3,2,2,4,2,7,5,4
1075,2,32,2,10,12,8,9,6,6,4,6,4,5,4,4,5,4,4,4,5,4,4,3,3,5,6,3
1076,2,30,4,12,14,16,10,7,3,3,3,3,4,4,5,5,4,5,4,4,2,3,3,2,4,6,3
1077,1,25,2,13,6,15,13,4,4,3,5,3,3,4,3,3,4,3,4,4,3,4,2,2,10,8,8
1078,2,38,3,9,7,12,5,7,6,6,5,6,5,6,4,5,4,2,3,4,3,3,2,3,8,8,7
1079,1,29,1,3,3,2,2,9,4,4,4,4,4,4,4,5,5,5,6,6,2,2,2,3,4,5,3
1080,2,39,3,10,11,12,9,7,3,3,3,3,4,4,3,2,3,3,3,4,3,3,3,3,5,6,5
1081,2,25,3,11,8,14,5,11,3,4,3,3,2,4,3,3,4,3,4,3,4,4,4,4,5,5,8
1082,1,30,4,10,11,9,8,9,3,3,4,4,2,3,5,7,5,5,5,5,2,3,2,2,10,9,10
1083,2,24,3,15,10,13,14,17,4,3,4,3,3,4,5,2,4,4,5,3,4,3,4,3,4,6,5
1084,1,21,1,9,12,5,11,8,3,3,3,2,3,2,4,2,2,3,3,4,4,3,2,4,7,6,5
1085,1,27,1,8,10,13,6,8,3,4,5,5,3,2,4,5,5,4,6,4,3,3,2,3,7,6,6
1086,1,39,1,11,0,4,4,2,4,2,4,5,3,3,5,5,5,5,5,7,4,3,4,3,10,10,10
1087,1,31,4,12,14,19,13,10,4,4,4,4,3,3,4,4,4,3,3,4,3,3,3,3,8,3,5
1088,2,25,2,12,16,12,13,8,3,4,3,5,4,4,5,4,3,4,4,2,2,3,4,3,6,7,6
1089,1,46,1,3,13,3,3,8,4,4,4,4,4,3,6,5,6,6,6,4,2,3,3,3,10,8,9
1090,1,20,2,6,7,7,10,8,3,3,2,3,2,2,3,2,3,3,5,3,4,3,3,2,4,5,7
1091,2,41,3,12,11,15,13,15,5,3,2,4,3,3,4,5,5,5,5,3,3,2,1,1,8,5,5
1092,1,34,4,11,5,13,9,7,3,3,5,4,4,5,6,5,5,4,3,5,4,4,4,4,5,5,4
1093,2,21,1,11,14,7,10,11,2,4,3,3,3,4,3,2,2,3,2,3,2,3,3,4,5,6,6
1094,2,30,3,14,9,8,12,10,3,4,4,4,4,5,5,4,3,4,5,3,4,3,4,2,4,4,7
1095,2,28,1,12,4,11,9,10,4,3,3,4,3,3,3,3,5,3,3,4,3,2,3,1,5,5,8
1096,1,39,4,13,12,10,12,5,3,4,4,3,3,3,5,3,4,6,5,4,2,2,3,2,5,6,7
1097,2,34,4,14,14,9,8,13,4,4,5,5,3,4,4,4,5,2,5,3,3,4,4,3,4,5,5
1098,2,38,4,10,7,8,8,10,3,3,4,4,4,4,4,4,4,4,3,3,2,2,2,2,4,6,8
1099,1,27,2,10,10,8,11,15,4,5,4,4,4,4,4,4,4,5,5,3,3,3,3,2,7,7,6
1100,1,40,2,13,14,14,14,14,3,2,3,2,2,1,4,4,6,5,7,5,3,3,1,2,5,4,7
1101,2,30,1,9,9,12,12,7,4,3,4,3,4,3,3,2,3,3,3,3,3,4,2,3,5,2,4
1102,2,34,1,4,2,7,13,0,2,3,3,2,3,3,3,3,3,3,3,4,4,3,3,3,4,5,3
1103,2,30,1,10,10,5,8,11,1,4,4,3,3,3,6,5,3,4,4,5,3,3,2,3,5,5,4
1104,2,40,1,16,10,13,17,15,1,2,2,3,3,3,3,3,5,5,3,2,5,5,4,4,3,5,5
1105,2,43,4,13,18,16,18,20,3,3,4,2,4,3,4,3,3,3,3,3,2,2,2,3,4,4,2
1106,1,22,4,19,16,15,17,20,5,4,4,4,3,4,2,4,2,5,3,4,2,3,3,3,5,8,9
1107,2,33,3,12,3,1,9,6,2,1,2,4,4,4,2,3,1,3,2,3,3,2,4,2,6,5,6
1108,1,27,3,13,13,10,7,9,4,4,4,3,4,4,6,5,4,4,6,4,4,4,4,3,8,7,4
1109,2,35,2,9,10,10,8,9,5,4,3,5,4,3,5,5,4,4,6,4,4,4,4,4,7,6,4
1110,2,32,3,7,12,8,7,7,5,5,4,4,4,5,3,4,5,5,3,4,2,4,2,3,6,6,8
1111,2,37,4,10,13,12,11,11,4,5,4,4,4,3,4,5,4,4,7,4,3,2,1,1,5,4,6
1112,1,42,1,7,6,8,9,2,2,4,4,3,3,3,4,4,4,5,6,4,3,4,3,4,5,8,6
1113,2,34,1,5,8,9,9,6,4,4,4,3,4,4,3,1,1,3,3,3,2,2,4,3,4,5,6
1114,2,24,1,6,11,8,10,7,2,4,4,3,5,3,5,3,4,5,5,3,3,3,2,3,8,7,6
1115,2,35,2,9,3,6,12,5,4,5,4,5,6,5,5,5,5,6,6,4,5,3,4,4,7,7,7
1116,2,31,1,11,15,11,12,9,4,3,3,4,4,3,4,5,4,4,4,5,2,4,2,2,2,4,4
1117,1,26,3,16,13,12,10,8,3,3,4,2,3,3,4,5,5,3,3,2,3,3,2,2,6,5,4
1118,1,34,1,9,12,13,3,8,6,5,5,4,6,4,5,4,4,5,4,4,2,3,4,3,8,9,8
1119,1,23,4,12,4,5,11,10,4,3,3,3,4,3,5,5,6,4,6,3,2,2,1,2,7,6,5
1120,1,41,2,12,10,14,10,9,5,3,2,5,3,3,2,2,3,4,3,3,2,3,3,3,4,4,4
1121,2,39,3,15,14,11,16,14,3,3,4,4,4,3,3,3,2,3,3,3,3,2,2,3,2,4,2
1122,2,30,3,7,10,7,8,10,3,4,4,4,4,4,6,6,5,5,3,4,2,2,2,2,7,8,9
1123,2,33,3,11,16,18,15,11,2,3,3,3,4,4,5,5,5,5,4,6,3,3,4,3,10,8,5
1124,2,37,1,11,5,6,8,7,3,3,4,4,3,3,3,4,3,4,4,4,3,3,3,3,6,7,5
1125,2,34,2,9,8,12,9,13,3,3,3,5,4,3,4,4,3,2,4,4,2,3,4,3,3,4,4
1126,1,26,1,5,3,6,4,9,1,3,3,3,4,3,3,4,4,5,4,3,2,3,3,3,6,7,5
1127,1,31,4,11,15,11,13,9,3,4,3,5,4,3,4,3,3,4,2,2,3,3,3,3,4,4,6
1128,1,26,2,6,11,7,8,7,3,2,4,3,3,2,4,4,4,5,4,5,2,1,3,2,4,5,6
1129,1,26,4,14,18,13,13,17,3,3,1,3,4,3,3,3,3,4,3,2,3,1,2,3,5,5,4
1130,1,25,3,11,11,10,11,14,4,3,4,3,2,4,3,3,4,2,3,3,3,3,3,3,4,5,5
1131,1,35,3,7,9,13,11,11,3,3,2,2,4,4,5,5,4,6,4,4,4,5,3,4,5,7,7
1132,2,28,2,3,6,10,8,13,4,5,4,4,3,5,4,4,4,4,5,5,2,2,3,3,7,8,7
1133,1,24,3,11,11,12,13,14,2,3,3,4,3,3,3,4,3,5,4,3,3,4,3,3,8,7,4
1134,1,40,2,11,7,9,8,7,4,4,4,4,3,3,5,4,6,4,4,4,3,3,3,2,3,4,4
1135,2,28,4,12,18,14,15,14,5,4,4,4,4,4,4,4,4,4,4,5,3,4,3,2,7,6,7
1136,1,29,4,6,9,11,10,12,3,6,5,4,4,4,4,4,4,4,4,4,4,4,3,4,6,7,9
1137,2,34,4,16,13,15,12,14,2,3,3,3,4,2,4,4,4,4,5,5,2,1,2,3,7,6,7
1138,1,29,2,5,8,14,6,6,3,3,2,2,3,3,6,2,4,5,4,5,3,3,3,3,6,6,3
1139,1,21,3,6,9,11,10,9,3,5,3,6,4,5,5,6,7,5,6,4,4,4,4,4,7,8,8
1140,1,40,4,13,16,13,17,19,1,2,3,2,2,2,6,5,5,5,6,5,3,3,3,4,6,5,4
1141,2,48,1,6,12,11,12,7,4,3,4,4,4,4,2,2,2,3,2,4,3,3,3,4,1,3,2
1142,2,39,1,9,10,12,6,10,5,4,4,5,5,4,7,7,7,6,5,6,4,4,3,4,9,8,8
1143,2,28,2,11,7,9,9,3,3,3,3,4,4,3,3,4,3,2,4,4,3,4,4,3,3,3,5
1144,2,28,2,8,8,10,10,11,3,4,3,3,4,3,6,5,4,3,6,5,4,4,4,4,9,7,8
1145,1,34,2,10,5,6,12,8,4,3,3,4,4,4,3,2,3,3,3,2,3,3,3,3,3,6,6
1146,2,24,3,10,7,10,9,6,3,3,3,3,3,4,5,4,4,4,5,4,2,2,3,3,8,8,6
1147,2,34,4,9,9,10,17,10,2,3,3,4,3,4,4,3,2,4,5,3,3,4,4,3,5,5,9
1148,2,32,4,12,14,10,13,7,5,4,5,3,5,3,6,5,5,5,4,5,3,3,3,2,8,7,8
1149,1,39,2,4,10,9,7,9,4,4,4,3,4,3,3,3,4,4,6,4,4,4,3,4,5,6,7
1150,1,38,3,12,10,10,7,12,2,4,3,4,3,2,5,4,4,5,4,4,4,5,3,3,4,5,4
1151,2,50,2,2,6,8,3,6,4,4,4,4,3,3,3,5,4,3,3,4,3,3,3,3,3,4,5
1152,2,35,1,13,6,11,13,8,4,3,3,4,2,3,3,4,4,4,4,4,3,2,2,3,4,3,5
1153,1,30,4,15,15,16,14,11,2,2,4,4,5,5,6,6,6,6,6,5,3,2,2,1,10,9,10
1154,1,19,4,12,11,11,13,7,4,3,3,3,2,2,4,5,5,5,5,3,3,2,3,2,6,6,7
1155,1,25,1,11,4,6,9,3,5,4,2,5,4,3,4,4,3,4,5,3,4,4,3,4,7,7,8
1156,2,28,1,16,11,12,15,15,4,4,4,5,4,4,3,2,2,3,2,4,3,3,4,5,5,8,6
1157,2,29,4,7,9,11,6,8,5,5,5,3,4,3,4,4,4,4,4,4,2,2,3,2,8,7,8
1158,2,37,4,9,5,8,5,6,3,3,2,4,3,3,5,4,5,6,4,4,3,3,3,3,8,6,5
1159,1,25,3,12,7,4,8,10,5,3,5,4,4,5,4,5,4,5,5,5,3,3,1,3,7,7,8
1160,2,46,4,5,6,7,3,7,4,4,4,4,3,3,5,3,4,4,4,3,3,2,3,2,3,7,8
1161,1,39,4,15,12,19,17,16,2,2,3,3,3,2,3,2,2,2,2,3,4,4,4,5,6,5,4
1162,2,38,3,5,11,8,9,8,2,2,1,3,2,2,4,3,4,4,3,5,3,3,2,3,10,7,6
1163,2,27,3,11,11,10,13,13,3,3,4,3,4,3,3,4,4,4,4,2,5,3,2,3,6,6,7
1164,2,41,2,12,12,15,8,9,3,3,3,2,3,3,1,3,5,3,2,2,3,3,5,3,3,6,3
1165,1,27,1,10,15,10,7,9,2,2,2,1,2,1,5,5,4,5,3,4,2,1,1,1,3,4,3
1166,2,45,3,13,9,12,11,7,4,3,3,4,4,4,6,4,6,6,4,5,3,4,2,4,4,7,6
1167,1,27,2,12,6,11,11,6,1,2,2,3,2,3,3,3,4,4,3,4,3,3,3,4,1,4,3
1168,1,33,3,14,3,5,10,4,4,5,4,5,3,2,5,6,6,5,4,5,3,3,3,3,8,7,7
1169,1,27,1,11,4,14,14,8,5,4,4,3,3,3,3,4,3,4,4,4,4,3,4,4,7,6,8
1170,2,39,1,14,11,13,17,13,3,4,1,4,2,3,2,1,2,3,2,1,3,3,4,3,6,3,1
1171,2,45,1,6,11,10,11,6,4,3,4,3,3,3,4,4,4,5,5,4,4,5,5,5,6,3,5
1172,1,25,1,6,9,13,10,10,4,3,4,4,3,4,4,4,3,4,3,4,3,3,3,3,3,6,3
1173,1,32,1,13,6,4,12,9,4,4,3,4,3,4,4,4,5,4,4,5,3,2,2,3,5,6,7
1174,2,28,3,15,10,13,14,13,3,3,3,3,3,3,5,4,6,3,3,5,2,2,3,4,6,4,4
1175,1,41,4,13,19,17,17,15,3,3,3,3,4,3,4,3,4,4,4,3,3,4,3,3,4,3,6
1176,2,34,4,19,17,10,15,16,3,4,4,4,4,3,3,4,4,3,3,5,4,2,2,2,2,6,3
1177,1,36,2,12,15,3,13,8,3,4,2,4,3,4,4,4,4,5,5,5,3,3,2,2,5,5,6
1178,2,38,1,4,5,7,13,14,2,2,3,4,4,4,3,3,2,4,3,4,3,3,3,3,6,6,5
1179,1,25,1,12,10,7,5,15,2,2,2,2,2,3,4,6,4,4,4,5,3,3,3,2,4,6,6
1180,1,32,2,9,14,14,10,10,3,3,2,2,3,4,5,4,5,3,6,4,3,3,4,3,6,7,6
1181,1,40,3,11,9,12,12,7,3,2,3,3,4,2,4,4,4,4,4,3,2,3,2,2,2,5,5
1182,2,31,1,10,6,11,14,14,4,4,5,4,4,4,3,3,4,5,3,4,2,2,2,3,7,6,6
1183,2,22,1,10,10,8,10,9,3,5,5,4,5,4,4,4,3,5,5,3,1,2,2,2,5,7,3
1184,2,32,2,16,9,17,14,11,3,4,3,4,4,4,5,5,6,6,5,6,5,4,3,3,8,7,6
1185,2,32,3,8,6,7,14,8,3,4,4,4,4,5,5,6,4,4,5,5,3,3,2,3,7,7,9
1186,1,27,4,13,14,15,12,13,4,3,4,3,3,4,4,5,4,6,6,6,2,3,3,3,5,6,7
1187,2,23,1,9,10,7,13,3,2,1,3,2,1,1,4,4,3,4,4,4,4,4,4,3,5,3,1
1188,2,20,1,1,2,3,8,8,5,6,4,5,5,4,5,5,7,6,7,7,2,4,3,4,7,9,7
1189,2,28,2,7,6,0,4,2,3,4,3,3,4,2,3,3,4,3,4,3,5,5,4,5,5,7,6
1190,1,30,1,10,13,8,5,12,3,3,4,4,4,4,4,4,4,5,4,5,3,2,2,3,3,5,7
1191,2,31,4,13,11,16,13,15,4,5,4,4,4,5,3,4,4,4,4,4,4,4,2,4,8,8,8
1192,2,32,2,11,11,10,12,9,2,2,2,2,3,3,2,5,3,2,2,3,2,3,1,2,3,3,5
1193,1,32,3,8,7,8,4,6,3,3,5,5,4,4,4,4,5,3,4,5,2,2,2,2,7,5,5
1194,2,27,3,13,14,10,11,9,2,2,3,3,2,1,2,1,3,1,1,3,3,3,3,3,3,4,3
1195,2,24,3,16,20,9,14,19,4,3,4,3,3,3,4,2,4,4,3,3,3,5,2,4,3,5,3
1196,1,30,3,8,3,11,13,9,4,3,3,3,4,4,5,5,6,5,5,6,4,3,3,5,7,9,6
1197,1,27,3,9,14,9,15,10,4,3,2,3,4,3,6,5,4,4,4,4,2,2,3,2,9,7,6
1198,1,20,2,6,12,6,8,12,3,2,3,3,2,2,5,4,4,6,5,5,4,4,4,5,6,5,6
1199,2,46,1,9,12,11,8,9,4,4,4,4,4,3,5,4,4,4,4,4,4,3,3,2,8,8,9
1200,1,28,3,15,12,15,16,19,3,3,4,5,3,3,4,3,3,5,5,4,3,2,3,4,4,3,2
1201,2,39,2,8,7,7,7,8,2,2,5,3,4,4,3,4,4,6,5,4,4,3,3,4,9,5,8
1202,2,38,3,10,12,15,11,9,3,3,5,4,3,2,5,3,5,3,5,3,2,3,2,3,5,4,6
1203,1,25,1,8,12,13,12,7,2,3,3,4,4,4,4,2,3,3,3,3,2,3,2,1,2,3,5
1204,1,44,1,12,9,8,5,4,2,2,1,3,2,4,3,2,5,5,3,3,2,3,3,3,6,7,6
1205,1,26,2,1,8,10,1,3,3,5,3,3,4,5,4,5,4,5,5,5,4,4,4,4,5,5,6
1206,1,34,2,8,8,6,10,11,3,2,5,3,4,4,5,3,4,3,4,2,3,3,3,2,6,7,8
1207,1,30,3,11,9,9,8,10,3,4,3,4,3,5,4,3,3,3,4,3,3,3,5,4,7,8,8
1208,2,22,4,4,8,0,12,10,3,3,5,4,3,3,4,5,4,2,3,2,3,5,5,4,3,4,7
1209,1,35,2,8,13,5,7,8,4,5,4,6,5,4,6,5,5,5,5,5,3,3,4,4,6,8,9
1210,1,21,4,11,13,10,13,12,3,4,4,5,4,4,4,5,5,5,4,5,2,3,2,3,9,7,7
1211,2,41,3,14,17,9,12,11,3,2,3,3,4,3,5,2,4,3,3,4,3,3,2,3,6,6,8
1212,1,22,3,9,12,11,13,12,5,4,4,4,4,4,3,4,3,6,6,5,3,2,2,2,6,5,5
1213,2,47,3,6,7,9,4,6,4,3,4,5,3,4,4,6,5,5,4,6,3,3,2,3,7,9,7
1214,1,26,1,6,7,8,5,6,4,5,4,3,4,4,5,5,5,6,5,4,3,2,3,3,5,6,4
1215,1,45,3,8,9,11,11,15,5,4,6,4,5,4,6,5,6,7,5,5,4,5,4,5,10,10,10
1216,2,32,1,4,6,6,8,9,4,4,4,5,4,5,4,4,5,4,3,5,3,3,4,4,5,7,6
1217,1,31,4,12,12,13,11,12,3,3,3,3,5,2,4,5,4,2,2,3,3,3,2,3,3,5,5
1218,2,24,3,14,15,13,13,10,4,4,3,4,3,2,3,3,1,2,3,2,3,3,3,3,6,7,6
1219,1,41,3,9,11,4,10,11,4,4,4,3,4,3,4,4,5,4,4,5,3,3,3,3,6,7,9
1220,2,29,4,9,12,6,12,9,4,3,3,1,2,3,4,5,4,4,4,4,2,3,3,3,6,4,8
1221,2,29,2,11,11,15,10,9,4,4,4,3,5,4,3,3,2,3,3,4,4,3,3,4,6,6,5
1222,2,32,3,7,5,10,17,14,3,4,3,3,3,3,4,3,4,5,4,4,3,3,4,2,4,4,7
1223,2,42,2,13,7,7,6,8,3,4,3,3,1,3,4,3,3,3,2,5,2,2,1,2,2,2,3
1224,2,24,4,14,15,16,16,10,3,2,3,2,3,3,2,4,3,3,2,4,2,2,3,3,6,7,8
1225,1,35,1,7,7,9,8,6,3,2,2,4,4,3,3,5,4,4,4,4,3,2,3,4,8,6,6
1226,2,26,3,8,12,16,14,16,3,3,2,3,4,4,3,3,3,4,3,3,3,4,3,4,7,3,6
1227,2,29,1,10,8,7,2,7,4,3,3,3,3,4,4,3,4,5,3,4,3,4,3,4,4,4,2
1228,2,26,1,6,6,12,8,9,3,3,3,4,3,4,4,4,4,3,2,3,3,4,4,4,7,8,7
1229,2,28,2,6,9,9,3,16,4,4,4,3,3,4,3,5,3,4,4,2,2,2,2,2,8,7,5
1230,1,24,2,5,7,9,11,9,3,3,3,1,4,2,4,5,4,5,3,6,3,2,3,3,6,8,6
1231,2,34,2,4,8,6,6,10,5,4,4,3,3,3,4,1,3,2,1,3,3,4,2,3,5,5,4
1232,2,48,2,10,10,10,12,8,4,3,4,3,3,4,3,3,3,3,4,5,2,4,3,3,7,3,8
1233,1,32,1,12,17,13,11,14,3,2,3,4,4,3,4,4,4,4,4,4,3,3,2,3,5,6,6
1234,1,38,3,7,9,2,5,0,3,3,4,2,3,4,4,4,4,2,4,3,3,3,2,3,6,7,6
1235,2,23,2,13,8,15,10,10,3,1,2,1,2,2,2,4,4,4,3,3,4,3,4,3,7,9,6
1236,2,25,1,10,5,7,14,9,4,3,4,3,3,3,4,4,6,5,6,4,5,2,4,4,10,8,9
1237,1,30,1,8,6,9,3,8,3,4,4,5,3,3,3,3,5,5,2,5,4,3,4,4,6,5,8
1238,1,29,4,7,7,10,16,16,3,2,2,2,3,3,3,3,5,4,5,3,3,3,3,3,4,4,4
1239,1,23,1,5,7,11,14,11,5,3,2,2,4,3,4,4,3,3,5,5,4,3,4,4,4,3,4
1240,2,38,3,11,10,15,10,16,2,3,4,2,2,2,3,1,3,3,3,3,2,2,2,2,4,8,6
1241,2,27,1,13,10,3,12,15,5,4,4,4,2,4,4,3,5,3,3,4,3,3,3,4,5,7,5
1242,1,22,3,2,7,7,5,6,4,2,3,3,4,3,4,4,3,4,4,2,3,4,3,3,5,5,5
1243,2,42,3,12,13,12,9,7,3,4,3,4,4,3,5,4,6,5,5,6,4,3,4,3,9,10,9
1244,1,33,4,13,11,11,13,8,3,4,3,4,2,4,4,5,3,4,3,4,2,3,1,2,3,5,6
1245,1,20,3,6,8,10,13,6,3,2,3,4,3,3,4,5,6,4,4,4,2,3,4,4,5,3,5
1246,2,37,3,9,11,9,9,8,5,4,5,5,4,5,4,5,4,3,5,4,3,2,4,2,8,9,8
1247,2,21,1,7,5,10,10,8,3,4,4,4,5,4,4,3,2,3,3,4,2,4,3,4,6,7,5
1248,2,24,3,16,10,10,12,11,4,4,4,3,3,4,4,5,4,3,5,3,1,3,2,2,5,4,3
1249,2,32,2,16,10,8,15,6,3,4,4,3,2,3,4,5,4,5,5,4,3,3,3,3,7,8,9
1250,1,37,4,11,8,13,15,10,4,3,4,3,3,3,5,4,4,4,3,4,3,4,3,4,8,9,8
1251,1,31,3,9,7,10,9,12,4,4,5,3,6,4,5,5,5,6,4,6,3,2,4,3,7,6,7
1252,1,33,2,10,5,8,9,8,4,5,5,6,5,4,4,3,4,4,4,4,3,3,3,4,10,8,9
1253,1,26,1,5,6,8,3,9,3,3,3,3,4,4,5,3,5,5,5,3,3,4,3,4,4,4,4
1254,1,21,1,6,6,10,12,12,5,4,4,4,4,3,4,4,5,3,3,4,4,5,4,3,6,9,6
1255,1,19,2,6,11,9,5,9,4,4,4,3,4,3,6,5,5,4,4,5,3,4,3,4,10,10,7
1256,1,24,2,10,14,16,12,15,3,4,3,3,4,4,5,4,3,3,4,5,1,2,2,3,7,6,6
1257,2,42,4,9,10,11,15,13,3,3,2,3,4,2,5,5,4,3,4,6,3,1,3,2,5,5,3
1258,2,40,3,11,6,13,11,10,2,2,2,4,2,2,4,5,4,3,3,4,2,3,4,3,3,4,5
1259,2,26,4,9,17,7,15,13,3,3,4,3,3,3,5,3,4,2,4,4,4,3,3,3,6,5,5
1260,2,48,4,14,12,14,17,11,4,2,3,3,3,4,4,6,5,3,3,5,4,4,4,4,5,4,6
1261,2,42,3,15,10,10,10,12,3,4,4,3,3,4,3,3,4,4,4,4,4,4,3,3,5,5,5
1262,1,35,4,13,12,13,15,14,3,3,3,4,3,3,4,6,5,5,5,6,3,4,3,3,3,3,4
1263,1,35,3,16,11,10,15,9,2,2,3,3,4,2,2,2,5,5,4,3,4,3,3,4,7,6,7
1264,1,21,3,9,13,10,12,5,2,2,1,2,2,2,4,4,4,5,5,3,2,2,2,2,5,6,5
1265,2,42,1,9,8,3,9,7,4,4,4,6,4,5,3,4,4,4,3,5,4,5,3,4,10,10,8
1266,1,40,1,17,9,15,9,12,2,4,3,2,4,1,4,2,4,3,3,4,2,3,3,3,3,4,5
1267,1,37,2,10,12,8,6,12,3,3,2,3,2,2,4,4,4,4,4,4,2,2,3,4,6,5,8
1268,2,36,3,10,14,5,8,9,3,3,4,4,5,4,2,3,3,3,3,2,3,2,2,3,4,4,6
1269,1,41,1,12,12,10,7,5,2,3,3,3,4,4,6,5,5,4,3,3,3,2,3,3,5,6,7
1270,2,27,2,7,1,7,5,8,4,5,4,4,5,4,4,4,4,3,4,4,3,2,1,2,6,4,8
1271,2,25,3,6,5,2,2,5,3,4,3,4,3,3,4,4,5,3,5,3,3,4,3,4,6,6,4
1272,1,24,3,12,11,15,16,13,2,2,2,1,3,3,4,4,4,4,4,4,3,3,2,3,7,6,3
1273,2,31,1,4,7,12,7,8,3,2,3,4,3,4,4,2,3,4,3,3,4,4,4,4,3,6,6
1274,2,38,4,11,15,16,9,12,3,1,2,3,4,5,4,2,2,3,3,4,3,3,3,2,4,3,4
1275,1,29,4,8,5,8,8,12,4,3,4,4,5,3,3,5,4,4,2,3,3,1,2,2,7,4,6
1276,2,44,4,13,8,12,11,11,4,4,4,3,4,5,4,4,3,3,4,4,3,2,3,3,1,3,3
1277,2,41,1,10,6,7,7,8,3,5,3,3,4,3,5,6,5,5,4,3,2,1,2,2,7,7,9
1278,2,24,3,11,8,11,15,12,5,3,4,4,4,4,3,3,5,3,3,3,5,3,4,3,7,8,6
1279,1,31,3,11,11,11,9,11,5,6,5,4,5,4,6,5,7,7,6,6,3,4,5,3,10,10,6
1280,1,22,3,6,11,13,12,11,4,5,4,4,3,4,4,4,3,3,2,3,3,2,2,2,5,6,5
1281,2,34,3,11,14,12,11,17,4,5,4,4,3,5,6,5,4,4,5,3,3,2,2,2,6,6,4
1282,1,18,3,13,13,16,20,16,3,3,2,4,3,3,6,5,5,5,7,5,3,2,3,2,6,6,4
1283,2,36,4,8,4,10,6,10,4,4,3,5,4,5,3,3,3,3,3,3,2,3,2,3,2,2,4
1284,1,22,3,8,9,12,6,9,4,3,4,3,5,3,5,5,3,4,5,6,3,4,3,5,4,3,5
1285,1,37,4,12,9,13,12,13,6,5,5,5,4,4,7,6,6,6,5,4,2,1,3,3,8,8,6
1286,1,30,3,8,8,6,9,8,4,4,1,4,3,3,6,4,6,5,7,5,4,4,4,2,5,5,7
1287,1,38,1,5,4,11,6,7,2,3,4,3,3,3,4,5,4,3,5,3,4,3,4,4,8,8,5
1288,1,33,2,13,9,13,14,15,5,3,3,3,3,3,4,4,4,4,5,5,3,3,3,2,5,4,5
1289,2,25,4,12,6,12,11,11,5,4,4,4,4,4,4,4,4,5,3,4,3,2,2,2,6,5,7
1290,1,29,4,8,14,12,13,13,3,3,3,2,4,5,4,5,5,6,4,4,3,5,4,3,7,6,6
1291,1,29,3,8,8,10,3,3,4,4,4,4,5,4,6,4,5,4,3,5,3,4,5,3,9,9,10
1292,1,25,3,10,8,11,2,4,4,5,3,3,4,4,5,5,4,4,4,5,3,2,2,3,4,4,5
1293,2,26,1,4,10,9,6,6,5,5,5,5,5,4,5,5,5,3,5,5,3,2,2,3,6,7,9
1294,1,41,4,15,9,18,15,13,2,3,2,4,4,3,3,4,2,3,3,4,3,4,4,3,2,2,4
1295,2,39,1,17,13,9,10,15,4,4,4,4,5,3,4,4,5,3,3,4,3,3,3,3,8,8,5
1296,1,23,4,11,10,12,12,11,3,3,2,4,4,5,4,4,3,5,3,3,3,3,3,3,3,4,5
1297,2,18,4,9,10,8,9,7,5,5,4,5,4,5,6,5,5,5,6,6,3,3,3,4,6,7,9
1298,2,23,2,5,6,9,5,8,4,4,4,4,4,4,3,3,4,4,2,3,4,3,5,4,8,8,7
1299,1,47,4,15,16,9,14,14,3,5,4,3,4,6,5,6,5,5,4,4,2,2,2,2,7,7,6
1300,1,28,4,16,11,13,15,19,3,3,4,3,3,3,1,3,4,3,2,2,3,3,3,3,4,5,3
1301,1,22,1,12,3,9,6,14,6,5,4,4,5,5,4,3,4,4,3,3,4,4,4,3,7,8,8
1302,2,39,4,11,8,13,15,9,3,4,3,5,4,3,6,5,5,5,6,5,2,2,3,3,5,5,5
1303,2,29,1,9,14,11,11,7,2,3,3,3,3,3,2,4,2,3,3,3,4,2,3,3,5,6,6
1304,1,39,4,18,12,13,17,12,2,2,2,2,2,2,2,4,2,2,3,2,4,4,4,4,3,5,7
1305,2,33,4,6,10,6,11,10,4,3,3,2,3,3,4,4,4,4,4,4,4,2,5,4,7,4,5
1306,1,41,2,11,6,11,11,10,4,5,3,5,4,5,4,4,4,4,4,4,3,3,3,3,5,8,7
1307,1,31,1,14,14,8,5,8,3,3,3,4,3,3,3,3,3,4,2,3,4,4,3,3,8,6,4
1308,2,28,4,12,7,12,10,14,3,3,4,2,2,3,3,3,3,4,3,5,3,2,2,3,5,4,5
1309,1,23,2,5,6,8,4,6,2,3,3,3,4,3,5,6,6,6,6,7,3,4,3,4,7,8,6
1310,1,24,3,16,13,11,7,10,4,5,2,4,2,3,3,5,5,4,4,5,3,2,3,3,6,7,6
1311,1,30,3,2,8,10,6,9,3,3,3,3,4,4,5,3,6,4,4,2,1,1,2,1,6,5,6
1312,1,44,3,15,10,13,8,10,4,3,4,3,3,4,4,4,3,4,3,3,3,2,4,2,2,6,3
1313,2,23,3,6,14,11,12,8,6,5,5,4,5,5,5,4,5,5,5,5,3,4,3,4,4,5,6
1314,2,27,1,8,9,8,14,9,4,5,5,5,4,3,4,4,5,3,5,4,2,1,2,2,3,4,4
1315,2,23,3,12,11,13,20,12,1,4,2,2,3,3,2,3,5,4,4,4,4,4,4,4,5,6,7
1316,2,27,1,10,9,5,14,6,4,3,3,5,4,5,4,2,3,5,3,2,3,4,4,4,5,4,4
1317,2,20,3,6,16,9,4,13,2,4,5,5,4,3,3,3,3,5,4,4,3,3,2,2,2,6,3
1318,1,29,2,9,7,11,9,3,5,4,4,4,3,3,6,5,4,5,5,4,3,3,3,3,5,7,8
1319,2,43,1,9,8,16,8,3,2,2,2,2,2,2,3,3,4,3,4,5,2,1,3,1,6,8,5
1320,2,24,2,6,6,13,9,7,4,3,3,5,5,4,5,3,4,4,4,4,2,3,2,2,6,7,6
1321,2,35,1,11,3,10,7,11,2,4,4,3,3,3,4,5,4,4,5,4,2,3,2,4,8,6,5
1322,1,44,3,16,14,9,12,14,3,3,4,3,3,2,5,4,4,3,5,5,2,2,3,2,5,5,6
1323,2,35,3,10,16,13,13,16,4,4,3,4,4,3,5,5,4,4,4,5,2,3,3,3,4,6,4
1324,2,29,3,10,11,14,8,13,4,6,4,5,5,5,3,5,3,3,4,3,3,3,3,2,4,6,5
1325,2,20,2,2,10,6,9,10,3,3,3,4,3,3,4,5,4,4,4,3,3,4,3,4,6,7,5
1326,2,41,1,8,12,16,13,9,2,3,3,2,3,4,3,4,4,3,5,3,3,3,2,2,5,3,4
1327,2,30,4,11,16,14,15,12,4,3,4,4,3,4,6,4,4,4,4,5,3,2,3,2,6,3,7
1328,2,28,4,14,15,17,13,15,3,3,4,3,3,2,4,4,3,5,3,4,3,2,4,3,5,4,4
1329,1,27,4,6,5,10,10,9,4,6,4,6,5,6,5,4,7,5,6,6,3,4,3,4,8,7,7
1330,2,21,4,8,11,12,14,13,2,4,2,4,4,4,3,4,4,4,4,3,3,2,4,2,5,7,4
1331,2,46,1,10,5,11,8,8,3,4,5,3,3,3,4,6,4,3,4,4,4,3,3,2,6,7,4
1332,2,27,1,4,6,14,6,4,3,3,3,4,2,2,4,4,4,2,4,4,2,3,1,3,6,7,6
1333,2,26,3,15,16,19,16,17,3,3,3,3,4,3,3,3,4,5,3,5,3,4,4,4,5,7,5
1334,1,49,4,10,13,9,5,15,4,3,2,2,2,3,4,3,4,5,2,3,3,4,3,2,5,7,7
1335,2,28,4,14,11,19,19,20,3,3,3,2,2,3,3,4,3,4,2,2,2,2,3,2,7,2,3
1336,1,24,4,12,10,10,4,12,4,4,5,3,3,4,3,3,3,3,5,4,4,2,3,2,5,7,5
1337,1,37,4,15,14,10,12,17,5,4,4,5,4,4,4,4,3,3,6,4,2,2,2,1,6,6,4
1338,1,19,2,15,20,18,16,16,1,2,3,1,3,1,4,3,3,4,4,4,3,3,3,4,5,5,5
1339,1,27,1,6,8,10,10,3,3,4,4,5,3,4,5,4,4,5,3,4,4,3,4,4,3,5,6
1340,2,37,2,11,12,11,14,14,2,3,3,2,3,3,5,4,4,4,3,4,3,4,3,3,5,4,6
1341,2,36,3,15,14,16,17,15,5,3,3,3,4,4,2,3,3,4,4,4,2,3,3,2,4,4,4
1342,1,25,4,15,15,14,12,6,2,2,2,2,2,3,4,2,3,3,3,4,3,3,2,2,5,5,3
1343,1,23,2,14,13,15,10,14,3,3,3,3,2,2,3,4,3,4,4,2,3,2,4,4,3,7,6
1344,1,31,4,10,9,7,6,12,4,4,3,3,4,2,2,2,3,5,2,4,2,3,4,3,4,4,3
1345,2,24,1,15,13,17,12,12,4,1,3,3,3,2,3,2,3,3,3,2,3,4,4,4,5,5,7
1346,1,29,4,13,11,12,14,11,4,5,3,3,4,3,6,4,4,5,6,4,4,4,4,3,8,6,9
1347,2,46,3,10,3,5,4,8,5,4,4,3,5,5,4,5,3,2,5,2,5,5,5,3,9,10,8
1348,1,42,4,15,7,13,12,15,3,2,2,2,3,4,4,4,3,5,2,4,3,2,3,2,2,4,3
1349,2,20,2,0,9,8,5,9,4,4,6,4,5,4,5,6,6,6,7,4,4,3,3,3,6,8,7
1350,1,30,3,6,5,7,5,11,2,3,3,5,5,5,6,5,4,7,5,5,2,3,3,3,8,9,6
1351,1,24,4,10,10,9,9,6,3,3,4,4,4,5,3,4,3,2,3,2,3,3,4,3,5,5,5
1352,1,28,4,11,10,17,9,14,3,4,3,3,3,5,3,6,3,6,4,4,2,3,4,2,7,5,6
1353,2,22,1,4,5,14,13,7,6,5,6,4,5,6,5,4,6,5,4,4,2,4,3,3,3,7,6
1354,1,30,4,13,10,12,13,11,3,2,3,4,2,3,3,2,3,3,4,3,2,2,4,2,6,5,4
1355,2,37,4,2,14,7,3,7,3,4,4,3,2,3,4,4,4,4,4,5,4,3,3,4,7,3,4
1356,1,21,4,15,17,8,11,15,3,3,3,2,4,3,4,5,3,4,2,3,3,3,2,4,4,5,5
1357,2,35,4,13,13,10,13,19,4,3,4,3,4,3,2,4,5,6,5,4,3,4,3,4,7,6,6
1358,1,45,4,4,6,4,4,8,3,3,4,3,3,3,5,6,4,3,5,6,3,2,2,2,7,6,3
1359,2,31,2,8,8,8,7,8,5,4,6,5,5,5,5,6,4,4,3,3,4,3,2,3,7,7,6
1360,2,29,4,13,20,16,13,15,3,2,2,3,3,1,2,3,2,3,3,5,3,2,3,4,6,4,3
1361,1,45,1,10,12,8,10,10,4,3,3,4,3,4,5,4,3,5,4,5,4,4,2,3,5,5,2
1362,2,23,4,6,5,6,6,4,4,5,4,4,3,4,4,5,5,6,6,6,3,2,2,4,10,8,7
1363,1,42,4,7,9,7,11,10,4,3,3,2,3,3,6,4,4,6,3,3,4,4,3,3,7,7,4
1364,2,26,4,13,14,16,11,14,2,1,4,3,3,2,3,3,2,4,3,4,3,3,2,2,3,5,1
1365,2,27,2,11,5,8,7,3,5,4,5,6,6,5,5,4,5,5,5,6,2,3,2,2,8,5,9
1366,1,37,4,15,13,12,12,8,2,2,2,2,2,2,4,4,5,5,5,3,3,4,3,3,6,5,6
1367,1,21,2,14,8,11,13,9,3,3,3,3,2,2,5,4,4,3,6,2,3,2,2,4,6,5,8
1368,1,34,1,6,12,3,8,9,3,3,3,3,3,3,4,4,7,4,6,5,3,3,3,4,6,6,6
1369,2,28,4,9,9,15,14,17,3,4,4,4,3,3,3,2,3,3,5,3,3,3,4,3,3,1,2
1370,1,42,1,14,10,12,13,13,3,2,3,2,3,3,5,5,4,4,4,3,2,3,2,3,4,6,9
1371,2,21,3,16,6,9,14,11,5,4,5,5,4,4,4,5,5,4,5,3,3,3,2,3,6,6,6
1372,2,33,4,8,10,10,6,10,3,3,3,3,3,2,4,4,4,3,3,3,3,2,3,2,5,4,4
1373,1,19,3,14,14,10,10,16,3,4,5,4,4,4,5,3,4,6,4,4,3,4,3,4,7,7,9
1374,1,29,1,11,5,13,1,5,4,3,3,3,4,3,6,7,7,4,7,6,2,3,2,2,8,8,7
1375,1,24,2,4,3,8,7,3,3,4,3,5,3,4,3,2,4,3,3,2,3,3,4,4,9,9,8
1376,1,21,2,13,11,13,8,14,4,3,1,4,4,4,4,5,4,3,5,5,3,3,1,4,7,7,5
1377,1,34,2,13,9,7,7,15,6,5,5,4,4,4,4,6,5,4,4,2,2,2,2,3,6,3,4
1378,1,20,3,18,13,13,6,10,3,3,4,4,3,4,6,6,6,6,7,5,4,3,3,2,6,5,7
1379,1,24,4,12,3,11,12,3,4,5,5,5,3,4,6,4,6,5,5,5,2,2,3,3,6,7,6
1380,2,37,1,0,0,4,0,4,5,5,3,5,6,4,4,4,3,4,3,2,3,4,4,4,7,8,8
1381,1,21,2,12,11,12,9,6,3,4,4,4,4,4,3,2,3,4,4,3,3,3,3,3,6,7,7
1382,2,27,3,11,13,10,15,13,4,4,3,4,6,4,5,4,3,3,5,3,3,3,2,2,7,5,7
1383,2,33,4,11,6,17,12,6,5,5,5,6,5,4,6,5,5,4,4,4,3,3,2,4,10,9,10
1384,2,33,3,12,13,8,8,9,4,3,3,3,4,4,1,2,3,2,1,3,2,3,2,2,5,4,4
1385,1,28,1,13,8,6,12,12,2,3,3,3,2,3,5,5,4,4,4,4,4,3,3,4,9,9,9
1386,2,30,2,13,15,13,15,15,2,3,6,3,3,5,4,2,4,4,4,3,3,4,4,3,6,7,8
1387,2,24,1,7,8,8,8,11,5,4,3,3,3,2,4,5,5,3,3,3,3,3,5,4,6,7,6
1388,1,19,1,13,8,13,12,6,2,2,3,2,2,3,2,2,2,5,3,3,4,3,2,3,1,3,3
1389,1,39,3,13,11,7,11,13,3,3,4,3,2,4,4,4,5,3,4,5,4,3,3,3,7,8,5
1390,2,22,1,5,12,10,12,10,5,4,4,5,4,5,4,5,5,5,4,3,3,2,2,3,8,8,7
1391,2,27,4,14,11,11,17,12,3,2,3,2,2,3,5,4,3,3,6,5,3,2,3,2,6,6,5
1392,1,38,3,7,9,15,9,7,4,3,3,2,3,4,4,5,5,4,5,3,4,4,4,4,7,8,7
1393,1,39,4,17,17,16,18,16,3,3,3,3,4,3,3,5,4,4,4,5,4,3,2,3,5,5,3
1394,2,43,4,16,12,12,12,12,2,2,2,2,2,2,2,2,2,3,4,4,4,3,2,3,4,3,5
1395,2,27,1,11,10,11,14,8,3,4,3,5,5,3,4,6,6,4,4,5,3,2,4,3,6,4,4
1396,2,31,4,17,12,14,13,14,3,3,2,3,3,1,3,3,3,4,3,4,2,4,3,2,6,6,4
1397,1,23,4,7,16,8,8,8,5,4,3,3,3,4,5,4,5,4,2,4,2,3,3,3,5,8,5
1398,1,30,4,16,10,11,8,13,4,3,3,3,4,4,5,2,4,3,3,5,5,3,3,3,6,6,7
1399,2,20,4,4,9,8,5,14,3,2,1,1,1,2,3,3,4,4,3,2,4,4,4,3,5,2,4
1400,2,32,3,10,8,18,5,11,3,3,3,2,2,2,4,3,4,3,2,6,2,3,3,4,8,6,6
1401,1,31,4,12,15,13,18,18,2,3,2,3,3,4,2,2,2,4,2,3,4,3,3,3,3,4,5
1402,2,26,2,9,8,6,12,8,3,3,3,3,3,3,3,5,5,4,4,5,3,3,3,2,5,4,7
1403,2,34,2,15,12,9,19,13,3,2,2,3,4,4,2,2,2,2,2,2,2,4,3,1,2,3,2
1404,1,39,4,15,16,12,16,10,2,2,4,3,2,2,2,4,2,4,3,2,3,2,3,1,2,2,2
1405,2,37,3,16,15,8,8,11,3,4,5,3,4,4,4,5,3,5,4,5,2,2,2,2,5,4,5
1406,2,29,1,6,7,3,7,5,3,3,3,3,2,2,5,5,5,4,5,6,3,3,3,2,9,8,5
1407,2,31,4,9,7,8,5,9,4,4,6,4,3,4,4,3,4,4,3,4,3,4,2,3,7,7,6
1408,1,24,3,12,9,12,8,11,3,2,2,2,3,3,4,4,4,5,4,3,2,2,3,2,4,4,7
1409,1,40,3,10,10,10,14,8,4,4,4,3,3,3,2,3,2,3,3,2,2,3,1,2,3,7,7
1410,1,49,1,7,8,8,10,6,3,4,3,3,4,4,4,5,5,4,6,3,3,3,3,3,10,7,9
1411,2,27,2,14,4,12,8,17,3,4,4,3,4,4,6,4,5,5,6,5,2,3,2,3,8,7,7
1412,1,31,4,15,17,14,15,12,3,2,4,3,3,1,3,3,4,4,3,4,2,3,1,3,3,2,3
1413,2,34,4,7,8,6,8,6,4,3,3,4,4,3,4,4,5,4,4,6,4,3,3,3,7,8,8
1414,1,20,4,11,9,10,11,6,3,2,2,3,3,3,6,5,6,5,5,4,2,2,2,2,5,8,5
1415,1,35,3,15,10,13,7,14,3,2,2,2,2,2,5,3,5,4,4,2,3,3,4,3,4,5,5
1416,2,28,4,1,5,8,10,0,4,4,4,4,5,4,5,4,5,4,4,5,3,4,2,2,8,6,7
1417,2,42,1,5,6,9,13,1,5,4,4,4,4,6,3,3,3,4,2,3,3,2,2,3,6,4,5
1418,2,28,3,8,13,13,12,7,3,4,4,4,4,4,3,3,3,3,2,4,4,4,3,3,6,4,5
1419,1,29,4,3,8,12,10,7,3,2,3,3,3,4,5,5,5,2,4,4,2,3,2,3,5,6,4
1420,1,22,3,11,12,11,12,10,4,4,4,3,4,4,6,5,3,4,5,6,3,1,3,3,8,5,6
1421,1,30,3,7,10,9,5,9,3,4,4,3,3,3,2,2,2,4,3,5,2,3,3,3,4,5,5
1422,2,32,1,4,8,7,5,10,5,5,4,4,4,4,3,3,4,5,5,4,3,2,3,4,5,8,8
1423,1,18,1,10,8,5,7,13,4,3,3,4,3,4,3,5,4,3,5,4,3,3,4,3,7,7,6
1424,2,25,1,4,7,9,8,13,4,2,4,3,3,5,4,3,4,4,4,2,3,3,3,3,8,6,5
1425,1,41,2,6,8,9,7,1,3,4,5,4,3,4,4,4,4,5,5,4,4,3,4,4,10,5,8
1426,1,44,2,11,11,6,12,6,3,3,3,4,3,3,4,4,3,4,4,5,4,4,4,3,2,4,4
1427,2,32,1,5,9,2,10,5,4,5,2,4,3,3,6,3,4,4,2,4,2,1,3,1,6,7,8
1428,2,45,1,10,4,6,10,16,5,4,3,5,4,4,6,5,6,4,5,5,3,3,3,2,10,9,9
1429,1,22,2,10,6,1,11,7,3,4,3,4,5,2,3,4,4,2,4,4,3,3,4,3,6,6,7
1430,1,25,1,12,9,16,12,12,3,2,4,4,5,5,3,4,2,2,4,3,3,2,1,2,7,5,6
1431,1,28,1,12,15,16,14,15,2,2,3,3,3,3,6,6,5,6,3,4,3,2,3,3,5,5,7
1432,2,24,3,10,8,6,9,7,3,3,4,3,4,2,6,5,4,6,5,6,5,4,4,3,8,8,7
1433,1,29,3,7,6,9,8,1,4,4,5,4,4,3,6,5,5,5,6,5,3,3,4,3,6,7,6
1434,2,30,3,11,11,10,12,11,5,5,5,4,4,5,3,3,4,4,3,3,4,2,3,4,3,3,5
1435,1,27,2,8,15,6,11,10,2,2,2,3,4,3,6,5,5,6,4,4,3,2,3,3,6,5,6
1436,1,22,1,8,12,10,6,7,5,3,3,3,4,3,4,4,4,4,4,6,4,4,4,4,7,9,8
1437,2,30,3,11,7,10,6,13,4,3,3,4,3,4,5,5,4,5,4,3,3,4,5,4,7,7,7
1438,1,25,2,9,10,6,7,9,5,3,4,4,4,4,1,2,4,4,3,3,3,4,4,2,5,6,4
1439,2,42,1,15,7,6,11,14,4,3,3,4,3,4,4,4,4,3,4,5,4,3,3,4,5,5,3
1440,1,30,2,6,10,13,8,13,4,3,3,4,4,4,4,7,7,6,5,4,4,3,3,3,8,8,7
1441,1,35,4,10,13,10,11,13,3,4,4,3,4,4,4,6,4,5,5,5,3,3,3,2,7,7,7
1442,1,26,2,11,5,11,10,7,4,4,5,4,3,3,5,5,6,4,4,4,2,3,2,2,5,5,7
1443,2,21,2,8,13,10,9,8,2,3,3,3,2,3,3,4,2,3,2,2,3,3,3,3,1,1,1
1444,2,31,4,11,11,14,8,15,4,4,4,4,2,4,4,4,4,5,3,4,3,4,3,3,5,4,4
1445,2,20,2,9,10,9,10,5,3,3,3,3,2,3,5,5,5,4,4,5,2,4,3,4,5,5,7
1446,1,23,2,5,15,16,14,13,3,5,5,5,3,3,5,4,5,6,5,6,3,3,3,4,9,8,10
1447,1,26,4,14,6,10,9,10,3,5,5,3,3,4,3,4,3,4,4,4,2,3,3,3,9,8,9
1448,2,36,1,6,8,11,12,8,4,5,4,5,4,4,6,4,5,3,7,6,4,3,3,2,8,7,9
1449,2,34,2,3,3,4,1,1,4,5,5,5,5,5,6,6,6,6,5,6,3,4,3,4,9,8,7
1450,1,34,4,10,8,10,13,10,2,3,2,3,3,4,4,1,3,3,3,3,3,3,4,3,3,2,5
1451,1,31,2,11,13,10,6,9,5,5,4,3,4,3,4,3,3,5,4,5,4,3,3,3,8,7,5
1452,1,29,2,12,14,16,12,18,2,3,3,2,2,1,3,3,3,4,2,2,3,5,4,4,4,4,2
1453,1,23,2,12,15,11,9,9,4,3,5,4,4,2,4,4,5,4,5,4,3,2,4,2,8,7,8
1454,1,27,4,13,8,7,9,16,2,4,3,4,3,3,4,4,3,3,4,3,3,2,3,3,3,4,4
1455,2,22,4,16,15,14,8,14,5,5,4,4,4,4,3,4,3,3,3,5,2,3,3,3,5,4,7
1456,2,34,3,12,13,15,15,10,2,2,3,3,4,4,4,5,4,5,4,5,3,3,4,2,2,2,4
1457,2,42,2,12,12,14,11,12,3,4,4,3,3,3,4,4,3,4,4,5,4,3,3,3,6,7,7
1458,2,29,4,10,13,8,13,9,5,3,4,4,2,5,5,1,3,3,4,4,3,3,2,3,4,3,5
1459,1,28,2,13,15,15,15,13,2,2,4,3,4,3,2,2,3,2,3,4,2,2,3,2,3,3,4
1460,2,32,1,3,3,0,5,4,5,4,5,4,4,4,5,4,5,5,3,4,2,2,2,4,5,7,7
1461,2,36,3,9,5,3,10,9,3,4,4,3,4,4,4,3,4,4,4,4,4,3,2,3,5,5,5
1462,1,36,4,16,14,15,14,15,3,3,2,3,3,3,2,3,4,5,2,3,3,4,4,4,4,5,5
1463,1,36,3,10,9,11,7,13,3,3,4,3,3,4,4,3,3,4,2,2,3,3,4,4,5,4,5
1464,1,45,1,8,5,4,7,14,3,4,3,4,3,2,5,4,5,5,5,5,4,4,4,4,7,7,5
1465,1,33,2,10,8,12,14,12,4,4,4,3,4,4,5,4,4,5,4,4,2,2,2,3,6,6,6
1466,1,30,3,11,15,13,19,17,2,3,3,3,2,3,4,4,5,4,5,4,3,3,2,3,3,6,6
1467,1,42,1,10,13,10,11,5,2,3,4,3,3,3,5,4,4,5,5,5,3,3,5,4,4,5,8
1468,1,46,2,12,16,17,19,7,4,3,4,3,4,3,6,5,5,4,4,5,2,2,3,2,5,6,8
1469,2,30,4,10,10,13,11,11,4,4,5,3,4,4,3,2,2,2,3,4,3,2,1,1,3,2,4
1470,2,38,2,4,6,12,10,11,3,3,4,3,3,3,2,2,1,3,4,2,4,2,2,2,4,3,4
1471,2,20,3,13,17,18,14,20,3,3,3,3,5,3,2,4,2,1,3,4,3,3,3,2,3,3,7
1472,2,24,2,11,11,12,11,14,3,2,3,2,3,2,3,2,2,1,1,2,3,1,3,1,1,3,5
1473,2,37,3,5,9,8,8,4,5,4,5,5,5,4,7,4,6,6,7,7,2,4,3,4,6,5,6
1474,2,42,3,17,14,11,9,12,3,3,4,4,5,5,3,4,5,4,3,3,4,3,3,4,8,10,8
1475,1,37,3,16,10,12,12,12,2,3,2,3,3,3,4,5,4,3,5,4,3,3,2,3,4,2,5
1476,1,31,3,12,9,10,14,8,3,4,3,4,5,4,3,4,4,4,3,4,4,4,2,3,7,4,4
1477,2,29,3,8,1,3,3,8,4,3,2,3,3,5,4,2,3,4,3,4,3,4,3,3,6,9,8
1478,1,42,1,8,12,10,6,9,4,2,3,3,2,4,4,5,4,5,5,7,3,3,4,4,8,6,8
1479,1,28,1,1,2,9,4,9,3,2,4,2,2,2,3,4,5,5,3,6,3,3,4,3,6,3,7
1480,1,34,3,6,12,12,11,13,4,3,4,4,4,5,3,5,4,4,6,3,3,2,5,3,4,6,8
1481,2,35,2,8,3,4,6,2,4,4,3,3,3,3,4,3,5,4,5,3,2,2,4,3,6,7,8
1482,1,27,2,14,8,9,5,6,4,3,4,4,4,3,3,5,3,5,4,5,3,4,2,2,3,4,3
1483,2,46,4,8,14,13,14,13,3,2,1,3,2,3,3,4,4,4,2,4,2,1,3,1,2,3,5
1484,1,27,3,11,10,8,10,11,4,3,4,4,3,3,6,6,6,6,4,4,3,4,4,4,7,8,6
1485,2,24,3,12,11,5,4,2,3,5,3,5,5,2,5,4,3,6,5,4,3,3,3,3,7,7,7
1486,2,32,2,12,13,12,11,16,3,4,4,3,3,4,3,2,3,1,3,4,3,3,2,3,3,4,5
1487,2,30,2,7,8,7,7,7,3,4,4,4,3,3,2,2,2,3,2,1,1,4,3,2,7,4,4
1488,2,36,2,12,8,12,6,13,5,3,4,3,4,4,4,5,4,2,4,4,3,2,2,3,4,4,7
1489,2,24,4,13,16,17,12,13,2,3,3,3,2,4,3,4,3,2,2,2,3,3,4,4,5,6,7
1490,2,37,3,11,11,4,6,11,3,4,3,3,3,4,5,6,6,5,4,6,2,3,1,1,5,8,5
1491,2,39,1,0,8,9,6,9,4,3,4,4,4,3,4,3,3,4,5,4,4,3,3,3,4,2,2
1492,1,30,3,3,4,7,5,8,3,3,3,3,3,4,3,4,5,4,3,3,3,4,3,4,3,6,4
1493,1,22,2,9,7,10,6,11,3,4,4,3,4,5,5,5,7,5,4,4,4,4,3,4,8,9,10
1494,1,27,2,9,5,1,6,11,3,2,2,5,4,3,4,2,4,4,5,3,3,3,3,3,7,7,8
1495,1,31,2,14,11,10,9,16,4,2,2,3,3,2,4,4,5,5,2,3,2,4,5,4,6,6,4
1496,2,35,3,12,13,14,16,15,5,4,5,4,5,3,2,4,3,2,4,3,3,4,2,4,8,7,7
1497,1,31,3,12,15,10,12,14,4,4,3,3,3,3,3,4,4,3,3,3,3,4,4,3,4,3,2
1498,2,27,3,10,14,10,11,12,2,3,3,3,2,4,3,4,4,4,3,4,1,2,3,2,4,4,4
1499,1,27,3,13,8,12,10,10,5,2,4,4,3,3,2,5,4,3,4,4,2,2,3,3,5,6,5
1500,1,33,4,10,9,15,8,3,3,4,2,3,3,4,5,3,3,5,3,3,2,2,3,3,4,4,4
