idgroup,id,kon1,kon2,kon3,kon4,kon5,kon6,kon7,kon8,kon9,kon10,kon11,kon12,kon13,kon14,kon15,kon16,kon17,nas1,nas2,nas3,nas4,nas5,nas6,nas7,nas8,nas9,nas10,nas11,nas12,nas13,nas14,nas15,nas16,nas17,preferensi,gender
1,152,4,3,5,4,7,7,7,3,4,4,5,7,7,7,5,7,7,4,4,4,4,3,3,1,5,5,5,4,1,1,3,1,5,5,8,Perempuan
1,153,4,7,7,4,7,7,7,4,7,1,7,1,7,4,2,5,6,4,7,4,4,5,5,3,6,3,5,1,1,4,6,3,5,7,1,Perempuan
1,160,5,5,3,2,7,7,3,7,7,1,1,1,1,1,4,5,7,5,5,7,1,3,3,4,5,1,5,7,4,3,4,1,4,6,1,Laki-Laki
1,162,4,5,4,7,4,7,6,6,7,4,6,4,6,6,6,7,7,4,3,4,2,4,2,2,3,1,4,1,2,2,2,4,2,2,11,Perempuan
1,163,4,2,3,2,4,6,3,5,7,2,2,3,4,4,4,5,4,5,4,4,4,4,3,4,3,2,4,5,4,4,3,4,3,6,1,Perempuan
1,164,1,1,1,1,1,6,1,1,2,4,6,1,1,4,1,5,1,6,4,4,5,6,4,4,5,4,3,3,2,4,2,3,5,5,1,Perempuan
1,166,2,1,2,1,4,7,4,5,4,4,6,1,7,4,1,5,4,7,7,6,7,4,1,6,4,4,4,4,4,1,4,4,4,7,5,Perempuan
1,169,3,3,4,2,3,5,3,2,3,2,4,3,3,3,3,6,4,4,3,3,4,5,3,5,3,3,4,3,3,3,3,3,2,3,3,Perempuan
1,174,3,3,3,4,6,6,2,5,1,2,6,2,3,4,2,2,2,6,2,3,4,2,3,5,2,6,2,2,3,2,2,2,5,3,2,Laki-Laki
1,177,4,3,2,2,2,3,2,2,2,1,3,1,2,1,1,1,1,4,3,4,6,5,6,6,6,5,5,5,6,5,4,6,5,7,2,Laki-Laki
1,178,2,2,2,2,6,2,4,2,1,1,3,2,4,1,2,2,1,5,3,5,6,3,6,5,6,7,7,5,5,4,6,6,7,6,2,Perempuan
1,179,1,7,1,7,1,7,1,7,7,1,7,1,7,1,7,1,7,1,1,1,1,7,7,7,7,7,5,7,5,1,7,4,1,1,9,Laki-Laki
1,180,3,2,3,3,4,6,5,3,5,3,5,4,5,5,4,6,5,6,4,5,5,5,6,3,6,3,3,4,3,2,3,4,2,5,4,Perempuan
1,181,2,1,1,1,1,4,3,2,1,1,2,2,2,2,2,6,2,6,7,6,7,7,6,6,7,7,6,2,4,6,6,6,2,7,1,Laki-Laki
1,185,3,5,2,4,6,6,3,2,2,1,1,1,5,3,2,2,4,5,1,5,4,3,2,5,7,6,5,6,6,3,4,3,5,5,2,Perempuan
1,187,7,7,7,7,7,7,7,7,7,7,7,7,7,7,7,7,7,1,1,1,1,1,1,1,1,1,1,1,1,1,1,1,1,1,6,Laki-Laki
1,188,2,2,6,3,7,7,3,2,2,3,1,1,2,1,1,7,1,5,5,3,3,5,6,5,3,1,2,6,1,2,1,1,6,6,6,Perempuan
1,191,3,2,1,4,5,6,4,2,4,1,2,1,5,3,1,5,2,5,5,5,6,5,4,5,6,4,4,6,5,3,6,2,6,5,3,Perempuan
1,194,3,4,5,3,6,4,3,3,2,1,2,1,2,1,1,1,1,6,4,4,6,4,5,6,6,2,6,5,5,2,6,6,6,7,2,Laki-Laki
1,195,2,1,3,1,2,7,1,7,1,1,2,1,2,1,1,4,1,5,7,6,7,7,3,6,7,7,7,7,6,6,7,7,3,7,1,Laki-Laki
1,197,5,6,2,6,3,7,3,7,7,6,7,3,7,7,7,7,7,6,2,3,3,6,1,3,7,2,2,1,4,1,7,2,2,3,11,Laki-Laki
1,198,2,3,3,2,5,5,3,1,4,1,2,1,3,4,2,6,5,5,4,5,7,4,2,5,6,5,7,7,6,4,7,6,5,7,2,Perempuan
1,204,1,1,2,2,2,5,4,1,2,3,7,4,4,4,6,6,5,4,4,6,6,6,2,2,5,2,4,4,2,5,4,4,2,5,2,Perempuan
1,205,1,1,1,1,7,4,1,1,4,1,1,1,3,1,3,4,3,4,3,7,7,3,6,7,7,2,6,7,6,4,6,7,6,6,6,Perempuan
1,206,5,5,4,4,4,7,6,4,3,6,7,7,6,6,5,5,5,5,4,5,4,4,3,3,3,3,3,2,4,4,2,1,3,3,11,Laki-Laki
1,211,3,3,1,1,5,7,3,1,7,1,1,1,4,1,1,5,7,1,1,4,6,7,7,4,7,1,2,7,4,1,2,7,7,7,5,Perempuan
1,213,4,3,4,3,6,6,5,5,6,2,6,2,4,2,5,5,6,4,2,6,5,6,4,6,6,4,5,5,5,6,6,6,6,5,2,Laki-Laki
1,217,1,1,1,1,4,5,1,1,1,1,1,1,1,1,1,3,1,7,7,7,7,7,5,7,7,7,7,7,7,7,7,5,7,7,1,Perempuan
1,219,5,6,5,4,4,7,2,4,4,2,5,4,4,3,4,4,5,4,2,5,4,4,4,6,4,5,5,5,5,4,4,6,7,4,8,Perempuan
1,221,6,2,4,4,4,5,3,4,2,3,2,3,2,2,2,3,2,6,6,3,6,6,3,6,3,5,3,6,4,5,5,4,5,6,2,Perempuan
1,222,3,4,5,6,6,7,6,6,6,3,6,3,3,5,3,5,5,5,3,3,3,2,4,2,2,2,3,2,2,3,3,3,5,3,7,Perempuan
1,224,5,1,1,1,4,4,6,3,4,1,6,1,4,1,2,2,3,5,5,7,7,5,5,7,6,6,7,7,7,3,7,6,7,7,2,Laki-Laki
1,228,5,6,4,6,6,5,4,2,7,2,6,2,6,4,3,6,4,2,2,4,2,2,2,2,6,2,6,2,5,2,5,4,2,6,6,Perempuan
1,230,7,1,1,1,1,1,1,7,1,1,1,1,1,1,1,7,1,5,4,7,4,7,7,5,1,7,1,4,7,7,7,1,1,5,6,Laki-Laki
1,231,5,2,1,1,4,2,1,1,7,1,1,1,4,4,4,7,1,4,4,7,6,6,7,7,6,2,6,7,6,3,5,7,7,7,1,Laki-Laki
1,232,2,2,2,2,1,6,2,6,1,1,1,1,1,1,1,5,3,6,4,6,6,6,6,6,2,6,6,2,6,2,6,2,3,7,1,Laki-Laki
1,233,1,4,6,4,5,6,6,1,2,2,6,2,4,1,1,3,1,6,4,2,6,3,3,7,3,2,2,2,1,3,2,2,3,5,1,Laki-Laki
1,236,5,3,4,3,4,6,3,5,6,3,2,3,4,2,2,4,6,5,3,4,3,5,4,4,5,3,4,4,4,3,4,6,4,4,4,Laki-Laki
1,237,1,1,4,1,1,7,4,1,4,4,7,1,7,7,7,7,1,4,7,4,4,7,7,7,7,4,1,1,4,1,7,1,1,7,1,Laki-Laki
1,238,6,4,2,4,6,6,4,1,1,6,6,2,5,3,2,5,1,6,5,5,7,3,6,5,7,7,5,3,6,1,3,4,4,7,1,Laki-Laki
1,239,2,2,2,1,1,4,7,2,7,1,2,3,4,3,4,5,1,6,7,4,7,7,5,7,4,2,5,7,4,4,6,5,4,6,1,Laki-Laki
1,242,6,4,4,5,6,6,7,6,6,4,4,4,6,3,5,6,6,3,2,3,3,3,3,2,3,2,2,3,2,2,2,2,3,2,6,Perempuan
1,244,5,7,3,7,5,7,5,7,7,7,7,7,4,7,3,6,7,5,5,5,3,3,1,7,1,1,1,1,4,1,1,3,6,7,11,Laki-Laki
1,245,4,4,1,1,7,7,7,7,7,1,7,4,7,7,7,7,5,7,4,4,4,4,1,1,7,1,1,1,4,1,4,7,1,4,6,Laki-Laki
1,246,4,3,4,3,4,7,4,3,5,2,4,4,4,4,2,4,4,5,4,4,4,4,5,5,5,4,4,4,3,4,4,7,7,4,3,Perempuan
1,248,3,3,1,4,3,6,3,2,2,2,6,3,7,5,5,6,3,5,3,6,4,5,5,5,5,5,5,7,3,5,6,3,6,5,1,Perempuan
1,249,6,5,3,6,4,7,4,7,6,7,7,2,7,7,4,6,4,6,5,3,6,4,7,4,7,6,7,7,2,7,7,4,6,4,11,Laki-Laki
1,251,4,1,7,7,4,7,7,7,7,7,7,7,7,7,1,1,7,4,4,1,1,4,1,1,1,1,7,1,4,1,1,1,7,1,11,Laki-Laki
1,252,7,3,2,1,4,7,1,7,4,1,1,1,7,7,4,5,7,7,6,7,7,7,7,7,5,1,3,7,4,1,5,7,6,7,1,Laki-Laki
1,254,2,2,2,5,7,7,2,2,6,2,2,5,6,2,2,2,6,2,2,5,4,2,2,4,7,2,2,7,3,2,6,3,6,6,1,Perempuan
1,256,3,5,4,6,7,7,6,4,7,4,7,5,7,7,7,7,7,3,2,3,4,4,4,3,3,1,1,1,2,1,1,2,2,4,11,Laki-Laki
1,257,6,3,6,7,4,7,2,2,7,1,7,7,7,7,6,6,7,6,1,1,2,5,1,3,4,1,2,1,2,2,2,2,2,2,11,Laki-Laki
1,259,7,7,7,4,6,7,7,7,7,4,7,7,7,7,7,7,7,2,3,1,7,5,5,4,4,1,2,1,4,1,1,4,1,1,11,Laki-Laki
1,260,5,6,6,6,7,7,7,7,7,2,7,5,7,7,7,7,7,3,1,1,2,2,3,1,1,1,2,1,1,1,1,1,1,1,11,Laki-Laki
1,261,3,2,3,6,3,7,5,6,5,3,7,5,6,6,7,7,7,5,3,5,1,5,2,2,2,3,4,1,3,1,4,2,1,2,11,Laki-Laki
1,263,6,6,1,1,7,2,2,1,4,2,4,1,2,2,2,2,2,4,4,6,6,1,6,6,7,4,6,6,6,6,4,4,6,7,2,Laki-Laki
1,264,1,1,1,1,7,5,4,7,7,1,7,1,7,1,1,6,1,7,3,7,7,4,5,5,7,1,6,1,1,3,7,5,5,7,1,Perempuan
1,266,1,1,1,1,4,5,4,4,5,1,7,4,7,1,1,1,1,1,1,1,1,4,5,4,4,5,3,1,4,1,2,1,7,1,3,Laki-Laki
1,268,3,1,5,1,5,5,3,4,1,4,5,5,1,5,1,5,1,4,3,5,6,4,5,4,4,7,6,5,4,4,6,7,4,6,4,Laki-Laki
1,271,6,3,3,3,4,6,2,1,4,6,6,4,7,5,2,6,4,6,2,4,4,5,2,6,5,2,4,2,5,6,2,5,3,5,6,Laki-Laki
1,272,2,1,1,4,3,5,4,5,6,1,1,1,1,1,2,4,4,5,6,6,4,4,3,4,1,2,4,7,3,6,4,5,4,6,6,Laki-Laki
1,273,2,2,4,4,1,6,3,6,2,1,7,1,4,2,4,2,3,5,5,4,4,6,5,5,2,6,7,1,5,4,6,2,6,3,5,Laki-Laki
1,274,4,4,4,4,4,5,4,4,4,4,4,4,4,4,4,4,4,4,4,4,4,4,4,4,4,4,4,4,4,4,4,4,4,4,6,Perempuan
1,277,1,1,5,2,2,7,2,1,1,1,7,7,1,7,1,6,1,7,2,2,6,7,2,6,7,7,6,1,1,5,1,1,4,7,1,Perempuan
1,278,6,2,2,2,5,6,2,2,2,2,2,1,2,1,1,5,1,3,6,6,7,3,3,6,7,5,5,6,6,3,7,7,2,6,1,Perempuan
1,280,2,2,3,3,3,7,4,3,2,2,5,4,4,5,5,7,3,3,6,5,6,6,4,4,4,5,4,3,4,4,4,3,2,5,5,Laki-Laki
1,281,4,4,3,4,7,1,1,5,5,2,1,1,1,1,4,6,2,4,4,5,4,3,5,5,2,3,5,6,3,5,6,7,2,5,7,Laki-Laki
1,283,6,2,1,1,1,2,3,5,1,1,1,1,2,2,2,2,2,6,3,3,7,4,6,6,3,6,5,5,5,4,7,6,5,3,1,Perempuan
1,287,3,4,3,4,7,7,7,7,7,7,7,7,7,7,7,7,7,4,2,2,4,2,2,1,1,1,1,1,1,1,1,1,1,1,11,Perempuan
1,294,2,2,3,3,2,5,2,5,2,2,5,1,4,4,1,2,2,5,2,3,3,5,5,4,3,3,3,3,3,4,3,4,3,5,1,Laki-Laki
1,298,4,4,3,4,4,6,5,1,4,3,4,2,5,4,3,6,3,4,3,5,4,6,2,3,6,5,5,5,4,3,3,5,2,6,6,Perempuan
1,300,6,4,5,5,7,7,6,2,4,3,6,1,6,2,5,7,6,6,4,3,4,3,4,6,7,2,3,4,3,2,3,3,1,3,8,Perempuan
1,301,3,2,6,3,7,6,5,1,1,1,7,1,4,1,1,1,1,5,2,7,7,5,4,5,7,7,4,1,5,7,5,7,7,2,1,Perempuan
1,303,4,5,4,6,4,5,4,5,6,3,6,3,6,4,4,5,4,4,2,3,3,5,3,4,3,2,6,3,3,2,5,2,4,5,10,Perempuan
1,306,1,1,1,1,3,5,2,4,1,1,2,1,1,2,1,1,1,1,6,7,7,3,4,5,3,7,5,6,4,7,6,4,5,5,6,Laki-Laki
1,308,5,2,3,2,6,6,2,1,3,1,4,2,4,1,2,5,1,3,5,3,4,5,4,6,7,3,6,3,5,2,5,7,3,7,1,Perempuan
1,310,1,7,1,1,7,7,7,7,7,1,7,1,7,7,1,5,7,7,1,7,7,1,1,7,1,1,1,1,1,1,1,1,7,1,6,Perempuan
1,311,4,4,3,5,4,5,4,5,4,3,5,3,6,3,4,4,4,4,4,3,5,5,5,4,4,4,5,3,3,3,4,5,4,5,3,Perempuan
1,315,1,1,1,1,4,5,3,3,1,5,1,1,3,1,1,4,3,5,3,6,7,4,3,5,5,7,7,7,5,4,7,4,6,7,1,Perempuan
1,316,6,3,2,1,1,1,1,3,6,1,1,1,1,1,1,2,1,5,6,7,3,7,6,6,7,1,1,7,1,7,2,7,1,2,1,Laki-Laki
1,317,1,2,1,1,3,2,2,6,3,1,4,1,4,1,1,4,1,4,6,6,7,7,7,7,7,5,5,4,5,4,7,6,7,7,2,Perempuan
1,320,4,4,4,2,6,4,3,2,5,3,3,1,1,1,4,4,3,4,4,4,6,4,6,5,5,3,3,4,2,6,3,4,4,2,1,Perempuan
1,323,5,6,5,4,6,6,6,3,4,2,6,3,4,5,3,4,3,5,2,3,4,2,3,3,5,4,4,2,4,3,3,4,5,6,10,Laki-Laki
1,324,3,1,4,4,7,7,1,1,1,7,7,1,7,7,1,7,1,7,1,7,7,7,7,7,7,1,1,1,1,1,1,7,7,7,7,Laki-Laki
1,328,3,3,4,2,3,3,3,4,2,2,3,2,3,2,2,4,2,6,5,5,6,5,6,6,4,1,6,3,4,4,6,5,4,6,2,Laki-Laki
1,330,1,1,7,4,7,7,7,7,7,7,7,7,7,7,7,7,7,1,4,1,4,1,1,1,1,1,1,1,1,1,1,1,1,1,6,Laki-Laki
1,331,5,5,4,7,6,7,4,7,7,7,5,7,7,7,7,7,7,4,1,2,1,2,2,1,2,1,1,1,2,1,1,1,1,1,11,Laki-Laki
1,334,3,3,5,3,3,6,3,2,4,5,7,2,3,5,3,5,7,5,4,3,6,5,5,4,6,4,5,1,6,4,4,5,4,5,6,Perempuan
1,335,4,7,6,7,7,7,7,6,3,6,7,5,7,7,1,1,4,7,2,5,7,5,7,3,5,4,6,7,5,6,5,1,1,2,10,Perempuan
1,338,3,1,1,1,4,4,3,1,4,3,3,1,4,1,2,2,1,3,7,4,6,4,1,2,4,4,3,2,1,1,1,1,4,4,1,Perempuan
1,339,3,3,3,4,4,7,5,6,6,4,3,5,4,6,4,5,6,5,3,5,4,4,3,3,3,3,4,5,3,3,4,4,5,6,4,Laki-Laki
1,340,1,2,2,1,5,5,1,1,1,1,1,1,1,1,1,1,1,4,4,4,5,3,2,5,6,6,6,6,6,6,6,6,6,6,3,Laki-Laki
1,341,5,2,3,4,6,7,7,4,5,4,7,5,5,5,5,6,5,4,5,4,3,4,1,3,5,2,3,1,4,3,5,4,2,5,6,Laki-Laki
1,344,5,2,1,4,7,7,1,1,7,4,7,7,7,7,4,7,7,7,7,7,7,6,1,1,1,1,1,1,1,1,1,1,4,1,6,Laki-Laki
1,347,5,4,6,1,5,7,4,2,2,2,3,1,5,2,2,2,7,5,1,4,7,1,6,7,7,6,4,7,3,4,4,5,7,4,1,Perempuan
1,349,5,4,2,1,1,4,1,4,1,1,3,1,6,1,1,1,1,5,4,6,6,5,5,5,4,6,5,4,5,3,7,7,7,5,5,Perempuan
1,351,6,7,2,2,7,7,7,2,7,4,4,2,3,4,4,6,6,5,2,6,6,6,3,2,5,2,6,6,3,4,3,4,4,7,3,Perempuan
1,353,5,4,5,2,4,6,4,2,3,1,3,1,1,1,2,3,4,4,3,3,4,4,5,3,6,4,5,7,5,4,6,4,5,4,3,Perempuan
1,355,6,2,7,6,6,7,1,4,6,2,6,5,6,3,4,5,5,6,4,2,2,3,2,6,4,6,5,2,4,2,4,3,3,4,2,Laki-Laki
1,356,1,1,1,1,7,6,7,7,1,1,1,1,1,1,1,1,3,3,7,7,6,1,1,1,1,7,4,7,1,7,4,1,7,3,6,Laki-Laki
1,357,4,4,2,4,5,7,7,6,4,4,7,4,4,7,5,6,2,6,4,4,4,5,2,1,2,2,4,1,6,4,3,2,1,7,3,Laki-Laki
1,358,7,1,1,2,7,7,4,4,1,4,4,4,4,4,1,4,4,7,4,4,7,4,4,4,7,7,4,4,4,4,1,1,1,1,1,Laki-Laki
1,359,3,1,1,1,2,5,3,2,5,5,2,2,5,5,5,2,2,5,5,5,5,5,5,3,6,6,3,2,2,2,2,2,6,6,3,Perempuan
1,361,6,2,4,2,2,7,5,4,5,2,5,3,5,5,3,4,5,6,4,4,5,6,3,2,3,2,5,4,2,3,4,2,3,4,2,Perempuan
1,362,4,5,5,5,4,7,7,1,4,7,7,6,7,7,4,6,6,4,2,3,3,6,1,2,6,2,3,1,1,1,2,2,2,6,3,Perempuan
1,366,6,3,5,4,3,4,3,4,6,4,2,2,4,3,3,3,4,6,4,2,4,5,5,4,3,2,5,6,5,3,4,5,4,5,6,Laki-Laki
1,369,4,2,4,3,7,7,5,5,4,4,7,4,7,5,4,4,7,4,5,5,5,2,1,2,3,2,3,1,4,2,3,1,4,1,11,Laki-Laki
1,370,1,1,5,1,7,7,7,7,5,7,7,1,5,7,2,7,5,7,7,1,7,1,1,7,7,1,5,1,7,2,1,1,2,7,1,Laki-Laki
1,373,1,2,5,4,2,6,6,2,4,2,7,3,7,5,3,3,6,6,2,3,4,6,6,3,7,4,5,1,2,1,2,2,2,6,4,Perempuan
1,375,6,3,2,3,2,2,2,6,1,1,1,1,1,1,1,1,2,6,2,6,4,7,7,5,3,7,6,6,6,6,7,7,6,5,6,Laki-Laki
1,377,1,3,4,4,7,7,7,5,4,1,7,4,7,7,7,7,2,1,2,2,2,2,2,1,2,4,7,1,4,1,7,3,1,1,9,Laki-Laki
1,381,5,4,3,5,4,7,5,3,4,1,7,4,7,5,3,6,4,5,4,3,5,6,3,3,5,3,5,1,4,1,4,2,2,3,6,Perempuan
1,383,1,1,1,1,2,4,2,1,1,1,1,1,1,1,1,1,1,6,7,7,7,4,4,4,7,7,4,7,4,7,7,6,4,5,3,Laki-Laki
1,387,6,5,2,4,4,7,6,2,6,5,6,4,7,7,5,5,6,5,4,5,7,7,4,7,3,1,6,1,7,4,1,7,1,7,3,Perempuan
1,389,3,2,1,2,2,7,3,5,5,5,7,3,7,5,3,5,5,5,5,6,4,3,2,2,3,3,3,1,2,1,2,1,1,3,3,Perempuan
1,390,2,4,1,1,3,5,2,4,7,1,2,1,7,1,3,6,4,6,3,3,6,6,5,7,5,2,7,4,5,1,4,7,3,7,1,Laki-Laki
1,391,5,3,2,1,1,3,5,5,1,1,4,2,6,5,4,6,2,5,3,4,6,7,5,4,4,7,5,6,4,3,5,4,5,2,5,Laki-Laki
1,393,5,4,3,1,2,6,5,3,5,1,5,4,3,4,7,7,4,4,3,5,6,4,3,3,3,2,5,2,5,5,6,5,2,1,2,Laki-Laki
1,399,4,4,5,7,6,7,7,7,5,4,6,4,6,5,5,7,6,4,4,5,4,5,3,2,4,5,5,3,5,5,5,6,5,3,10,Laki-Laki
1,401,3,3,1,2,3,6,4,7,2,2,5,2,4,3,2,2,4,2,6,5,5,3,5,1,6,6,3,3,4,4,2,2,2,2,6,Laki-Laki
1,405,4,4,3,6,7,7,4,7,5,1,7,2,4,5,6,6,5,4,3,5,3,7,6,3,3,3,6,1,4,3,2,7,3,6,11,Laki-Laki
1,407,2,2,3,3,2,6,3,2,3,1,5,1,5,6,2,2,2,6,3,6,6,7,5,6,3,5,6,2,5,5,3,5,6,3,5,Laki-Laki
1,409,4,4,4,4,7,1,1,1,1,1,4,4,4,4,1,1,1,4,4,4,4,1,7,7,7,7,7,7,4,4,4,7,7,7,3,Perempuan
1,410,5,5,5,5,5,5,5,5,5,5,5,5,5,5,5,5,4,4,4,4,1,3,3,3,3,3,4,4,3,4,3,4,4,4,7,Laki-Laki
1,412,2,2,3,2,5,7,3,2,5,3,6,4,6,6,3,5,3,6,5,5,6,5,3,5,6,3,5,3,5,1,5,3,6,7,3,Perempuan
1,414,6,3,6,6,7,7,5,7,5,6,7,4,6,6,2,4,4,4,2,3,3,4,3,5,3,4,3,3,3,4,2,4,5,3,11,Laki-Laki
1,416,6,5,5,5,5,7,5,5,7,7,7,7,7,7,6,7,7,5,3,4,6,5,4,1,3,1,1,1,1,1,1,7,3,1,11,Laki-Laki
1,419,5,4,4,2,5,7,4,4,4,1,4,1,4,1,1,2,1,4,1,7,4,5,5,4,4,2,4,5,5,2,6,5,3,1,3,Perempuan
1,421,3,4,2,1,4,5,3,5,6,1,4,1,4,1,1,5,1,5,2,5,3,5,3,5,5,2,2,4,2,3,4,2,4,5,6,Laki-Laki
1,423,6,2,4,2,5,6,4,2,5,2,2,2,5,1,4,6,3,6,5,5,6,5,3,3,6,2,6,7,6,2,4,6,3,4,2,Perempuan
1,437,2,2,1,1,7,6,1,7,2,1,7,4,5,3,1,1,1,5,2,3,6,3,3,6,3,5,5,1,5,2,5,5,7,2,4,Laki-Laki
1,442,6,3,1,7,2,7,7,5,7,2,7,2,7,6,5,6,7,3,3,6,3,7,3,2,2,1,3,2,3,1,5,3,3,5,11,Perempuan
1,446,6,4,2,2,3,6,6,6,7,6,7,6,7,6,3,2,7,3,3,6,4,7,6,3,6,1,3,1,4,2,2,2,6,5,9,Laki-Laki
1,452,1,1,7,1,7,7,1,1,7,1,4,1,7,1,1,1,1,5,1,1,7,2,2,6,7,1,1,4,4,1,1,7,7,7,1,Perempuan
1,456,6,6,4,4,7,7,6,7,7,4,7,5,7,7,5,6,7,2,1,2,4,2,1,2,1,1,3,1,1,1,3,1,1,1,5,Perempuan
1,458,6,3,4,2,2,7,6,5,2,4,7,6,7,4,3,6,2,6,5,4,5,6,6,3,2,6,2,1,1,1,2,1,2,5,2,Perempuan
1,460,4,4,3,3,3,5,3,7,4,1,1,1,2,1,1,1,4,3,3,3,3,2,4,3,1,1,6,4,4,3,1,3,5,1,3,Perempuan
1,471,2,3,3,3,4,6,4,3,4,4,7,6,4,1,3,6,4,4,4,4,6,6,4,4,4,4,4,1,2,2,4,4,4,4,6,Laki-Laki
1,474,5,3,4,4,5,5,5,3,3,4,3,2,4,4,3,3,4,4,4,4,4,3,6,3,3,4,4,4,3,4,4,3,5,3,5,Perempuan
1,478,1,1,1,1,1,2,2,3,1,1,1,1,1,1,3,2,2,7,6,6,6,5,7,6,5,4,6,6,5,6,7,6,7,5,1,Perempuan
1,479,1,1,4,4,7,7,4,1,1,7,7,1,7,4,1,7,4,1,7,4,4,1,7,4,7,1,4,1,1,1,1,4,1,4,1,Perempuan
1,484,3,3,2,2,3,3,4,3,3,3,2,2,1,3,3,3,4,4,3,4,5,4,4,4,5,4,4,6,4,4,5,4,4,4,3,Perempuan
1,487,3,4,3,3,7,3,3,2,1,1,4,1,4,2,1,3,3,5,2,4,6,4,5,5,3,6,4,2,4,2,3,4,5,3,1,Perempuan
1,496,4,4,2,1,7,7,7,7,7,6,7,7,7,7,7,7,7,4,4,4,1,1,1,1,1,1,1,1,4,1,1,1,1,1,7,Perempuan
1,500,3,4,5,6,7,6,5,4,6,3,7,5,5,6,4,4,3,6,4,3,4,3,2,3,5,2,6,1,3,2,2,3,2,3,9,Perempuan
1,502,3,4,2,3,3,3,4,6,1,1,6,3,5,2,1,2,2,4,3,2,4,2,3,3,6,3,4,5,3,3,4,4,6,6,1,Perempuan
1,504,1,1,1,1,1,1,1,1,1,1,1,1,3,6,1,1,1,7,7,7,7,7,7,7,7,7,7,7,7,5,7,1,7,6,1,Perempuan
1,506,6,3,2,1,3,6,3,3,3,3,3,2,6,4,2,6,1,2,3,3,7,6,2,5,6,6,6,3,5,3,5,3,5,6,1,Perempuan
1,511,2,2,1,1,2,5,3,1,2,4,2,3,3,2,5,6,3,5,5,6,5,5,5,5,6,4,3,5,5,6,6,5,4,4,3,Laki-Laki
1,512,1,1,1,1,4,2,5,1,1,1,1,1,1,1,1,1,1,6,5,7,7,4,7,5,7,7,7,7,7,7,7,7,7,7,1,Perempuan
1,514,6,4,6,4,6,7,5,3,6,1,4,1,5,2,3,5,4,6,3,3,4,3,5,3,5,3,5,5,6,3,4,6,6,5,8,Perempuan
1,517,3,5,1,6,7,7,3,1,7,1,4,1,7,1,6,7,2,5,6,7,2,1,1,2,6,1,3,2,2,1,4,7,2,3,8,Perempuan
1,518,6,1,3,4,2,5,3,2,2,1,3,4,4,4,2,4,1,5,7,5,6,6,4,5,5,6,6,4,5,5,5,2,4,5,3,Perempuan
1,525,2,2,3,2,2,6,2,1,1,2,1,1,1,1,1,1,4,6,6,3,4,5,4,6,7,7,6,7,7,7,7,7,7,7,1,Perempuan
1,527,2,1,1,5,4,7,7,7,6,1,7,5,7,7,4,5,6,5,6,4,3,5,1,2,1,1,7,1,3,1,4,2,3,1,7,Perempuan
1,533,1,4,4,4,2,5,4,1,7,5,7,4,7,7,4,4,1,4,4,4,4,4,4,3,4,1,4,1,4,1,3,2,2,7,1,Laki-Laki
1,536,3,4,1,3,5,6,5,6,2,2,7,3,6,2,3,5,5,6,5,6,5,3,4,3,2,2,2,1,3,2,4,2,3,1,9,Laki-Laki
1,538,2,2,1,1,2,1,3,4,1,1,1,1,1,1,1,4,2,2,1,1,6,3,1,4,1,5,5,7,5,6,6,6,4,1,6,Laki-Laki
1,547,1,2,1,1,1,4,3,1,4,1,3,1,7,1,4,5,1,6,2,1,7,6,3,5,7,3,6,4,6,2,2,4,3,7,2,Laki-Laki
1,553,2,2,3,1,5,5,2,1,3,3,1,2,3,2,2,5,2,5,3,5,6,3,5,6,6,3,6,7,6,3,5,6,3,6,1,Laki-Laki
1,554,6,2,3,2,6,7,2,2,6,5,6,7,6,7,5,6,2,2,3,5,6,4,3,5,4,2,3,3,2,2,6,2,2,3,2,Laki-Laki
1,556,3,4,2,6,5,7,6,7,7,4,7,5,6,7,6,7,6,5,5,5,2,5,3,5,1,1,5,1,5,1,1,7,1,1,11,Laki-Laki
1,558,1,1,1,1,7,7,4,1,1,1,4,1,4,7,6,7,7,4,5,4,7,7,7,4,7,1,4,7,7,4,7,4,7,7,1,Laki-Laki
1,564,4,3,6,2,4,7,7,1,7,1,4,2,5,3,3,3,4,6,5,5,4,6,4,7,7,1,3,7,4,6,3,5,5,5,10,Perempuan
1,566,4,3,3,3,5,6,4,2,5,4,5,3,5,3,5,5,5,4,4,3,5,3,5,3,5,3,5,4,5,3,5,5,3,4,9,Laki-Laki
1,568,4,5,2,4,3,1,6,6,6,1,6,2,4,5,6,7,6,4,3,4,4,6,5,2,4,2,5,4,5,4,3,2,2,4,5,Perempuan
1,569,5,4,4,4,3,6,6,6,4,4,6,3,6,3,4,6,4,4,3,6,4,5,2,3,4,4,4,3,4,3,4,4,3,4,6,Laki-Laki
1,570,1,3,1,4,4,5,3,6,7,1,7,1,5,4,2,7,7,6,5,6,5,7,6,4,1,1,4,1,3,1,7,3,5,7,8,Laki-Laki
1,574,4,2,1,1,6,6,4,2,4,2,2,2,3,2,4,4,4,3,5,6,6,2,3,2,3,3,2,5,2,2,4,2,2,4,6,Laki-Laki
1,577,3,2,3,2,4,4,3,2,3,1,3,1,4,1,1,4,2,3,3,4,4,4,4,3,7,2,7,4,6,1,7,6,6,7,3,Perempuan
1,578,6,6,2,6,7,7,7,7,7,5,7,3,7,7,2,7,6,5,2,6,4,5,5,4,1,1,2,1,1,1,3,1,1,1,10,Laki-Laki
1,579,4,4,2,3,1,6,4,3,2,1,7,1,6,1,3,5,1,5,4,5,4,6,6,3,2,5,5,1,4,3,4,3,2,5,6,Laki-Laki
1,582,2,4,4,4,3,7,2,2,6,1,7,1,3,5,6,6,3,6,1,3,6,3,2,6,6,2,5,1,1,2,4,2,2,6,9,Laki-Laki
1,585,2,1,2,2,3,3,3,2,1,1,6,1,1,1,1,3,1,5,5,4,5,4,3,3,4,7,6,2,4,4,4,5,6,7,1,Perempuan
1,586,3,4,2,4,3,5,2,6,2,2,4,1,6,2,2,6,1,5,5,5,6,6,3,5,6,6,5,4,5,3,6,2,3,6,9,Laki-Laki
1,587,4,2,2,4,2,1,1,7,2,1,1,1,1,1,1,2,1,4,4,6,4,5,7,6,1,6,4,7,1,7,4,6,6,1,5,Laki-Laki
1,591,5,3,2,7,4,4,6,2,4,3,4,1,4,2,4,5,4,4,6,6,4,2,3,6,3,4,4,6,7,2,4,4,2,6,3,Laki-Laki
1,595,4,2,4,5,6,6,5,4,6,3,4,1,4,3,2,4,3,4,2,4,3,2,2,2,3,2,3,2,3,4,3,3,3,2,6,Perempuan
1,602,6,3,4,1,1,7,3,1,1,1,3,1,7,1,4,4,2,2,3,6,6,7,2,5,7,6,5,3,4,2,6,7,6,6,3,Laki-Laki
1,604,1,1,2,2,7,7,3,1,1,1,1,1,3,1,1,4,1,1,7,5,7,1,4,4,7,7,7,4,7,4,7,7,7,7,3,Perempuan
1,611,6,4,5,6,3,7,5,3,6,2,4,2,4,3,5,5,6,5,2,6,2,7,5,4,4,2,6,4,6,4,7,4,6,6,11,Perempuan
1,613,6,2,5,2,7,7,5,5,6,5,6,5,7,6,6,6,3,6,3,3,3,2,2,3,2,2,3,1,3,2,3,2,3,2,10,Perempuan
1,615,4,4,2,3,4,7,6,2,6,6,7,3,5,6,3,6,6,3,3,6,6,7,6,6,7,4,4,2,4,3,4,5,3,7,3,Perempuan
1,618,5,2,5,3,3,6,4,1,4,1,2,1,4,1,1,3,1,4,4,3,4,5,5,3,7,4,7,4,6,4,7,6,7,7,3,Perempuan
1,621,5,3,6,1,7,7,7,1,7,1,7,1,7,1,1,7,1,7,1,7,1,7,7,7,7,7,7,1,1,1,4,1,1,7,3,Laki-Laki
1,624,2,2,3,2,3,5,3,1,1,1,1,1,4,1,2,3,1,4,3,3,3,4,3,3,4,4,4,5,4,4,6,3,3,4,2,Perempuan
1,625,3,3,1,1,4,5,3,4,3,1,1,3,3,1,1,6,3,3,6,7,7,6,5,6,4,6,5,6,5,5,4,4,3,4,3,Laki-Laki
1,628,2,2,3,4,1,5,2,2,2,1,5,4,2,4,3,5,1,2,4,3,4,6,6,6,6,6,5,3,3,5,6,6,4,6,1,Laki-Laki
1,632,4,3,2,1,3,7,3,1,1,1,1,1,7,4,1,1,1,3,2,6,7,7,6,6,7,7,7,6,6,1,7,4,2,7,1,Perempuan
1,634,1,1,2,2,2,3,1,2,4,1,4,1,4,1,2,2,2,6,3,4,4,5,4,6,5,3,4,4,4,1,5,3,5,6,6,Laki-Laki
1,637,3,3,7,4,7,7,4,3,3,1,2,1,4,2,1,3,1,5,2,2,4,4,3,4,4,4,4,5,4,3,4,7,4,7,2,Perempuan
1,640,2,2,2,2,2,3,1,2,5,1,1,1,1,1,1,3,1,6,7,6,7,7,7,7,7,1,5,7,6,7,7,7,3,7,1,Laki-Laki
1,643,4,4,3,3,7,7,4,4,5,6,6,4,4,4,4,6,5,4,6,4,7,4,5,5,6,3,3,7,5,4,5,5,6,5,1,Laki-Laki
1,646,5,3,3,3,7,7,4,4,4,3,4,3,4,3,4,6,4,3,4,4,4,2,2,4,1,6,4,4,3,4,4,6,2,5,7,Perempuan
1,649,1,2,2,2,3,3,2,1,1,1,2,1,3,1,1,3,1,5,3,4,4,4,5,3,6,7,4,5,2,3,4,4,4,6,1,Perempuan
1,656,5,5,6,4,4,6,6,2,4,1,1,1,1,1,3,3,4,5,3,2,4,4,5,4,7,6,4,7,4,3,3,5,4,5,1,Laki-Laki
1,658,1,1,1,1,2,2,3,4,1,1,1,1,1,1,3,5,1,6,7,7,7,5,6,5,4,7,4,7,5,7,4,4,2,7,1,Laki-Laki
1,660,1,2,2,1,1,4,2,1,1,1,2,1,2,1,1,2,1,6,4,6,6,7,5,7,7,7,7,7,4,6,6,4,7,7,1,Perempuan
1,664,4,5,2,4,5,6,5,5,4,4,6,4,5,4,5,6,4,4,3,4,4,5,5,4,3,5,5,4,5,5,5,4,4,5,11,Laki-Laki
1,672,2,3,1,2,1,6,2,1,1,2,6,1,5,1,3,5,2,5,4,7,6,6,6,5,7,6,6,2,2,3,7,2,2,7,3,Laki-Laki
1,680,1,3,1,2,2,2,1,6,1,1,1,1,1,1,1,1,1,7,5,7,6,7,6,6,2,7,6,7,6,7,6,7,7,6,1,Laki-Laki
1,681,3,5,2,3,2,4,2,6,4,2,6,3,6,5,2,5,6,5,1,6,5,6,5,5,2,4,5,1,3,2,2,2,3,3,5,Laki-Laki
1,685,5,5,4,6,6,7,7,4,4,4,7,5,7,6,4,5,5,4,1,7,3,2,1,2,3,3,3,1,3,3,3,1,1,1,11,Laki-Laki
1,691,7,1,5,2,4,7,2,1,6,1,2,2,2,2,2,2,2,7,6,6,6,2,2,6,6,7,7,7,7,7,7,7,7,7,1,Perempuan
1,694,5,4,4,4,6,5,5,6,4,2,6,4,7,5,4,4,4,5,4,4,4,3,5,2,3,4,4,2,4,2,4,3,4,4,7,Perempuan
1,712,1,1,1,1,3,7,7,1,1,1,1,1,4,1,1,1,1,7,6,7,6,7,3,7,7,6,5,7,7,3,7,7,3,7,5,Laki-Laki
1,713,4,1,1,1,3,4,2,1,1,1,1,1,3,1,1,1,1,6,7,7,7,7,7,6,7,4,7,7,4,5,5,5,7,7,1,Laki-Laki
1,719,1,1,1,4,4,6,1,1,1,1,4,4,4,4,1,4,1,7,7,7,4,4,4,7,7,7,4,7,4,7,7,3,7,4,2,Laki-Laki
1,720,6,5,3,4,6,7,6,6,7,3,5,5,4,6,7,6,7,1,1,4,4,3,2,1,1,1,3,4,3,2,4,2,1,2,11,Laki-Laki
1,725,1,1,1,1,1,5,1,1,1,1,1,1,3,1,1,1,1,7,7,7,7,7,5,7,7,1,1,7,5,5,5,2,7,7,1,Laki-Laki
1,727,5,2,6,6,5,7,4,2,3,6,5,2,6,5,7,6,5,5,1,2,4,2,5,5,4,3,3,2,2,2,3,2,3,5,7,Perempuan
1,728,1,1,1,1,1,3,1,1,1,1,6,1,6,1,1,1,1,4,6,5,4,6,6,6,7,4,6,4,5,4,7,4,7,7,1,Perempuan
1,731,2,4,3,3,1,7,4,1,4,4,3,2,4,4,4,6,5,6,4,5,5,7,1,4,7,4,4,5,5,4,5,5,1,6,6,Perempuan
1,732,3,4,5,3,6,7,3,2,7,1,3,4,4,2,6,7,1,6,2,3,6,6,6,4,5,2,5,4,2,5,7,4,4,7,6,Perempuan
1,735,4,2,1,4,7,7,6,6,6,3,7,2,7,4,3,6,6,5,2,6,4,1,3,1,2,2,5,1,3,1,2,1,3,1,8,Perempuan
1,737,3,2,2,3,5,6,4,1,1,1,4,1,3,1,1,3,2,5,5,7,5,5,5,4,7,7,6,7,5,5,6,7,4,7,1,Laki-Laki
1,740,2,2,3,2,6,6,5,5,2,1,6,1,4,1,1,6,7,6,5,3,6,3,3,4,3,6,7,2,6,3,6,3,2,6,2,Laki-Laki
1,741,3,4,3,2,5,7,3,1,3,2,5,1,4,1,2,4,1,4,3,3,4,4,4,4,7,4,4,4,2,3,1,1,7,1,1,Perempuan
1,744,5,1,1,1,7,7,7,2,7,7,7,7,7,7,7,7,7,7,2,2,7,6,6,1,7,1,1,1,1,1,1,1,1,1,11,Perempuan
1,746,4,4,1,1,4,5,4,1,3,1,1,1,2,1,4,5,2,5,4,6,6,4,3,3,7,4,7,7,6,7,5,7,3,7,3,Perempuan
1,749,4,5,3,7,7,5,1,6,5,1,7,1,3,1,1,7,1,5,5,2,1,1,1,1,1,1,1,1,1,5,1,1,3,1,11,Perempuan
1,752,1,2,3,3,2,6,5,1,1,1,7,7,4,7,1,1,1,1,2,3,4,6,5,4,7,7,7,1,1,1,4,1,6,7,1,Laki-Laki
1,757,2,5,3,6,6,7,6,5,6,6,2,6,6,5,7,7,6,2,6,3,5,3,2,2,6,1,6,6,2,2,2,2,3,3,10,Perempuan
1,758,7,5,4,5,7,7,6,7,7,7,7,7,7,7,7,7,7,3,3,3,3,1,3,3,1,1,1,1,2,1,1,1,1,1,11,Laki-Laki
1,762,2,4,4,2,7,7,4,2,5,1,6,2,2,1,1,6,6,6,4,4,7,2,5,4,7,3,7,4,2,7,7,7,7,7,1,Perempuan
1,764,1,1,6,4,2,1,2,6,1,1,1,1,1,1,3,6,1,7,3,3,6,7,7,7,2,7,7,7,7,7,7,7,3,3,1,Laki-Laki
1,773,5,6,7,7,5,7,6,7,7,7,7,5,7,7,7,7,7,1,5,1,1,3,2,6,6,1,7,1,1,7,1,2,7,7,11,Perempuan
1,784,1,1,1,1,7,1,4,1,6,1,4,1,1,1,1,1,1,7,7,4,7,4,7,5,7,2,7,2,7,7,7,7,7,7,1,Perempuan
1,791,4,4,7,7,7,7,7,7,7,7,7,7,7,7,7,7,7,4,2,1,1,1,1,1,1,1,1,1,4,1,1,1,1,1,11,Perempuan
1,792,5,6,2,2,1,7,2,2,5,2,6,2,6,3,5,6,3,5,2,5,4,7,6,6,7,3,2,5,2,2,3,2,5,7,3,Laki-Laki
1,794,5,5,6,6,6,6,6,6,6,6,6,6,6,6,6,7,6,2,6,1,1,2,2,2,2,1,1,1,1,1,1,6,1,4,11,Perempuan
1,800,4,3,3,4,4,7,4,2,4,7,1,1,7,1,1,4,4,6,6,7,6,7,5,4,6,2,7,6,5,2,7,5,6,6,3,Perempuan
1,802,7,7,1,7,7,1,7,7,7,1,7,7,7,7,7,7,7,1,1,7,7,7,7,1,7,7,1,7,7,7,1,1,7,7,11,Perempuan
1,803,1,1,1,1,3,3,3,1,5,1,7,1,6,1,3,4,3,5,5,4,4,4,4,4,4,4,4,4,4,4,4,4,4,4,1,Laki-Laki
1,806,3,3,2,1,5,7,1,1,5,2,4,1,4,3,2,4,3,4,3,4,5,5,3,6,5,3,5,6,6,4,6,3,5,7,6,Perempuan
1,807,1,1,1,3,2,3,1,1,1,1,1,1,4,1,1,1,4,4,7,7,6,7,7,6,7,5,7,7,5,3,6,7,5,7,1,Perempuan
1,810,3,2,3,5,6,6,5,3,2,3,4,3,4,3,4,5,3,5,6,5,3,3,3,3,5,5,5,4,6,5,5,4,3,5,4,Perempuan
1,811,5,3,4,6,6,7,7,6,7,4,6,6,6,6,6,6,7,5,4,1,1,1,1,1,1,1,1,1,3,1,1,4,6,1,11,Laki-Laki
1,815,5,2,3,3,4,6,3,5,3,4,2,3,6,4,2,2,3,3,3,3,5,3,4,3,6,3,2,6,3,2,2,2,4,6,1,Perempuan
1,818,3,3,5,4,6,6,6,6,3,6,7,4,5,6,3,6,5,6,3,3,4,2,2,3,3,5,3,1,3,2,2,1,2,3,10,Perempuan
1,821,6,5,2,6,5,7,5,6,7,7,7,7,6,7,7,7,7,4,3,5,3,5,3,4,3,1,1,1,1,2,1,1,1,5,11,Perempuan
1,822,5,4,6,6,7,5,6,6,5,6,6,4,6,5,6,6,6,2,3,3,2,2,3,2,4,1,3,3,2,2,3,3,2,2,10,Laki-Laki
1,826,1,1,1,2,1,2,2,2,2,1,2,1,4,1,1,1,1,1,1,2,4,4,3,4,4,2,4,1,1,1,1,1,1,1,1,Laki-Laki
1,835,4,4,3,2,3,5,3,4,5,4,7,5,7,7,5,7,6,4,5,5,7,5,5,5,3,3,1,1,5,3,1,5,1,2,11,Laki-Laki
1,838,7,7,6,7,7,7,6,7,7,7,7,7,7,7,6,7,7,1,1,1,2,1,1,2,2,1,1,1,2,1,1,1,1,1,11,Laki-Laki
1,839,5,2,3,3,5,7,7,6,5,4,6,6,5,7,5,5,6,4,3,4,4,2,5,2,1,2,2,1,2,3,1,2,3,2,11,Perempuan
1,853,7,6,7,7,7,7,6,6,7,7,7,7,5,7,7,7,7,1,2,4,4,2,6,2,2,1,4,4,2,2,1,2,1,2,11,Perempuan
1,854,5,3,7,7,5,6,5,4,5,3,7,7,7,7,5,5,5,5,1,1,2,3,3,2,3,5,4,2,2,1,4,5,3,3,11,Perempuan
1,856,6,4,2,5,7,7,4,7,2,2,7,1,7,3,3,4,4,3,1,6,5,4,4,3,2,7,6,1,2,1,1,5,3,1,11,Laki-Laki
1,857,3,3,3,2,3,6,6,3,6,2,3,2,4,2,2,3,6,6,4,5,6,6,5,4,6,3,6,6,6,6,6,6,6,6,2,Perempuan
1,860,2,2,1,1,2,5,2,1,2,1,1,1,2,1,2,6,2,5,4,7,6,6,3,7,7,6,6,7,6,6,7,6,2,6,1,Laki-Laki
1,861,2,4,1,2,5,4,3,3,4,2,6,4,4,4,3,5,1,6,4,6,6,4,4,4,5,4,4,4,6,4,6,3,4,5,2,Laki-Laki
1,865,1,1,2,1,6,7,4,7,6,4,7,4,7,7,7,7,7,7,5,6,7,1,1,1,4,1,1,2,1,1,1,1,1,1,11,Perempuan
1,866,5,3,3,5,3,6,2,2,6,2,5,1,3,5,3,4,3,3,4,5,4,7,5,5,4,3,5,3,3,6,4,5,3,4,4,Laki-Laki
1,867,3,1,2,3,3,7,6,6,3,5,3,5,6,4,1,7,4,5,5,7,7,6,3,2,6,5,3,6,4,3,3,5,4,4,11,Perempuan
1,878,5,7,7,7,7,7,7,5,7,1,5,4,7,4,7,7,7,1,4,1,4,3,2,2,6,5,5,3,4,1,2,2,2,3,1,Perempuan
1,879,5,4,5,4,5,5,4,4,5,4,5,5,4,5,5,4,4,5,4,5,4,5,5,4,5,4,4,5,5,4,4,5,4,5,7,Laki-Laki
1,889,2,2,4,3,1,6,3,3,2,1,1,4,5,3,5,6,2,6,6,5,6,7,3,5,4,6,5,6,3,3,6,6,3,6,1,Laki-Laki
1,891,4,4,4,2,5,6,4,6,5,3,4,3,2,2,2,5,4,4,3,5,5,4,4,5,4,2,6,3,6,4,4,6,3,4,1,Perempuan
1,893,3,2,1,3,5,6,4,4,2,6,7,5,4,4,4,4,5,3,4,5,4,3,4,2,4,4,1,3,2,2,1,3,3,2,6,Perempuan
1,895,5,6,6,4,7,7,7,2,7,4,7,4,7,4,4,4,7,6,2,2,4,1,1,1,1,1,4,1,4,1,4,1,4,1,6,Laki-Laki
1,896,6,4,4,5,6,7,5,5,4,4,7,4,4,4,3,4,4,5,4,4,4,4,4,4,4,4,4,4,4,4,4,4,4,4,7,Laki-Laki
1,898,2,4,2,2,1,4,4,4,2,2,4,2,6,6,2,4,2,5,3,4,4,4,5,4,7,6,4,5,4,4,5,3,4,6,3,Perempuan
1,899,5,3,3,1,7,6,3,3,5,1,2,1,1,1,2,5,6,5,2,4,6,3,5,5,5,3,4,6,2,6,5,5,3,6,2,Perempuan
1,902,6,3,2,2,7,5,1,1,5,1,3,1,3,1,1,1,1,3,5,7,7,7,2,7,7,3,7,3,7,3,7,7,7,3,1,Laki-Laki
1,904,3,2,2,4,3,7,2,2,4,1,4,1,2,1,4,4,2,5,4,5,5,5,3,5,4,4,5,5,3,3,5,4,5,5,3,Perempuan
1,908,1,1,1,1,6,1,1,1,1,1,1,1,1,1,1,1,1,7,2,3,7,4,4,4,7,7,4,7,1,4,2,6,7,7,1,Laki-Laki
1,910,2,2,1,3,4,3,1,1,5,1,1,1,4,1,1,2,2,5,5,6,5,5,2,6,7,3,5,6,4,5,2,6,6,5,5,Laki-Laki
1,915,2,3,2,2,2,5,3,2,3,3,6,5,5,2,2,3,2,5,3,5,6,6,3,5,6,5,5,3,5,2,5,5,5,5,3,Laki-Laki
1,920,5,5,3,6,3,6,4,6,6,5,7,6,7,5,6,7,7,4,4,6,6,6,3,4,2,2,3,1,2,1,2,2,1,1,NA,Perempuan
1,921,3,2,1,2,4,5,3,3,2,1,7,1,4,1,1,3,1,2,4,5,4,4,3,4,7,3,5,1,6,3,6,6,5,7,1,Laki-Laki
1,926,7,1,7,6,7,7,7,1,6,6,6,5,7,7,6,6,6,5,6,2,2,3,3,2,7,2,1,4,2,1,2,2,2,2,7,Perempuan
1,931,2,2,4,3,4,6,4,1,2,3,6,4,3,5,4,4,4,4,3,4,4,4,4,4,5,5,5,4,5,4,4,4,4,5,1,Perempuan
1,935,4,3,5,5,4,6,3,6,3,6,7,4,7,7,5,5,7,4,2,3,3,5,2,5,1,4,2,1,1,1,1,1,2,6,10,Laki-Laki
1,936,2,2,3,2,5,5,2,2,3,2,1,1,2,2,3,4,3,4,5,4,3,4,3,6,5,5,4,5,4,5,4,5,4,6,4,Perempuan
1,944,6,2,2,2,4,7,6,4,5,1,5,1,4,1,2,4,1,6,3,5,6,7,1,2,3,2,3,2,6,6,3,4,3,2,6,Perempuan
1,946,6,2,4,2,4,5,1,1,1,1,2,1,3,1,1,1,1,1,2,4,5,7,5,7,7,7,7,7,7,4,5,7,7,7,1,Perempuan
1,950,3,2,4,4,6,7,4,5,7,4,7,5,5,5,5,7,5,3,5,2,4,6,3,3,6,2,4,1,2,3,3,5,3,1,6,Laki-Laki
1,952,2,2,4,1,6,6,3,1,5,1,2,1,5,2,1,2,2,2,2,4,5,5,6,5,7,4,6,6,6,4,7,7,6,7,1,Perempuan
1,955,6,3,1,1,5,5,2,5,3,1,3,1,5,1,3,5,3,5,5,5,7,2,3,5,4,3,5,3,4,3,5,3,3,7,1,Perempuan
1,956,3,3,3,4,3,4,4,2,3,3,3,2,3,2,3,2,2,5,3,4,5,5,4,4,6,5,5,6,5,5,6,5,6,6,1,Perempuan
1,957,5,5,1,1,5,2,1,1,2,1,1,1,3,1,1,1,1,4,1,5,4,4,7,7,7,4,4,7,4,4,1,4,7,4,3,Perempuan
1,959,5,1,5,7,7,7,7,7,7,7,1,7,7,7,7,7,7,3,7,1,1,1,1,1,1,1,1,1,1,1,1,1,1,1,11,Laki-Laki
1,961,5,6,2,3,7,5,3,2,1,1,2,1,2,1,1,1,1,7,3,6,5,2,6,6,2,5,5,3,2,5,1,6,5,4,1,Laki-Laki
1,964,5,4,7,6,7,5,5,7,7,5,6,1,7,1,4,4,5,5,3,6,5,5,6,6,3,7,7,4,5,3,5,5,4,5,1,Laki-Laki
1,967,2,1,1,5,7,6,3,7,1,3,7,4,5,7,5,7,7,6,7,5,4,3,2,5,1,7,3,1,3,2,1,1,2,1,7,Laki-Laki
1,969,3,2,1,1,5,4,3,5,1,1,2,1,1,1,3,2,3,3,6,7,7,3,6,4,2,5,5,7,6,6,6,6,5,2,6,Perempuan
1,982,3,3,3,3,4,4,4,4,3,1,4,1,6,1,1,1,4,5,4,3,3,4,4,3,4,4,3,4,3,1,1,3,4,4,1,Perempuan
1,990,6,3,1,4,7,7,7,7,7,7,1,1,7,4,1,4,4,7,5,7,7,1,1,1,3,1,7,7,5,3,5,7,7,3,4,Laki-Laki
1,1001,4,2,2,2,2,6,2,1,1,1,2,1,3,1,1,3,1,4,5,6,6,5,3,6,6,6,6,6,5,2,6,6,4,6,2,Perempuan
1,1008,3,2,3,2,3,4,3,3,3,2,2,3,3,3,4,3,3,3,5,4,4,4,5,5,6,4,5,6,4,4,3,5,3,5,4,Perempuan
1,1012,4,5,3,2,4,5,5,2,5,3,2,1,1,1,1,4,5,6,1,7,7,7,7,7,5,7,5,7,4,2,4,4,4,7,1,Laki-Laki
1,1015,4,5,6,6,6,7,3,3,5,3,6,3,6,5,5,5,6,5,3,2,3,2,2,5,6,2,3,3,3,3,3,5,4,4,1,Perempuan
1,1020,7,3,6,1,6,6,4,3,5,4,5,4,5,3,3,3,3,6,3,4,7,3,6,5,7,3,3,4,2,3,4,2,4,6,1,Perempuan
1,1023,3,4,3,5,3,6,4,6,5,7,7,4,7,5,5,5,6,5,3,4,2,3,6,5,5,3,4,7,6,5,4,5,5,7,3,Laki-Laki
1,1025,5,6,6,7,7,7,5,6,7,5,6,7,7,7,6,7,6,6,7,5,5,5,6,6,5,7,6,6,7,7,7,6,7,6,6,Perempuan
1,1034,1,1,1,2,1,6,1,1,1,1,3,1,4,1,1,2,7,4,7,7,1,7,3,7,5,7,6,6,7,4,7,7,7,6,1,Laki-Laki
1,1035,2,2,2,2,3,3,3,1,2,7,2,2,2,2,2,6,2,6,2,6,6,3,6,6,6,6,6,7,6,5,6,6,5,7,1,Perempuan
1,1038,4,2,7,5,7,7,6,2,6,6,7,6,7,6,5,7,3,3,6,6,6,6,5,3,7,4,3,2,3,3,2,3,3,4,1,Perempuan
1,1039,6,3,7,1,7,4,5,1,7,7,7,7,7,7,7,7,7,7,3,2,4,5,6,1,7,1,7,1,3,2,1,7,3,7,4,Laki-Laki
1,1041,6,3,4,3,5,5,3,2,5,3,2,3,6,3,2,2,3,6,3,3,5,4,5,2,7,4,4,7,4,6,4,4,4,4,3,Laki-Laki
1,1042,2,2,2,1,3,4,2,3,1,3,6,2,1,3,2,3,1,5,2,3,6,6,3,5,6,7,5,3,6,5,5,3,3,2,4,Laki-Laki
1,1043,5,3,5,6,6,6,6,5,5,6,6,6,7,7,2,2,4,6,3,6,3,3,4,6,6,6,2,7,4,7,6,4,4,4,9,Laki-Laki
1,1046,6,5,2,1,6,7,4,5,6,5,6,6,7,7,4,5,6,3,1,6,6,2,5,5,6,2,2,1,5,1,6,4,2,5,11,Laki-Laki
1,1048,4,4,4,4,4,4,4,4,4,4,4,4,4,4,4,4,4,5,4,4,4,4,4,4,4,4,4,5,4,4,4,4,4,4,6,Perempuan
1,1050,5,5,6,7,5,5,5,5,6,5,7,5,6,4,5,4,5,5,3,4,3,4,5,6,6,3,6,7,4,5,5,5,5,5,8,Laki-Laki
1,1064,4,4,5,5,7,7,7,3,4,2,4,2,5,4,5,5,4,4,4,3,5,3,3,2,4,3,3,1,3,3,4,3,2,3,9,Perempuan
1,1069,5,5,3,6,5,6,6,5,5,5,5,5,4,6,5,5,5,6,4,5,5,5,5,5,5,5,5,5,5,5,5,5,4,5,1,Perempuan
1,1070,4,3,3,2,2,2,2,1,2,2,1,1,1,1,1,1,1,1,1,1,1,1,1,1,1,1,2,1,2,1,1,1,1,1,1,Laki-Laki
1,1071,2,6,4,7,6,7,7,2,6,1,4,5,7,6,7,6,4,3,2,2,2,6,2,2,6,6,4,6,4,2,2,2,6,6,7,Laki-Laki
1,1072,7,7,7,7,6,7,6,6,7,3,1,3,7,5,6,6,6,7,2,3,2,4,6,4,5,6,5,3,5,1,4,1,5,5,10,Perempuan
1,1073,7,7,6,6,6,4,6,6,6,2,6,6,6,6,2,6,6,6,6,2,2,6,6,2,2,2,2,6,6,6,4,6,6,2,2,Perempuan
1,1075,6,5,4,4,7,7,4,4,4,4,3,1,1,4,4,5,4,6,5,4,4,7,7,4,4,4,4,3,1,1,4,4,5,4,2,Perempuan
1,1077,7,5,6,4,7,6,5,5,4,4,6,7,7,6,5,6,7,4,4,3,6,4,5,5,3,6,5,6,7,6,5,4,4,4,1,Perempuan
1,1079,7,5,5,2,7,6,5,5,4,4,7,7,7,6,5,6,7,4,4,3,4,3,4,6,6,5,5,6,5,6,5,4,3,4,6,Perempuan
1,1086,4,3,5,4,5,7,7,4,5,3,4,4,4,4,5,7,4,4,5,6,4,6,2,2,4,4,4,5,4,4,3,5,1,4,11,Perempuan
1,1091,6,4,3,3,5,6,5,4,5,4,4,2,4,5,5,6,4,2,4,5,5,3,2,3,4,3,4,4,5,4,3,3,2,4,6,Perempuan
1,1093,7,1,1,1,3,6,2,7,3,1,7,5,7,7,6,6,7,7,1,7,7,7,2,5,2,4,7,1,3,2,6,3,3,2,3,Perempuan
1,1097,1,1,1,1,3,6,3,2,7,1,4,3,6,2,3,6,4,6,2,5,6,7,5,7,6,1,5,3,3,1,4,4,3,6,1,Perempuan
1,1098,5,6,4,6,6,5,3,4,4,4,6,4,6,6,4,3,4,4,3,3,6,2,5,2,2,4,4,2,2,2,2,2,2,2,11,Perempuan
1,1103,3,6,2,2,7,7,3,6,7,6,7,7,7,7,3,6,6,6,3,6,6,2,2,2,1,1,1,1,6,1,1,5,2,2,9,Laki-Laki
1,1104,1,2,1,1,4,3,5,6,5,6,5,5,6,6,6,7,6,7,6,6,7,5,4,3,3,2,2,2,2,2,2,2,2,3,8,Perempuan
1,1109,1,1,4,1,1,4,4,1,1,7,6,1,4,4,1,7,1,4,4,4,4,7,4,4,7,7,1,4,1,1,1,4,7,1,6,Perempuan
1,1111,3,2,5,5,7,7,4,1,6,4,5,1,6,2,3,5,6,5,6,6,7,6,6,7,6,2,6,7,3,1,6,6,4,7,1,Perempuan
1,1112,2,1,5,3,6,4,5,4,5,6,4,5,4,5,4,5,5,4,5,4,5,6,5,4,5,4,5,5,4,6,6,5,6,6,11,Perempuan
1,1117,5,6,3,3,3,4,2,3,1,1,4,2,7,7,5,5,5,4,5,5,6,5,5,5,5,4,4,3,4,1,1,3,4,4,10,Perempuan
1,1119,4,5,3,6,7,7,6,6,7,4,6,7,5,7,1,2,2,4,2,5,4,7,5,4,4,2,2,5,6,2,1,4,5,3,7,Laki-Laki
1,1121,2,1,3,3,5,5,4,6,7,2,4,3,5,4,2,5,3,4,4,6,6,6,6,4,5,2,5,4,3,2,5,5,3,3,5,Perempuan
1,1124,7,5,7,7,7,7,5,7,7,3,4,7,7,7,7,7,7,5,4,7,4,4,5,4,4,4,4,7,4,4,4,4,4,4,11,Laki-Laki
1,1126,5,5,3,3,7,7,6,7,7,3,7,7,7,7,7,7,7,5,5,3,3,7,7,5,1,1,1,1,1,1,1,1,1,1,9,Laki-Laki
1,1127,2,2,2,2,6,6,6,2,2,4,7,7,7,6,6,6,6,6,4,6,5,2,2,3,6,6,2,1,2,1,2,5,2,5,6,Laki-Laki
1,1129,5,3,4,3,3,7,6,7,7,6,7,6,6,6,6,7,5,5,3,3,4,6,2,2,1,1,3,1,3,2,1,2,2,1,11,Perempuan
1,1140,5,5,4,5,6,7,5,5,4,5,3,2,6,6,5,7,7,5,5,6,5,5,5,5,6,6,5,7,2,2,4,3,2,6,5,Perempuan
1,1143,2,2,1,2,2,4,3,2,5,1,4,4,4,1,2,4,1,7,7,6,6,7,5,2,5,2,4,5,3,4,7,5,5,5,1,Laki-Laki
1,1148,3,7,7,7,6,6,6,5,5,1,1,5,5,2,3,7,7,3,7,7,3,7,5,6,7,7,2,7,6,5,1,5,1,7,11,Perempuan
1,1150,4,3,2,4,4,5,3,2,4,1,4,1,2,3,2,3,2,5,3,4,4,6,6,4,6,2,6,5,3,3,3,7,5,7,1,Perempuan
1,1155,1,1,1,1,1,4,1,1,1,1,1,1,1,1,2,2,1,7,7,7,7,7,4,7,7,7,4,7,4,2,4,7,7,7,1,Perempuan
1,1157,5,3,1,1,3,7,7,7,7,3,7,5,7,7,7,7,7,7,5,7,6,5,1,1,1,1,3,1,3,1,3,2,1,3,11,Laki-Laki
1,1161,5,5,2,4,7,6,2,5,4,3,1,6,6,6,4,4,4,6,4,6,4,5,7,6,6,6,1,1,5,5,3,3,5,3,6,Perempuan
1,1162,7,6,5,5,7,6,7,1,7,2,7,5,7,6,5,7,6,7,3,2,6,7,6,7,7,2,2,2,4,1,2,2,1,2,3,Perempuan
1,1165,2,1,5,2,7,2,7,2,7,1,1,6,5,7,7,7,7,7,3,4,1,7,2,1,7,1,7,7,1,1,7,1,1,6,9,Perempuan
1,1166,1,1,1,1,1,1,1,7,1,1,7,1,7,1,1,1,1,7,7,5,7,7,7,7,7,7,4,1,5,1,4,1,6,7,1,Laki-Laki
1,1167,6,2,5,6,6,7,6,4,6,6,7,7,6,7,7,7,5,6,2,7,7,7,7,1,6,7,6,7,1,1,1,4,7,5,10,Perempuan
1,1169,1,1,1,3,3,4,3,1,1,1,1,1,5,1,1,1,1,7,7,5,4,6,6,6,7,7,6,5,5,3,6,1,6,7,4,Laki-Laki
1,1174,6,5,6,5,6,6,5,5,6,7,6,7,6,7,7,7,5,2,2,2,2,2,2,2,2,1,1,2,2,2,2,2,1,2,10,Perempuan
1,1176,6,2,1,1,3,5,1,1,1,1,1,1,1,1,1,5,6,6,3,2,7,5,3,5,7,7,7,7,7,5,7,3,3,7,1,Laki-Laki
1,1178,7,7,7,6,6,6,6,6,6,6,6,6,6,6,6,6,6,1,2,2,2,2,2,2,2,2,2,2,2,2,3,2,2,3,10,Perempuan
1,1179,1,1,1,1,1,3,1,1,1,1,2,1,2,1,2,2,1,6,7,7,6,6,5,5,7,7,5,7,7,5,7,7,5,7,2,Perempuan
1,1180,4,2,3,3,6,6,2,2,4,3,6,1,2,2,2,2,2,4,3,4,5,3,3,3,6,5,3,4,3,3,3,3,5,5,6,Perempuan
1,1182,5,2,2,4,6,7,6,4,5,3,3,3,7,5,5,5,6,5,3,3,6,2,5,3,4,3,4,5,2,2,4,5,3,4,10,Perempuan
1,1185,4,4,4,3,6,5,5,4,3,3,6,3,5,5,4,5,6,4,2,4,4,3,5,4,4,3,4,5,5,3,4,4,4,4,3,Perempuan
1,1187,4,1,1,1,4,4,4,4,4,4,4,1,4,4,4,4,1,4,4,5,4,4,4,4,4,4,4,4,4,4,4,4,4,4,5,Laki-Laki
1,1191,6,2,2,3,1,7,6,1,5,1,4,1,6,1,4,5,2,2,5,4,4,7,3,2,7,4,5,5,1,2,4,5,3,7,5,Laki-Laki
1,1193,7,3,4,4,7,7,1,1,7,1,7,1,7,7,4,7,4,4,1,1,4,1,6,7,7,1,1,7,1,1,1,1,1,7,11,Perempuan
1,1199,6,2,2,3,7,4,2,6,5,2,6,3,7,5,2,3,1,6,2,2,3,4,6,4,2,2,6,2,5,1,4,3,5,3,1,Perempuan
1,1201,2,6,7,4,7,7,7,7,2,2,7,7,7,6,4,4,2,6,2,2,7,1,1,2,6,1,6,4,7,1,4,7,4,7,3,Perempuan
1,1203,4,2,2,2,5,5,2,1,2,1,5,1,3,3,2,5,1,4,4,5,7,2,5,6,6,5,6,2,3,5,7,5,3,5,2,Perempuan
1,1204,2,1,4,2,3,4,2,1,2,1,1,1,4,1,3,4,2,6,5,3,7,4,4,7,7,6,5,7,5,2,7,5,7,7,1,Perempuan
1,1205,2,2,2,3,3,3,2,5,1,2,4,5,5,3,1,4,3,6,6,6,5,5,5,5,3,7,5,5,6,6,7,5,6,4,3,Perempuan
1,1206,6,4,5,3,6,6,4,4,3,5,2,3,7,5,2,2,4,6,3,4,3,3,3,4,7,5,5,6,3,2,6,2,6,2,2,Perempuan
1,1207,1,1,1,1,3,3,1,1,1,1,1,1,7,1,1,4,1,7,7,7,7,5,5,7,7,7,5,7,5,1,7,5,7,7,1,Laki-Laki
1,1210,4,4,1,2,6,7,7,2,1,1,7,7,6,1,1,1,1,4,4,1,1,1,5,1,5,1,1,1,1,1,1,1,1,1,6,Perempuan
1,1211,1,1,1,1,1,5,1,5,1,1,1,1,1,1,1,1,1,2,2,2,7,7,1,4,5,6,4,1,5,6,6,6,4,6,5,Laki-Laki
1,1214,2,3,2,2,2,5,5,1,2,1,2,6,2,1,2,5,1,6,5,5,7,6,5,5,7,6,7,6,7,7,7,5,5,7,1,Perempuan
1,1223,2,3,3,4,1,4,2,1,1,1,1,1,1,1,1,1,1,7,2,6,4,6,6,6,7,4,4,7,4,3,4,4,7,7,1,Laki-Laki
1,1225,2,2,3,3,2,2,2,2,2,2,2,2,2,2,2,2,2,6,6,6,6,6,6,6,6,5,6,6,5,5,5,5,6,5,1,Laki-Laki
1,1231,4,3,7,6,7,7,3,6,6,7,7,3,7,6,5,6,5,6,4,3,4,4,4,5,4,3,3,2,3,3,3,2,3,3,6,Perempuan
1,1232,5,3,3,4,7,7,6,6,5,4,7,5,7,7,6,7,7,4,1,2,4,1,1,2,2,1,1,1,4,1,1,1,1,2,11,Perempuan
1,1234,3,2,2,3,6,7,3,5,7,1,6,3,7,6,6,6,6,6,5,2,3,2,2,5,2,2,4,2,3,1,4,2,2,6,9,Perempuan
1,1237,4,4,3,3,4,5,4,3,4,3,7,1,7,4,4,5,4,4,4,3,4,5,3,5,5,3,4,3,5,3,4,4,7,7,6,Laki-Laki
1,1239,5,4,1,4,7,7,7,1,1,1,7,5,5,7,5,7,7,4,4,7,4,4,3,1,7,7,7,1,4,1,7,4,7,1,5,Perempuan
1,1246,4,4,3,4,5,5,3,3,4,2,6,2,6,3,2,4,3,4,4,3,4,5,3,5,5,4,4,3,5,3,4,3,5,6,3,Perempuan
1,1247,5,3,5,3,6,7,5,4,6,2,7,4,7,4,4,5,5,4,4,3,6,4,6,3,3,3,5,3,3,6,4,4,4,4,1,Perempuan
1,1248,6,6,5,6,7,6,5,5,6,5,5,5,5,5,6,7,1,4,2,4,4,7,4,7,4,1,7,7,7,7,7,7,7,7,3,Laki-Laki
1,1249,3,3,2,2,5,5,4,4,4,2,5,2,4,2,3,3,4,4,4,4,5,3,4,3,3,2,4,3,3,3,4,4,4,2,6,Perempuan
1,1251,5,4,6,4,6,6,5,4,5,4,5,3,7,4,4,5,5,4,3,2,4,4,5,3,2,3,4,3,3,2,3,3,2,4,2,Perempuan
1,1252,6,6,3,7,7,7,5,7,7,6,7,7,7,7,4,6,7,4,2,5,2,4,2,4,1,1,1,1,2,2,2,2,2,1,11,Laki-Laki
1,1253,3,5,2,2,6,7,4,5,2,2,7,6,5,5,2,5,1,5,3,6,6,3,4,5,3,6,5,2,6,2,2,2,5,2,4,Laki-Laki
1,1254,4,4,1,4,4,5,3,7,6,4,7,6,6,7,7,7,6,4,1,6,4,6,2,2,1,1,2,1,2,1,2,2,1,1,11,Laki-Laki
1,1255,4,4,2,3,3,3,4,4,4,6,6,4,1,1,1,4,1,4,4,5,5,5,5,4,6,4,2,2,4,3,2,2,2,6,6,Laki-Laki
1,1256,4,5,5,4,5,3,4,5,3,6,7,7,7,7,3,6,6,6,1,5,1,1,4,5,3,7,6,1,1,7,7,5,7,5,11,Laki-Laki
1,1264,4,1,2,1,6,7,5,3,3,4,6,2,5,4,5,6,6,3,3,4,4,3,4,2,3,3,3,2,3,3,3,4,3,2,6,Perempuan
1,1265,4,2,2,2,4,5,4,4,5,4,5,3,4,5,5,6,6,4,4,4,4,4,5,4,4,3,4,3,2,4,3,3,4,4,6,Laki-Laki
1,1267,4,3,2,2,3,6,4,3,3,4,6,2,2,5,3,5,4,4,5,5,3,5,4,5,5,3,4,2,3,3,4,4,3,3,3,Perempuan
1,1271,4,2,3,2,4,6,3,4,3,5,7,2,4,3,2,4,3,4,3,3,3,3,3,3,3,4,3,3,3,3,3,3,5,4,6,Perempuan
1,1279,5,2,5,5,7,7,5,1,4,5,7,4,4,5,3,6,2,6,2,3,2,2,4,3,2,4,3,2,4,2,3,3,3,3,6,Perempuan
1,1282,6,4,6,7,5,7,7,4,7,4,4,4,7,6,6,6,1,1,1,1,1,4,1,1,4,1,1,3,4,1,1,4,1,1,11,Perempuan
1,1284,2,1,1,1,7,2,1,4,2,1,1,1,3,1,1,2,2,4,3,5,6,2,5,6,6,4,6,6,1,5,3,5,6,7,1,Perempuan
1,1285,4,3,3,3,7,7,5,6,3,6,7,7,7,7,5,5,7,3,2,4,4,1,2,2,1,3,1,1,1,1,1,1,3,1,10,Laki-Laki
1,1286,5,2,1,1,5,6,6,5,5,1,5,2,3,1,1,4,3,4,2,1,3,3,4,4,1,2,2,4,4,3,2,4,2,6,1,Perempuan
1,1289,2,2,2,3,4,6,5,5,5,3,5,4,4,4,4,5,5,5,4,5,5,5,6,5,3,3,4,4,5,5,5,3,4,4,8,Laki-Laki
2,152,3,3,5,5,7,7,7,2,4,4,7,7,7,7,5,6,7,5,5,3,4,2,2,1,5,3,4,1,1,1,4,1,2,1,8,Perempuan
2,160,4,3,4,2,6,7,3,2,6,3,3,1,6,4,3,4,6,5,2,2,2,5,5,6,6,2,2,7,4,1,3,2,6,7,1,Laki-Laki
2,162,4,4,2,7,4,7,7,6,7,7,7,4,5,5,6,6,7,4,4,5,2,4,4,2,2,1,3,2,3,2,4,2,2,4,11,Perempuan
2,163,4,3,3,3,5,5,3,3,5,4,4,3,4,3,4,4,4,4,4,4,3,4,2,5,4,3,5,4,3,4,4,5,4,6,1,Perempuan
2,164,1,1,2,2,2,6,1,1,2,2,4,4,2,6,1,4,1,7,2,4,6,6,5,6,7,5,2,2,2,6,5,4,4,6,1,Perempuan
2,166,1,1,1,1,1,7,4,1,1,2,4,1,7,4,1,4,1,7,7,4,7,7,7,4,7,7,4,4,4,4,7,4,4,7,5,Perempuan
2,169,3,3,5,3,3,5,4,3,3,3,5,5,4,5,4,6,4,4,3,3,4,5,3,4,4,5,4,2,4,3,4,3,2,4,2,Perempuan
2,174,3,3,3,4,6,6,3,3,1,2,6,4,4,5,3,3,6,5,3,5,4,3,3,5,5,6,4,1,2,4,3,3,6,5,4,Laki-Laki
2,177,3,5,4,4,4,5,3,4,3,1,4,1,4,2,2,5,1,6,3,4,5,5,5,7,3,3,5,4,3,4,6,4,5,7,1,Laki-Laki
2,178,3,2,4,4,5,2,2,2,2,2,4,2,2,2,4,2,2,6,5,4,5,2,6,6,5,6,4,4,5,6,6,5,6,5,5,Perempuan
2,179,4,4,3,3,1,6,3,1,4,1,5,1,7,1,1,5,1,2,2,6,5,7,4,3,1,3,4,2,1,1,5,1,4,1,2,Laki-Laki
2,180,4,3,3,4,3,7,5,3,6,4,6,5,6,5,5,6,4,6,4,5,6,4,6,5,4,3,3,3,3,5,4,3,1,6,7,Perempuan
2,181,1,1,2,2,2,3,2,1,1,1,7,5,4,5,3,5,2,6,7,6,7,6,6,6,6,6,5,2,5,3,4,4,3,5,1,Laki-Laki
2,185,5,5,2,4,6,7,3,1,3,2,2,2,3,2,2,2,3,3,3,6,4,3,3,5,7,5,4,6,6,5,5,4,5,6,2,Perempuan
2,187,7,7,3,7,7,7,7,1,4,4,4,4,7,5,5,7,5,4,1,4,4,1,1,1,5,5,5,5,5,5,5,5,5,5,6,Laki-Laki
2,191,2,2,2,3,4,5,2,3,4,3,4,2,4,2,2,3,4,5,4,5,4,5,3,5,4,4,5,5,3,3,5,3,5,6,2,Perempuan
2,194,3,3,2,3,3,3,2,6,4,1,1,1,2,2,2,3,1,4,4,2,6,5,5,5,6,4,6,6,5,4,6,7,5,7,1,Laki-Laki
2,195,1,1,3,1,4,7,3,2,1,1,2,1,1,1,1,6,1,7,7,5,7,4,3,6,6,7,7,7,5,7,7,7,2,7,1,Laki-Laki
2,198,3,2,3,1,5,4,3,1,1,1,1,1,2,1,2,5,2,6,3,6,6,5,5,3,7,6,7,6,6,3,7,5,4,6,2,Perempuan
2,204,5,2,3,2,5,7,5,5,5,2,7,2,7,2,1,3,7,6,7,6,1,7,2,5,6,2,2,2,1,2,3,6,2,6,1,Perempuan
2,205,1,1,1,1,4,7,7,1,6,1,1,1,4,1,4,1,4,5,5,5,5,6,7,6,7,4,6,7,4,4,5,6,6,7,6,Perempuan
2,206,4,4,5,5,5,6,6,4,5,5,7,6,7,7,6,6,6,4,4,5,4,4,5,3,4,5,5,1,2,2,2,2,1,2,11,Laki-Laki
2,211,7,3,1,1,6,7,2,1,2,1,1,1,4,1,1,2,7,1,4,7,1,4,7,5,7,4,7,6,4,5,4,2,7,7,2,Perempuan
2,213,6,2,3,3,6,6,6,4,6,4,7,3,5,4,5,5,6,5,5,5,6,5,5,1,4,2,4,5,4,5,6,5,5,5,1,Laki-Laki
2,217,2,1,2,1,2,4,1,1,1,1,7,1,7,1,1,1,1,7,5,7,7,7,4,7,7,7,6,4,4,4,7,3,7,7,1,Perempuan
2,221,2,2,4,3,2,3,1,2,2,2,3,2,3,3,2,2,3,6,6,4,5,6,5,7,4,4,4,5,2,4,4,5,5,5,1,Perempuan
2,222,5,4,5,6,6,6,6,5,6,3,6,5,6,6,3,5,5,4,3,2,3,2,3,4,5,3,3,1,3,1,3,3,5,5,9,Perempuan
2,224,6,2,1,1,2,3,3,6,3,1,1,1,3,1,1,1,1,6,6,6,7,5,6,5,3,7,7,7,7,6,6,5,6,5,3,Laki-Laki
2,228,3,3,3,4,2,3,3,2,6,5,5,2,6,6,6,7,5,3,4,6,4,5,5,3,6,2,4,5,2,2,2,2,2,5,11,Perempuan
2,230,1,1,1,3,3,2,3,5,1,1,3,4,1,3,3,5,3,4,5,5,7,7,7,5,1,7,7,5,5,7,5,5,3,3,5,Laki-Laki
2,232,3,3,3,4,2,6,4,6,2,2,4,2,2,2,4,2,4,5,4,6,6,6,5,4,7,7,7,7,4,4,7,4,4,7,1,Laki-Laki
2,233,4,3,3,3,5,2,3,1,2,3,6,3,3,4,2,3,1,4,1,3,4,5,6,6,7,2,3,1,1,3,3,4,4,7,1,Laki-Laki
2,236,5,4,5,4,4,3,3,2,3,3,4,2,3,2,2,2,2,5,3,4,4,3,4,3,4,5,4,6,3,4,3,6,5,4,6,Laki-Laki
2,237,1,1,4,4,1,4,4,1,4,1,7,1,7,1,1,7,1,7,7,4,4,7,7,7,7,1,7,1,7,1,4,4,1,7,1,Laki-Laki
2,238,4,4,2,3,6,6,3,3,1,2,3,3,3,2,2,5,1,5,5,6,6,2,3,5,6,7,4,5,5,4,4,4,2,5,1,Laki-Laki
2,239,1,1,3,1,1,5,1,1,3,3,1,3,4,2,4,5,2,5,7,5,7,7,5,7,6,5,4,7,3,3,5,7,3,7,1,Laki-Laki
2,244,7,7,4,7,7,7,4,7,7,7,7,7,7,7,7,7,7,1,1,4,1,1,1,1,1,1,1,1,1,1,1,1,7,7,11,Laki-Laki
2,246,2,2,3,1,4,5,3,1,4,1,4,5,5,5,3,4,3,4,4,3,3,3,5,5,5,3,5,3,4,2,5,4,4,4,3,Perempuan
2,248,2,2,2,2,5,6,3,1,3,2,6,5,5,6,2,6,3,6,3,6,7,3,2,5,6,5,3,3,5,3,3,3,2,6,2,Perempuan
2,249,6,4,5,7,6,7,5,4,6,7,6,4,7,7,5,7,6,6,4,5,3,2,1,1,1,2,3,1,4,2,2,4,1,1,8,Laki-Laki
2,251,7,4,7,7,7,7,4,7,7,7,7,1,7,4,5,5,7,7,4,1,1,1,1,7,1,1,1,1,1,1,1,1,1,1,6,Laki-Laki
2,252,7,1,3,1,1,4,3,7,7,1,7,1,7,7,4,5,7,7,7,7,7,7,7,3,5,1,5,1,5,1,5,5,4,4,4,Laki-Laki
2,254,6,3,6,5,6,6,3,3,3,3,3,6,6,4,4,3,4,5,3,4,4,4,4,4,4,2,4,6,6,2,4,4,5,5,3,Perempuan
2,257,3,4,6,7,5,7,5,2,6,7,7,5,7,7,6,6,6,3,1,1,2,4,2,2,3,1,2,1,2,1,2,2,1,1,11,Laki-Laki
2,259,4,7,2,3,5,7,7,7,7,6,7,7,7,4,6,7,7,3,3,4,6,4,6,3,1,1,2,1,7,1,3,4,1,3,11,Laki-Laki
2,260,6,4,4,6,7,7,7,5,7,5,7,2,7,7,7,7,7,3,1,2,4,2,1,1,3,1,2,2,3,1,1,1,1,1,11,Laki-Laki
2,261,4,3,2,6,4,7,5,5,5,2,6,6,6,6,5,5,7,5,2,5,3,4,3,3,3,5,3,1,5,2,2,3,2,1,11,Laki-Laki
2,263,6,7,1,1,6,7,1,1,2,1,1,1,1,1,2,1,2,2,2,7,6,1,6,6,6,6,6,7,6,6,6,7,7,6,7,Laki-Laki
2,263,6,6,1,1,7,7,1,1,1,1,1,2,1,1,1,1,3,2,6,7,6,6,6,5,6,6,7,7,6,7,6,7,6,6,7,Laki-Laki
2,264,2,3,1,1,7,6,1,1,5,1,7,1,4,1,1,6,1,7,3,7,7,6,2,7,7,3,7,5,1,1,5,7,3,7,1,Perempuan
2,266,5,5,5,5,5,5,4,5,4,4,5,5,5,4,5,4,4,5,4,4,5,5,4,4,5,5,4,4,4,4,4,4,5,5,6,Laki-Laki
2,268,1,1,4,3,4,5,2,2,1,4,4,4,3,6,2,2,1,6,6,4,7,5,5,6,6,7,4,4,4,5,6,6,5,7,1,Laki-Laki
2,272,2,1,1,1,4,5,3,6,3,1,2,1,1,1,1,3,2,5,7,7,7,5,5,5,3,5,4,4,5,7,5,3,5,5,7,Laki-Laki
2,273,2,2,2,2,2,5,3,5,2,2,5,3,4,3,3,3,3,5,5,5,6,6,3,5,3,3,3,3,3,4,6,3,5,5,6,Laki-Laki
2,280,2,1,3,3,3,6,5,3,3,3,6,5,3,7,6,7,3,6,6,6,6,6,5,5,6,5,5,2,3,3,4,3,6,5,5,Laki-Laki
2,281,5,4,3,2,4,1,2,4,5,1,1,1,2,2,4,5,4,3,4,5,5,3,5,5,3,3,3,7,2,5,4,5,3,3,4,Laki-Laki
2,283,2,2,1,1,3,2,3,4,1,2,3,2,3,1,1,2,1,5,5,5,7,5,4,5,7,7,4,7,5,4,5,4,6,5,1,Perempuan
2,287,4,4,4,7,7,7,7,7,7,7,7,4,7,7,7,7,7,4,4,3,2,1,1,1,1,1,1,1,1,1,1,1,1,1,11,Perempuan
2,294,4,2,3,3,2,4,2,6,2,2,5,2,5,5,3,3,2,4,3,3,3,4,3,4,3,2,4,3,3,3,5,3,3,5,3,Laki-Laki
2,300,4,4,5,5,5,3,6,3,5,2,6,4,5,4,6,6,5,6,4,4,4,6,5,4,5,4,4,4,3,3,3,3,3,3,9,Perempuan
2,303,4,5,5,6,5,5,4,5,5,3,7,4,6,5,4,6,5,4,2,3,4,4,5,5,4,3,3,3,2,2,4,2,2,2,10,Perempuan
2,306,1,1,1,1,3,3,2,1,1,1,1,2,1,1,2,2,2,4,7,7,7,4,5,6,4,7,6,7,6,7,7,4,5,5,6,Laki-Laki
2,308,5,2,3,2,3,4,1,2,3,2,3,1,3,1,3,5,2,4,4,4,6,4,4,6,6,2,4,4,3,3,4,7,4,7,3,Perempuan
2,310,1,5,1,7,1,7,7,7,7,1,7,1,7,7,2,2,7,6,1,7,2,1,1,1,1,1,2,2,1,1,1,6,5,1,7,Perempuan
2,315,2,3,1,1,4,6,3,7,1,1,1,1,1,1,1,1,2,1,5,7,7,5,2,5,7,5,7,7,5,7,7,7,7,7,1,Perempuan
2,316,2,1,1,1,4,4,1,1,5,1,1,1,1,1,1,1,2,4,5,5,6,4,3,5,5,1,3,7,4,7,5,1,3,4,6,Laki-Laki
2,317,1,3,1,1,1,2,1,4,1,1,2,1,1,1,1,5,1,6,6,7,7,7,7,7,5,7,7,4,3,4,7,4,5,4,2,Perempuan
2,320,2,2,2,2,3,4,3,2,2,2,3,1,2,1,1,1,1,2,2,6,6,2,6,4,5,3,2,4,2,3,1,4,4,6,1,Perempuan
2,323,4,6,4,4,4,5,5,5,3,3,5,3,5,4,3,4,3,4,3,4,4,5,4,4,3,5,5,3,3,3,4,4,4,4,10,Laki-Laki
2,324,3,3,3,4,5,5,3,2,3,4,2,5,5,6,3,4,5,5,4,4,5,6,6,3,2,2,3,1,3,3,5,4,5,5,7,Laki-Laki
2,328,6,3,4,3,4,4,2,5,3,2,4,1,2,2,2,4,3,6,3,5,6,6,5,5,4,5,6,4,4,5,6,5,4,5,4,Laki-Laki
2,330,3,2,2,6,7,7,6,7,7,7,7,7,7,7,6,6,7,4,6,6,2,1,1,1,1,1,1,1,1,1,1,7,2,1,8,Laki-Laki
2,330,2,2,2,6,7,7,7,7,7,7,7,7,7,7,7,6,7,2,2,6,2,1,1,1,1,1,1,1,2,1,1,2,2,1,6,Laki-Laki
2,331,4,4,7,7,7,7,7,7,7,1,6,5,7,7,6,7,6,4,5,1,1,1,1,1,1,1,1,2,1,1,1,1,1,1,11,Laki-Laki
2,335,6,7,7,4,7,6,7,7,1,1,3,6,4,4,4,1,3,6,5,6,4,6,7,6,5,6,5,6,6,7,6,7,3,7,1,Perempuan
2,338,1,1,1,1,7,4,7,4,4,4,4,1,4,1,1,4,4,4,4,4,4,4,4,4,4,4,4,4,4,4,4,4,4,4,1,Perempuan
2,339,4,4,4,4,3,5,5,3,5,3,4,5,5,5,4,4,4,4,4,4,4,5,3,3,4,3,5,4,4,3,4,4,4,4,5,Laki-Laki
2,340,2,1,3,2,6,4,2,2,1,1,1,1,1,1,1,1,1,5,6,5,6,3,6,5,5,5,5,5,5,6,6,6,6,3,3,Laki-Laki
2,341,4,2,3,6,4,7,6,3,5,5,6,5,6,5,5,6,4,4,4,3,4,5,3,3,5,2,3,4,4,2,4,5,2,5,10,Laki-Laki
2,344,7,4,6,6,7,7,7,7,7,1,7,7,7,7,4,7,7,7,1,2,1,2,1,1,1,1,1,1,1,1,1,1,1,1,11,Laki-Laki
2,347,6,3,4,3,4,7,7,3,3,4,1,1,7,1,1,1,1,4,4,4,7,3,3,5,5,4,7,7,7,1,1,1,1,1,1,Perempuan
2,349,3,1,1,1,1,5,2,1,1,1,3,1,7,1,1,1,1,5,4,5,7,7,3,4,6,7,6,5,7,1,7,7,7,5,3,Perempuan
2,351,3,5,4,3,6,6,4,2,6,4,6,6,6,4,4,5,5,5,4,3,5,2,3,3,5,2,6,3,3,2,3,3,4,5,2,Perempuan
2,353,3,2,4,3,5,5,4,1,4,1,2,1,1,1,4,4,4,4,5,4,4,4,5,3,7,5,4,7,5,6,7,4,6,6,6,Perempuan
2,355,6,2,5,4,5,7,2,2,3,5,6,2,7,5,2,3,6,6,6,2,3,3,6,5,5,5,7,2,5,1,3,5,5,6,2,Laki-Laki
2,356,1,1,1,1,7,3,3,7,1,1,1,1,1,1,1,1,1,4,7,7,7,1,3,3,1,7,4,6,4,7,4,1,7,7,6,Laki-Laki
2,358,1,1,1,1,2,7,4,7,1,1,4,4,1,1,4,4,1,7,4,7,4,7,7,7,7,7,4,4,4,4,4,4,4,7,1,Laki-Laki
2,359,2,1,1,1,1,7,7,5,5,3,7,4,5,3,5,7,5,5,1,3,7,7,3,3,3,3,4,1,3,3,1,3,5,5,5,Perempuan
2,361,5,2,4,2,3,6,5,4,5,1,6,4,3,5,4,6,6,6,5,5,5,5,4,5,4,2,6,2,2,2,6,2,3,2,2,Perempuan
2,362,5,5,5,5,6,7,6,6,6,6,7,7,7,7,7,7,7,3,3,3,3,4,2,3,3,3,2,1,1,1,1,2,1,2,2,Perempuan
2,366,6,3,2,2,3,5,1,3,7,1,2,1,6,4,3,5,2,5,3,6,5,6,3,6,7,1,5,4,3,2,5,5,3,6,5,Laki-Laki
2,370,1,1,1,1,3,7,1,7,7,1,7,6,4,6,1,5,1,7,7,5,7,7,4,7,1,1,7,1,5,5,4,1,3,7,1,Laki-Laki
2,373,1,3,6,4,2,3,6,2,6,5,7,4,7,6,4,5,5,7,5,2,3,7,7,3,7,3,5,1,3,1,4,5,5,5,2,Perempuan
2,375,1,2,2,4,3,2,2,5,1,1,2,2,1,1,1,2,2,2,2,6,4,6,6,5,3,7,4,7,6,6,4,7,3,4,6,Laki-Laki
2,377,5,4,5,3,7,7,5,1,4,1,7,6,7,7,7,7,4,5,3,4,6,1,5,7,7,4,6,1,3,1,2,4,1,4,8,Laki-Laki
2,381,4,4,4,5,5,7,3,5,4,2,7,2,5,6,4,5,4,4,4,3,5,4,3,5,4,4,5,2,3,2,5,4,3,2,9,Perempuan
2,387,6,5,1,3,6,7,7,6,4,1,7,5,5,5,6,7,6,3,3,6,6,3,1,2,6,2,6,2,4,3,2,6,2,7,8,Perempuan
2,389,6,3,4,5,5,7,5,5,6,5,7,5,7,2,1,6,6,6,4,5,4,6,4,2,4,5,5,4,5,1,1,1,1,4,5,Perempuan
2,390,2,3,1,1,2,3,2,2,3,1,6,2,7,1,3,5,3,6,5,4,7,6,5,4,6,3,6,4,7,3,6,3,5,7,1,Laki-Laki
2,391,5,4,3,2,2,5,4,3,1,3,4,3,5,3,4,4,2,3,3,5,6,6,4,4,5,7,4,5,4,3,5,3,5,3,5,Laki-Laki
2,393,4,5,4,2,5,6,5,3,2,1,7,2,3,4,6,6,3,6,3,5,6,5,5,4,3,4,7,2,6,6,7,2,3,4,2,Laki-Laki
2,401,3,3,3,3,5,4,5,5,3,3,4,3,5,4,3,3,4,3,4,4,4,3,3,4,3,4,4,3,3,4,4,4,4,4,6,Laki-Laki
2,407,3,2,1,3,2,7,3,3,4,2,6,5,3,5,2,4,6,6,5,7,6,7,5,4,7,4,5,3,5,2,5,5,3,6,4,Laki-Laki
2,409,6,6,2,2,6,2,2,2,2,1,5,2,3,2,2,2,3,5,2,3,5,3,7,7,6,6,6,5,5,5,5,5,6,6,3,Perempuan
2,412,2,1,2,2,5,6,2,2,6,1,5,2,3,5,2,5,3,5,6,5,6,3,5,6,7,2,6,3,6,5,7,5,4,7,1,Perempuan
2,414,6,5,6,6,7,6,5,5,6,7,6,5,6,6,4,3,6,3,3,3,3,3,3,4,3,3,3,3,3,3,2,3,4,3,1,Laki-Laki
2,419,5,5,2,1,6,6,4,2,3,1,4,1,2,1,1,3,1,5,2,6,5,2,2,3,3,5,4,4,3,2,4,5,5,5,2,Perempuan
2,421,4,1,3,3,4,6,4,3,5,2,4,2,4,1,2,3,4,4,3,4,4,3,3,4,4,3,3,3,3,3,3,2,5,4,5,Laki-Laki
2,423,5,4,6,2,6,5,3,2,6,1,1,1,5,2,2,5,5,5,5,2,4,5,5,3,7,1,5,7,5,2,4,6,6,6,2,Perempuan
2,437,2,2,2,2,3,6,2,6,3,2,6,2,3,2,2,2,2,2,3,5,6,6,5,6,2,3,5,2,5,2,5,2,6,5,3,Laki-Laki
2,442,5,6,1,6,4,7,6,7,6,2,5,5,5,2,1,6,6,3,2,7,4,2,6,2,2,1,4,6,5,1,4,2,2,2,7,Perempuan
2,452,1,1,5,1,7,7,1,3,4,1,3,1,7,1,1,5,4,7,3,1,7,5,3,7,4,1,4,4,6,4,1,4,3,4,1,Perempuan
2,456,4,4,4,4,4,7,6,4,7,5,7,6,7,7,7,7,6,3,2,2,3,2,6,2,2,1,1,2,2,2,2,7,3,2,8,Perempuan
2,458,2,1,3,2,5,6,3,4,3,6,7,5,7,4,4,4,5,5,5,4,5,4,4,5,4,4,2,2,2,2,1,1,4,1,6,Perempuan
2,471,2,3,1,2,2,7,7,1,5,7,7,7,7,6,1,7,4,6,4,7,5,5,4,4,7,3,4,1,4,4,6,6,2,6,6,Laki-Laki
2,474,2,2,5,3,5,6,4,3,5,2,5,2,4,3,3,4,4,4,3,3,4,2,5,2,4,3,3,2,4,4,3,2,5,6,4,Perempuan
2,478,1,1,2,1,3,2,3,4,1,1,1,1,2,1,2,1,2,6,5,6,6,5,5,5,3,5,4,4,3,5,7,5,5,5,1,Perempuan
2,479,3,3,3,3,4,7,4,1,4,1,7,1,7,7,4,7,7,1,4,4,4,4,4,4,7,4,4,4,4,1,4,1,1,1,1,Perempuan
2,484,4,2,1,1,3,4,4,2,3,3,1,3,1,1,2,4,3,5,3,4,6,5,5,4,6,4,3,6,3,4,5,4,4,5,6,Perempuan
2,487,3,4,2,2,5,3,2,2,2,1,2,2,4,3,2,2,3,5,3,5,5,6,6,6,5,6,5,5,5,3,7,5,4,3,1,Perempuan
2,496,4,3,3,3,7,7,6,5,7,3,7,7,7,7,5,6,4,4,5,5,4,1,1,2,3,1,2,1,3,1,2,7,3,1,8,Perempuan
2,500,6,4,5,4,6,6,5,4,6,3,7,6,5,6,5,3,5,5,3,4,4,5,3,4,6,3,6,2,6,3,5,5,5,6,8,Perempuan
2,502,2,3,3,2,2,3,2,1,1,1,4,2,6,2,1,1,1,4,2,3,4,3,5,4,7,7,3,4,4,1,5,2,6,4,4,Perempuan
2,504,1,1,1,1,1,1,1,1,1,1,1,1,4,4,1,1,1,7,7,7,7,7,7,7,7,7,7,7,7,4,4,1,1,7,1,Perempuan
2,506,2,2,3,2,2,3,3,5,2,2,6,3,3,4,1,6,2,6,5,5,6,6,4,5,6,6,3,2,4,2,3,2,5,5,1,Perempuan
2,511,1,2,1,1,3,3,3,3,3,4,2,2,2,3,3,5,1,5,5,6,6,5,5,5,6,5,4,6,6,5,5,5,3,7,3,Laki-Laki
2,512,3,2,2,1,5,4,6,1,3,1,1,1,1,2,1,1,1,5,7,7,7,6,5,2,7,7,7,7,6,4,7,7,7,5,2,Perempuan
2,517,2,2,1,7,7,7,6,2,6,1,7,1,7,1,4,5,3,2,1,7,2,3,1,1,5,1,5,1,1,1,2,2,2,1,10,Perempuan
2,518,6,2,4,3,3,5,2,3,1,2,1,1,5,3,2,5,1,6,5,5,7,5,5,6,5,3,4,6,5,3,5,2,5,3,3,Perempuan
2,525,4,4,1,1,4,7,4,1,1,1,1,1,1,1,1,1,1,7,4,4,7,7,1,4,7,7,4,7,7,7,7,1,7,7,1,Perempuan
2,527,1,1,2,6,4,6,6,7,5,3,7,4,7,7,1,5,6,6,2,4,4,6,2,1,1,1,2,1,1,1,1,1,2,2,10,Perempuan
2,533,3,3,3,4,5,6,1,1,4,1,4,1,4,7,6,6,6,2,4,3,7,4,2,5,7,1,4,4,5,2,3,4,4,7,1,Laki-Laki
2,536,2,3,1,3,5,6,5,4,3,2,5,5,6,6,2,4,5,5,4,6,5,4,4,2,3,4,5,2,5,2,4,3,2,2,7,Laki-Laki
2,538,3,3,1,1,3,3,3,5,1,2,2,2,1,1,1,1,1,3,3,7,5,5,7,5,1,7,6,7,7,7,7,3,6,3,6,Laki-Laki
2,547,1,2,1,1,1,5,3,1,1,4,2,1,7,1,1,5,1,7,6,7,7,6,4,5,7,6,5,5,5,1,1,4,5,7,1,Laki-Laki
2,553,2,3,4,2,3,2,1,2,3,2,4,1,4,2,2,4,2,5,5,4,5,5,6,7,6,4,6,4,5,4,5,4,4,6,1,Laki-Laki
2,554,3,3,3,3,5,6,2,5,5,5,6,5,6,6,3,5,6,6,3,6,6,6,3,5,3,2,2,2,3,2,6,2,3,3,4,Laki-Laki
2,556,5,5,1,6,6,7,5,5,7,2,6,5,6,7,7,7,7,2,3,7,2,2,3,5,1,1,3,1,3,1,2,5,1,1,11,Laki-Laki
2,558,1,1,1,1,4,7,4,1,4,1,7,4,4,4,1,7,4,1,7,7,7,7,7,7,5,7,2,7,7,1,7,4,4,7,6,Laki-Laki
2,564,4,5,3,3,4,6,4,5,4,4,5,5,5,3,3,3,5,3,3,5,5,5,3,3,5,3,3,3,3,3,3,3,3,5,9,Perempuan
2,566,3,3,4,5,6,7,5,2,5,3,4,3,4,3,2,3,5,5,5,4,3,5,5,3,6,3,6,4,6,4,5,6,5,4,9,Laki-Laki
2,568,5,5,2,2,2,6,6,2,6,2,6,4,2,4,5,6,4,3,3,6,4,6,2,2,4,2,6,2,5,6,4,3,3,4,7,Perempuan
2,569,4,4,3,4,4,5,5,4,4,5,4,4,4,3,4,4,4,4,4,5,4,4,3,3,4,4,4,4,4,4,4,4,4,3,6,Laki-Laki
2,570,2,2,2,1,3,2,3,6,7,4,7,1,4,6,2,5,7,6,4,7,7,6,6,5,1,1,3,1,4,3,2,5,2,5,7,Laki-Laki
2,574,4,4,4,4,3,3,4,4,3,4,4,3,3,4,4,3,3,3,3,3,3,4,3,3,3,3,3,3,3,3,3,3,3,3,6,Laki-Laki
2,577,3,2,2,1,2,3,3,1,2,1,6,1,2,1,1,4,2,3,2,6,7,5,6,6,7,2,7,3,6,1,7,7,7,7,1,Perempuan
2,578,6,3,2,5,6,6,6,7,4,2,6,3,3,6,5,6,6,6,3,6,6,3,2,2,2,2,3,2,2,2,5,6,2,2,9,Laki-Laki
2,579,6,5,5,5,2,6,4,3,2,1,7,1,5,4,2,5,5,3,3,3,4,5,3,4,3,6,5,1,3,2,5,4,3,3,4,Laki-Laki
2,582,2,3,2,2,2,6,6,5,4,1,7,1,7,4,1,4,1,1,3,4,4,6,2,6,3,3,4,1,3,2,4,2,4,5,3,Laki-Laki
2,585,2,2,2,3,4,4,4,2,2,1,7,1,2,1,2,2,2,5,4,5,5,5,5,5,5,5,5,4,5,5,7,5,6,7,1,Perempuan
2,586,5,1,2,5,3,6,2,4,1,1,5,1,5,1,1,1,2,6,6,5,3,6,3,5,4,6,5,1,2,3,7,1,6,4,6,Laki-Laki
2,587,5,4,2,4,3,1,1,7,4,1,2,1,1,1,2,1,2,5,4,5,2,5,7,7,1,4,1,6,6,7,4,6,5,4,6,Laki-Laki
2,591,5,4,2,4,5,6,1,3,5,2,4,1,2,1,3,7,4,4,1,6,4,7,7,6,5,1,4,2,6,4,5,4,1,7,6,Laki-Laki
2,595,3,3,2,4,6,6,4,4,4,5,4,2,5,4,3,4,3,5,3,5,3,3,3,4,3,3,3,3,3,3,3,2,3,3,6,Perempuan
2,602,5,3,2,2,1,6,2,2,2,1,7,2,7,1,2,2,1,4,2,7,7,7,2,7,7,2,3,2,1,2,4,5,7,7,4,Laki-Laki
2,604,2,2,2,2,2,2,2,2,1,2,7,2,2,2,2,2,2,6,6,6,6,6,6,6,6,6,6,6,6,6,6,6,6,6,3,Perempuan
2,611,5,4,4,4,4,7,5,3,6,2,3,2,3,3,3,2,3,4,3,3,4,5,4,3,6,2,5,5,2,4,5,4,3,6,10,Perempuan
2,613,6,5,3,3,6,7,5,6,5,5,5,5,6,6,5,6,5,6,3,5,5,3,5,5,3,3,3,3,5,2,5,3,3,5,10,Perempuan
2,615,3,2,2,3,4,6,3,2,5,3,7,2,6,4,1,5,6,5,4,3,5,5,3,4,2,3,5,1,5,2,4,4,4,6,2,NA
2,624,2,2,2,2,2,2,2,2,2,2,2,1,3,1,3,4,3,4,2,3,4,5,4,4,5,5,5,5,5,4,5,5,4,5,3,Perempuan
2,628,2,2,4,4,3,5,3,6,3,2,4,4,2,4,3,4,2,2,6,5,5,5,5,6,6,5,6,2,4,2,6,3,5,6,1,Laki-Laki
2,632,4,1,2,2,2,5,2,1,2,6,1,4,6,1,2,2,2,5,3,5,6,6,5,6,6,6,6,6,2,2,7,3,5,7,1,Perempuan
2,634,2,1,1,2,2,3,1,3,2,1,2,1,3,1,1,3,1,4,3,4,3,6,3,5,4,5,4,2,3,3,5,3,5,4,6,Laki-Laki
2,637,3,3,4,4,7,5,4,1,2,1,4,1,7,1,1,4,2,5,5,3,4,3,3,3,7,6,4,4,6,1,4,7,4,7,3,Perempuan
2,640,3,2,2,2,2,3,2,4,5,4,3,1,4,1,2,4,3,5,6,5,6,6,6,5,4,3,5,5,6,4,7,5,5,6,1,Laki-Laki
2,643,1,3,2,4,4,4,3,1,4,4,5,2,3,1,4,5,4,5,7,7,4,5,5,5,7,4,5,2,5,3,6,4,3,4,1,Laki-Laki
2,646,4,4,6,6,6,7,7,4,4,6,6,2,5,6,5,7,4,5,4,3,2,2,1,3,6,4,4,7,5,4,5,4,2,6,10,Perempuan
2,656,5,4,3,4,3,7,4,1,1,1,1,1,5,1,2,3,1,4,2,6,4,3,2,4,7,7,6,7,1,2,1,4,4,1,1,Laki-Laki
2,658,1,1,1,1,5,5,2,1,1,1,3,1,1,1,1,6,1,5,6,7,7,4,3,5,6,7,3,5,5,7,6,4,3,7,1,Laki-Laki
2,660,1,1,1,1,1,5,3,1,1,1,1,1,4,1,1,1,1,7,4,5,5,7,5,6,7,7,4,7,7,4,6,5,7,7,1,Perempuan
2,664,4,5,4,5,6,7,5,6,6,6,4,4,6,6,6,6,6,5,3,5,3,4,4,4,5,3,4,6,4,3,6,5,3,6,10,Laki-Laki
2,672,3,3,1,3,2,7,3,2,2,6,5,2,3,2,3,6,2,5,5,6,5,6,3,5,6,5,6,2,3,3,6,3,3,6,4,Laki-Laki
2,680,2,1,2,2,2,2,1,2,1,1,1,1,1,1,1,1,1,6,5,5,7,6,7,6,6,7,6,7,7,7,7,3,6,6,1,Laki-Laki
2,681,3,5,2,3,3,4,2,5,4,2,7,5,6,6,5,5,6,5,1,5,5,6,5,6,3,3,5,1,5,2,1,2,3,2,7,Laki-Laki
2,685,5,5,2,4,7,7,7,1,5,4,7,7,7,7,7,7,7,4,4,7,2,3,2,1,5,1,1,1,1,1,1,1,1,4,11,Laki-Laki
2,691,6,1,3,3,2,6,1,1,1,1,1,1,4,1,1,1,4,7,7,5,7,7,2,7,7,7,4,7,6,6,7,4,7,7,2,Perempuan
2,712,1,1,1,1,1,5,5,1,1,1,1,1,1,1,2,2,2,6,7,7,7,7,6,7,7,5,6,7,7,5,4,6,7,7,1,Laki-Laki
2,713,1,1,1,1,4,5,3,1,1,1,1,1,1,1,1,1,1,5,5,5,6,5,5,4,7,6,6,7,4,5,7,5,7,7,1,Laki-Laki
2,719,1,1,1,1,4,4,7,1,1,7,4,4,4,5,1,4,1,1,7,7,7,4,4,7,7,7,5,7,5,5,5,4,4,6,1,Laki-Laki
2,720,6,5,2,4,7,7,6,5,7,5,6,4,3,3,6,6,6,2,3,2,3,2,3,3,2,2,3,3,5,4,3,5,2,2,9,Laki-Laki
2,725,1,1,1,3,3,4,3,1,1,1,3,1,1,1,3,3,1,7,7,5,5,5,5,5,7,7,4,7,7,7,7,5,5,7,1,Laki-Laki
2,727,2,3,6,5,6,6,4,2,3,6,6,2,6,4,6,6,3,5,2,3,4,2,2,4,6,2,3,1,6,2,4,3,5,6,7,Perempuan
2,728,2,2,2,2,2,4,2,1,2,2,2,1,1,1,1,1,1,5,5,6,6,7,7,7,7,7,7,7,5,4,6,5,6,7,1,Perempuan
2,731,4,3,3,4,2,6,4,1,4,4,4,4,5,4,4,6,2,3,4,5,5,7,3,3,6,4,4,3,5,3,4,5,2,5,6,Perempuan
2,732,5,4,5,5,6,6,7,3,7,1,5,5,5,6,6,7,6,7,2,3,7,6,5,4,4,1,7,5,5,5,6,4,1,2,11,Perempuan
2,735,2,2,2,4,7,7,6,5,6,4,7,4,7,5,4,6,6,5,3,5,4,1,5,2,3,3,4,1,4,1,4,1,1,1,10,Perempuan
2,737,4,4,3,3,5,5,4,2,4,2,7,1,2,1,2,2,2,4,3,2,3,4,4,4,5,2,5,1,2,4,5,3,4,4,1,Laki-Laki
2,740,3,2,5,2,5,7,2,6,3,1,5,2,3,2,3,6,6,6,3,2,6,5,6,6,2,5,6,3,5,3,7,5,2,7,2,Laki-Laki
2,741,2,4,3,2,4,4,3,1,3,4,1,1,3,1,3,4,1,4,1,3,3,4,5,4,6,3,2,7,3,4,3,2,3,2,3,Perempuan
2,744,4,4,2,2,6,7,7,7,7,6,7,4,7,7,7,7,7,3,3,5,6,2,2,3,1,7,2,1,2,1,1,2,2,1,11,Perempuan
2,746,4,2,2,2,5,5,4,2,2,1,1,1,1,1,4,4,2,5,4,4,5,5,4,4,5,5,7,7,5,6,4,5,4,7,3,Perempuan
2,749,2,2,1,7,6,2,1,7,1,1,7,1,7,7,1,1,1,3,1,6,1,3,7,1,1,1,1,1,1,7,4,1,1,1,11,Perempuan
2,752,2,3,2,2,4,6,3,3,1,4,6,6,6,6,2,2,2,6,6,5,5,4,4,6,6,2,3,3,2,2,4,2,2,6,1,Laki-Laki
2,757,6,5,7,7,7,6,6,5,7,7,2,1,6,3,7,7,7,4,1,3,3,4,5,2,2,1,3,7,3,2,1,2,1,6,11,Perempuan
2,758,7,5,4,7,7,7,7,7,7,7,7,7,7,7,7,7,7,1,1,4,1,1,1,1,1,1,1,1,1,1,1,1,1,1,11,Laki-Laki
2,762,1,3,3,1,6,7,4,2,5,1,6,3,1,1,1,4,1,6,6,2,6,2,1,5,6,2,7,3,7,7,7,7,4,7,1,Perempuan
2,764,1,1,4,4,1,1,1,7,1,1,1,1,1,1,1,4,1,1,5,5,4,7,7,7,1,7,7,7,7,7,7,7,2,2,6,Laki-Laki
2,784,1,1,3,2,5,3,7,1,6,1,7,1,6,1,1,5,1,7,7,4,7,4,6,7,7,2,7,1,7,7,7,7,6,7,1,Perempuan
2,791,6,6,6,6,6,7,7,7,7,7,7,7,7,7,7,7,7,4,2,1,1,1,3,3,1,1,1,1,1,1,1,1,1,1,11,Perempuan
2,792,6,4,2,2,3,7,2,1,5,2,7,3,6,4,5,6,3,3,4,7,6,7,6,7,7,3,6,1,2,2,4,5,3,7,3,Laki-Laki
2,794,6,6,6,7,7,7,7,3,7,7,7,7,7,7,7,7,7,2,1,1,1,1,1,2,2,1,1,1,1,1,1,3,1,3,11,Perempuan
2,800,2,2,1,1,3,5,2,1,5,1,1,1,4,1,1,1,4,1,5,7,4,7,2,7,6,2,5,7,4,3,7,5,6,7,1,Perempuan
2,807,1,1,1,1,1,3,2,1,1,1,1,1,2,1,1,1,4,7,6,7,7,5,4,5,7,7,7,7,6,5,7,6,7,7,1,Perempuan
2,810,1,1,3,6,4,6,5,2,1,2,5,3,3,3,4,6,2,7,7,6,3,3,3,3,7,7,6,4,5,3,5,3,2,7,3,Perempuan
2,811,5,4,5,7,7,7,7,6,7,4,6,6,6,7,1,1,7,4,1,1,2,2,2,2,2,3,2,3,4,3,4,2,2,2,11,Laki-Laki
2,815,6,4,4,4,6,5,4,2,6,2,6,6,6,5,2,2,6,6,4,5,5,5,6,6,6,6,6,6,6,3,6,3,6,5,2,Perempuan
2,818,4,3,5,4,6,7,4,5,3,4,7,3,5,4,4,5,6,5,4,3,4,2,3,2,3,5,4,1,2,3,5,3,3,3,9,Perempuan
2,826,5,1,3,2,4,4,5,5,2,2,6,1,5,4,3,3,4,4,4,3,4,4,5,5,4,5,5,4,3,3,4,4,3,5,6,Laki-Laki
2,835,4,4,2,2,2,6,3,6,2,6,7,6,7,7,6,7,6,3,3,6,6,4,5,6,3,3,1,1,6,2,2,4,1,2,11,Laki-Laki
2,838,7,6,6,7,7,7,7,7,7,6,7,7,7,7,7,7,7,1,1,1,3,1,1,3,3,1,2,1,1,1,1,2,1,1,11,Laki-Laki
2,839,5,2,4,4,6,6,6,5,5,5,7,6,6,6,5,5,6,5,4,4,4,1,2,2,3,2,2,1,2,2,2,4,3,2,11,Perempuan
2,853,7,6,6,6,7,7,7,6,7,7,7,7,7,7,6,7,7,2,2,2,2,1,1,2,1,1,1,1,1,1,1,2,1,2,11,Perempuan
2,854,6,5,6,4,6,7,4,5,5,5,6,6,1,7,4,5,5,4,1,1,3,3,3,4,1,2,2,2,3,2,3,3,3,3,9,Perempuan
2,856,7,4,3,7,7,7,5,6,4,3,7,4,7,5,3,3,6,3,2,3,3,2,2,4,3,5,4,1,3,1,3,3,5,4,11,Laki-Laki
2,860,3,2,2,2,1,2,1,1,1,2,1,1,1,1,2,6,2,6,5,6,6,7,6,5,7,6,6,7,7,7,7,6,6,7,1,Laki-Laki
2,861,2,2,2,2,4,5,2,4,4,2,4,3,5,4,2,4,3,6,5,5,5,3,6,6,5,5,5,4,5,3,6,2,5,3,3,Laki-Laki
2,878,6,7,7,4,7,7,3,7,7,7,7,7,7,4,7,7,7,1,1,1,2,2,2,2,2,2,2,2,2,2,2,2,2,2,1,Perempuan
2,891,5,4,4,5,5,5,6,4,6,3,4,3,3,3,3,4,4,5,4,4,4,5,4,4,4,3,5,4,5,5,3,6,6,4,1,Perempuan
2,895,5,6,5,4,6,7,7,5,7,6,6,6,6,5,6,6,6,2,1,2,4,2,1,1,3,1,4,2,5,2,3,2,2,2,8,Laki-Laki
2,896,5,5,6,6,6,6,6,6,4,4,6,3,5,4,4,6,6,5,4,4,3,3,3,3,3,4,4,2,3,3,3,3,3,3,6,Laki-Laki
2,898,3,3,2,2,1,5,4,4,2,2,4,3,4,4,2,2,3,5,4,6,5,5,3,5,4,6,4,5,4,4,5,2,5,5,2,Perempuan
2,899,2,2,3,1,6,6,3,2,4,1,3,1,3,1,4,4,3,5,2,5,6,6,6,6,6,3,6,4,3,5,6,4,6,6,2,Perempuan
2,902,2,3,1,3,7,6,1,7,1,1,6,7,7,5,1,1,1,6,3,7,7,2,2,6,1,7,6,2,6,2,7,6,7,3,3,Laki-Laki
2,904,4,2,3,3,4,5,3,3,3,2,3,2,3,2,1,2,2,4,3,4,5,4,4,5,5,4,5,5,4,3,5,3,4,5,3,Perempuan
2,908,1,1,1,1,7,1,1,1,1,1,1,1,1,1,1,1,1,7,4,6,7,1,7,7,7,7,7,7,4,7,7,7,7,7,4,Laki-Laki
2,910,4,5,2,4,5,4,2,3,5,1,5,1,3,1,2,2,1,5,5,7,4,5,1,6,6,2,4,4,5,3,4,6,7,7,4,Laki-Laki
2,915,2,2,3,3,3,3,3,2,2,2,4,3,5,3,3,4,2,5,3,6,5,5,5,5,7,4,5,4,5,3,5,4,4,5,6,Laki-Laki
2,926,4,2,7,4,7,4,7,2,7,3,6,2,6,4,6,7,6,4,2,3,4,6,6,2,3,2,5,1,2,1,3,4,2,6,6,Perempuan
2,935,2,2,5,6,3,6,4,5,4,6,6,5,5,6,5,5,5,5,3,3,3,5,3,5,3,4,3,3,3,3,2,5,3,4,8,Laki-Laki
2,946,1,1,4,3,5,6,2,1,3,1,2,1,5,3,1,2,1,7,7,4,3,4,5,5,7,4,4,6,4,3,7,4,6,7,1,Perempuan
2,950,4,3,3,3,5,6,5,5,5,5,7,3,4,6,4,6,5,5,5,3,4,3,2,3,3,2,3,2,3,3,4,2,3,3,6,Laki-Laki
2,952,5,4,2,2,6,5,2,2,5,1,2,2,2,2,1,1,2,5,3,4,6,2,6,6,7,4,6,6,6,5,7,6,5,7,1,Perempuan
2,959,4,4,7,7,7,7,7,7,7,7,7,7,7,7,7,7,7,4,4,1,1,1,1,1,1,1,1,1,1,1,1,1,1,1,11,Laki-Laki
2,961,3,5,2,1,7,3,2,5,1,1,1,1,3,1,1,5,1,7,4,6,4,2,6,6,5,7,6,7,5,5,5,6,6,3,1,Laki-Laki
2,964,5,4,7,4,7,7,6,5,7,6,3,1,7,1,3,4,5,6,4,3,6,5,5,4,5,3,6,7,7,4,6,5,6,7,1,Laki-Laki
2,969,2,2,1,2,3,4,3,5,2,1,1,1,1,1,2,2,2,3,6,7,4,5,5,5,2,6,6,6,5,6,4,6,4,1,6,Perempuan
2,982,1,1,2,2,4,3,2,2,4,1,1,1,4,1,1,1,2,6,4,3,4,4,4,4,4,4,4,6,4,4,6,4,4,4,1,Perempuan
2,1008,2,2,2,3,3,5,2,2,3,2,2,3,3,3,3,4,4,5,4,5,4,5,6,4,5,4,5,6,4,4,3,5,3,3,4,Perempuan
2,1015,4,3,6,6,7,7,4,1,6,4,6,3,6,5,5,6,5,3,3,3,2,2,2,5,2,2,3,4,3,2,2,3,2,2,3,Perempuan
2,1020,2,2,4,2,5,6,2,2,7,3,7,3,6,3,2,2,2,6,5,4,7,5,5,7,7,2,2,3,3,3,2,3,3,2,1,Perempuan
2,1025,5,7,6,5,7,7,6,6,6,5,7,6,7,7,5,7,7,6,7,4,4,5,6,4,5,4,5,3,2,2,4,4,2,4,8,Perempuan
2,1035,2,3,2,2,3,5,2,1,2,1,1,2,2,2,1,5,1,6,2,4,5,5,6,7,7,6,4,7,4,5,4,6,5,7,2,Perempuan
2,1038,4,2,3,2,3,7,5,2,4,6,6,3,6,6,5,1,2,5,6,3,6,7,4,2,3,3,2,1,4,2,1,5,2,7,2,Perempuan
2,1041,7,4,4,2,5,7,6,2,2,2,2,4,7,5,2,2,2,5,4,4,6,6,5,4,6,6,4,7,4,6,6,4,4,5,1,Laki-Laki
2,1043,7,1,2,1,7,7,5,6,2,2,2,2,7,6,2,1,6,7,4,5,6,6,7,3,6,6,7,6,7,1,4,2,2,2,3,Laki-Laki
2,1046,6,6,2,2,6,7,2,6,5,7,7,7,6,7,4,6,6,2,2,6,2,2,6,6,2,3,2,1,4,1,1,2,2,5,11,Laki-Laki
2,1050,3,4,5,5,6,6,4,3,5,3,6,4,6,4,5,5,4,4,4,4,5,5,5,5,6,3,5,6,5,3,4,4,5,5,8,Laki-Laki
2,1069,5,4,5,5,6,6,5,5,5,5,6,6,5,6,6,6,6,5,5,6,5,6,6,5,6,5,6,6,5,5,5,6,5,5,8,Perempuan
2,1070,4,2,3,2,3,2,4,2,2,2,2,1,2,2,1,2,2,2,2,2,2,4,3,3,2,7,4,2,2,4,6,4,5,7,3,Laki-Laki
2,1073,1,6,2,2,7,7,2,2,6,2,6,6,6,6,2,2,3,7,1,2,6,6,6,2,5,2,5,2,3,2,6,5,5,2,2,Perempuan
2,1091,5,3,2,4,4,6,4,5,5,4,6,3,5,4,4,5,4,3,3,5,4,4,3,3,5,3,4,2,3,3,4,4,3,5,5,Perempuan
2,1093,2,1,3,2,3,7,3,3,5,2,6,4,6,3,2,3,3,5,3,3,6,6,6,5,5,3,6,1,3,2,4,3,5,3,8,Perempuan
2,1097,3,2,2,2,6,7,1,4,7,3,5,2,7,3,3,5,2,6,3,6,7,2,7,7,4,1,6,3,2,1,2,4,2,7,1,Perempuan
2,1098,6,6,5,6,6,6,6,6,6,2,6,2,6,6,6,6,6,2,2,2,2,2,6,2,2,5,2,2,2,2,2,3,5,2,11,Perempuan
2,1103,3,3,3,6,7,7,6,5,6,6,6,6,7,7,5,6,6,6,3,4,6,2,2,2,2,1,2,1,2,2,3,6,2,3,11,Laki-Laki
2,1109,1,1,4,1,4,7,4,1,1,4,7,1,1,1,1,5,5,7,4,1,6,6,4,4,1,7,4,5,4,1,1,1,7,1,4,Perempuan
2,1111,3,2,2,2,4,5,2,3,6,2,2,2,6,2,5,6,7,6,4,6,6,6,6,6,6,2,4,6,2,2,5,5,3,5,1,Perempuan
2,1112,6,2,3,7,3,7,2,5,4,5,6,6,2,3,2,4,3,5,2,3,2,6,6,7,2,2,5,5,2,2,7,4,2,2,3,Perempuan
2,1121,5,3,2,3,4,6,3,5,6,1,5,1,7,4,5,6,2,4,1,6,6,3,3,6,6,1,6,4,2,2,4,6,3,5,5,Perempuan
2,1124,7,5,4,7,7,7,4,7,7,5,7,7,5,7,7,7,5,2,2,3,3,3,2,4,3,2,3,2,3,4,2,4,2,3,9,Laki-Laki
2,1127,3,3,3,3,5,7,2,3,1,2,7,4,7,5,4,4,5,5,3,4,5,2,1,4,6,6,2,1,2,1,2,5,2,2,7,Laki-Laki
2,1129,2,2,2,5,4,7,7,7,7,5,7,6,5,7,7,7,7,2,2,3,4,4,3,3,3,3,3,2,2,2,1,1,1,1,11,Perempuan
2,1143,1,1,1,1,2,5,2,3,6,1,1,2,2,4,1,2,2,6,7,7,7,7,2,3,6,2,3,7,5,5,6,7,6,7,1,Laki-Laki
2,1148,5,7,6,7,6,6,6,5,3,5,3,7,6,4,5,6,7,3,1,1,1,6,5,6,2,6,2,5,2,2,6,6,2,3,11,Perempuan
2,1150,4,2,3,3,5,3,1,2,4,1,2,1,4,1,1,2,1,4,3,5,4,4,6,7,6,2,5,5,4,3,4,6,5,7,1,Perempuan
2,1155,1,1,1,1,1,4,1,1,1,1,1,1,2,1,1,4,1,1,1,7,7,7,7,7,7,7,4,5,4,2,7,4,3,7,1,Perempuan
2,1157,7,4,1,4,4,7,7,7,7,4,7,7,7,7,7,7,7,5,4,7,7,4,1,1,2,1,3,1,3,1,3,1,1,2,11,Laki-Laki
2,1165,6,1,4,7,7,7,7,2,7,1,6,1,7,7,7,7,7,7,1,4,7,7,7,1,7,1,7,7,4,1,1,7,1,7,11,Perempuan
2,1166,4,1,1,1,4,7,1,1,1,1,7,1,7,7,1,5,1,6,7,6,7,7,5,5,7,7,5,1,4,1,5,4,4,7,1,Laki-Laki
2,1167,5,4,6,6,6,7,1,5,6,6,7,7,7,7,6,6,4,3,4,6,6,5,6,1,6,6,5,5,6,5,6,4,5,4,10,Perempuan
2,1169,2,1,1,2,1,1,2,2,6,1,1,1,2,1,2,1,1,6,6,6,6,5,6,6,6,5,7,7,7,7,5,6,6,7,6,Laki-Laki
2,1174,6,6,6,6,6,6,6,6,7,6,6,6,6,6,6,6,6,2,2,2,1,2,2,2,2,1,2,2,2,2,2,2,2,2,10,Perempuan
2,1176,1,1,1,1,3,3,2,1,1,2,7,1,1,1,1,3,1,1,6,6,6,5,5,5,2,7,7,7,6,6,6,6,5,7,1,Laki-Laki
2,1178,5,5,5,5,4,4,4,4,4,4,4,4,5,4,4,4,5,3,3,3,3,3,3,3,3,3,2,2,2,2,2,3,2,2,10,Perempuan
2,1179,1,1,1,1,1,1,2,1,1,5,1,1,2,1,2,3,1,5,2,6,6,6,5,5,7,6,5,7,7,5,7,6,6,5,6,Perempuan
2,1180,6,3,3,3,4,5,3,2,3,3,6,1,2,2,1,1,2,5,4,3,3,3,5,4,5,5,4,3,3,3,4,2,5,5,3,Perempuan
2,1182,3,3,3,4,5,6,5,2,4,5,5,3,5,6,5,5,3,3,3,5,6,3,3,3,5,3,3,4,4,3,3,5,3,3,9,Perempuan
2,1185,5,5,4,4,5,5,5,5,4,3,6,4,5,4,5,5,5,4,3,4,4,3,4,3,4,3,4,3,5,3,4,3,4,3,5,Perempuan
2,1187,4,4,1,1,4,4,4,4,4,4,7,1,4,4,4,4,4,4,4,7,4,4,4,4,4,4,4,1,4,4,4,4,4,4,6,Laki-Laki
2,1191,6,6,2,6,6,7,7,5,2,1,6,1,7,1,5,6,5,6,6,2,2,2,1,3,3,5,4,2,3,1,6,5,3,7,5,Laki-Laki
2,1193,4,1,6,1,7,7,1,7,7,1,7,1,7,1,7,7,7,7,1,7,7,1,1,7,7,1,1,7,1,1,1,1,1,7,1,Perempuan
2,1201,2,3,4,3,3,3,3,4,2,3,3,3,3,3,2,3,3,4,4,5,5,5,5,5,4,4,3,5,5,5,2,3,3,3,5,Perempuan
2,1203,3,3,3,3,4,6,3,3,5,1,4,1,2,2,3,5,1,3,3,5,6,4,2,6,5,3,6,2,4,5,7,3,3,5,2,Perempuan
2,1204,7,2,4,3,6,5,4,4,3,2,2,1,6,1,2,3,2,7,5,6,7,4,3,5,6,6,7,5,4,4,7,4,6,6,1,Perempuan
2,1205,3,2,2,4,4,4,3,5,2,2,3,3,4,3,1,3,2,6,5,6,5,6,6,5,5,6,6,6,6,4,6,4,6,4,3,Perempuan
2,1206,6,4,4,2,6,7,4,2,2,2,2,5,7,5,1,2,2,5,4,5,5,6,6,4,6,6,6,6,5,2,7,2,6,2,1,Perempuan
2,1207,1,1,1,1,4,6,1,1,1,1,1,1,7,1,1,5,1,7,4,7,7,5,7,6,7,7,6,7,4,1,7,6,4,7,5,Laki-Laki
2,1211,3,2,2,2,1,5,3,2,1,1,7,1,2,2,2,2,3,3,2,4,6,6,1,5,6,6,2,1,4,6,5,6,5,6,5,Laki-Laki
2,1214,2,2,1,1,2,2,2,1,2,1,2,2,4,1,3,5,1,6,6,6,7,6,5,5,7,6,2,6,6,6,5,6,7,7,3,Perempuan
2,1223,3,2,6,2,1,3,1,1,5,1,1,1,1,1,1,1,1,7,2,4,6,6,2,7,7,2,7,7,4,5,6,6,6,7,1,Laki-Laki
2,1225,2,2,2,2,2,2,2,2,2,2,2,2,2,2,1,1,2,6,5,6,6,5,6,6,6,6,6,5,5,6,6,5,6,5,3,Laki-Laki
2,1232,6,3,1,5,7,7,5,7,5,6,7,6,7,7,5,6,7,3,3,7,5,2,1,2,2,2,1,1,3,1,1,1,1,1,11,Perempuan
2,1234,3,2,2,5,6,7,3,5,6,4,7,5,5,6,6,6,4,5,5,3,3,2,3,5,2,2,4,2,3,2,2,2,2,3,10,Perempuan
2,1237,4,4,4,4,5,7,4,3,4,4,6,3,5,4,4,5,4,4,4,4,4,4,6,4,4,4,4,4,4,4,4,4,3,4,6,Laki-Laki
2,1247,4,3,5,4,4,4,4,4,4,4,6,4,7,4,4,4,4,4,4,4,4,4,4,3,3,4,4,3,3,1,4,2,4,2,6,Perempuan
2,1249,2,2,2,2,4,4,4,5,4,1,5,1,5,3,3,3,5,5,4,4,5,3,4,3,2,3,4,3,3,2,4,3,4,2,6,Perempuan
2,1252,4,4,2,6,7,7,7,7,6,6,7,7,7,6,6,6,7,4,4,6,2,2,2,2,2,2,2,1,1,1,2,2,1,1,11,Laki-Laki
2,1253,3,2,2,4,5,6,3,2,2,3,5,3,5,3,2,4,5,5,3,5,6,3,5,4,3,4,3,2,5,2,5,3,5,4,4,Laki-Laki
2,1254,4,4,1,2,4,7,4,6,7,3,7,4,7,7,4,7,6,4,4,4,5,3,1,4,4,1,4,1,3,1,1,1,1,1,11,Laki-Laki
2,1256,5,6,6,6,6,6,5,6,5,6,7,6,7,7,5,5,6,3,3,5,5,5,4,5,5,4,4,5,6,5,6,5,5,4,10,Laki-Laki
2,1264,3,3,3,3,5,6,3,2,6,6,6,3,6,6,4,5,5,5,4,5,5,5,5,6,3,3,5,2,3,1,5,3,3,5,4,Perempuan
2,1282,4,6,7,7,5,7,7,4,7,4,6,4,7,4,7,7,6,5,3,2,1,5,2,3,4,1,5,2,4,1,4,4,2,4,10,Perempuan
2,1284,2,1,1,1,4,3,1,2,1,1,3,1,2,1,1,1,1,6,3,5,5,3,5,5,4,6,4,5,3,6,5,4,6,5,3,Perempuan
2,1286,2,2,2,2,3,5,2,4,2,2,4,2,4,3,2,4,4,5,2,6,6,3,3,5,5,2,4,4,3,5,4,3,5,4,1,Perempuan
2,1289,5,4,2,5,6,7,7,3,5,2,4,1,6,1,4,5,5,3,2,4,4,4,1,1,4,1,3,3,2,2,3,5,1,5,10,Perempuan
